Domain Code,Domain,Area Code (M49),Area,Element Code,Element,Item Code,Item,Year Code,Year,Unit,Value,Flag,Flag Description,Note
"FS","Suite of Food Security Indicators","004","Afghanistan","6121","Value","210041","Prevalence of undernourishment (percent) (3-year average)","20002002","2000-2002","%","45.8","E","Estimated value",""
"FS","Suite of Food Security Indicators","004","Afghanistan","6121","Value","210041","Prevalence of undernourishment (percent) (3-year average)","20012003","2001-2003","%","43.5","E","Estimated value",""
"FS","Suite of Food Security Indicators","004","Afghanistan","6121","Value","210041","Prevalence of undernourishment (percent) (3-year average)","20022004","2002-2004","%","38.7","E","Estimated value",""
"FS","Suite of Food Security Indicators","004","Afghanistan","6121","Value","210041","Prevalence of undernourishment (percent) (3-year average)","20032005","2003-2005","%","34.6","E","Estimated value",""
"FS","Suite of Food Security Indicators","004","Afghanistan","6121","Value","210041","Prevalence of undernourishment (percent) (3-year average)","20042006","2004-2006","%","30.6","E","Estimated value",""
"FS","Suite of Food Security Indicators","004","Afghanistan","6121","Value","210041","Prevalence of undernourishment (percent) (3-year average)","20052007","2005-2007","%","26.6","E","Estimated value",""
"FS","Suite of Food Security Indicators","004","Afghanistan","6121","Value","210041","Prevalence of undernourishment (percent) (3-year average)","20062008","2006-2008","%","22.7","E","Estimated value",""
"FS","Suite of Food Security Indicators","004","Afghanistan","6121","Value","210041","Prevalence of undernourishment (percent) (3-year average)","20072009","2007-2009","%","19.7","E","Estimated value",""
"FS","Suite of Food Security Indicators","004","Afghanistan","6121","Value","210041","Prevalence of undernourishment (percent) (3-year average)","20082010","2008-2010","%","17.6","E","Estimated value",""
"FS","Suite of Food Security Indicators","004","Afghanistan","6121","Value","210041","Prevalence of undernourishment (percent) (3-year average)","20092011","2009-2011","%","17.7","E","Estimated value",""
"FS","Suite of Food Security Indicators","004","Afghanistan","6121","Value","210041","Prevalence of undernourishment (percent) (3-year average)","20102012","2010-2012","%","18.6","E","Estimated value",""
"FS","Suite of Food Security Indicators","004","Afghanistan","6121","Value","210041","Prevalence of undernourishment (percent) (3-year average)","20112013","2011-2013","%","19.7","E","Estimated value",""
"FS","Suite of Food Security Indicators","004","Afghanistan","6121","Value","210041","Prevalence of undernourishment (percent) (3-year average)","20122014","2012-2014","%","19.4","E","Estimated value",""
"FS","Suite of Food Security Indicators","004","Afghanistan","6121","Value","210041","Prevalence of undernourishment (percent) (3-year average)","20132015","2013-2015","%","19.3","E","Estimated value",""
"FS","Suite of Food Security Indicators","004","Afghanistan","6121","Value","210041","Prevalence of undernourishment (percent) (3-year average)","20142016","2014-2016","%","19.9","E","Estimated value",""
"FS","Suite of Food Security Indicators","004","Afghanistan","6121","Value","210041","Prevalence of undernourishment (percent) (3-year average)","20152017","2015-2017","%","20.4","E","Estimated value",""
"FS","Suite of Food Security Indicators","004","Afghanistan","6121","Value","210041","Prevalence of undernourishment (percent) (3-year average)","20162018","2016-2018","%","21.3","E","Estimated value",""
"FS","Suite of Food Security Indicators","004","Afghanistan","6121","Value","210041","Prevalence of undernourishment (percent) (3-year average)","20172019","2017-2019","%","22.6","E","Estimated value",""
"FS","Suite of Food Security Indicators","004","Afghanistan","6121","Value","210041","Prevalence of undernourishment (percent) (3-year average)","20182020","2018-2020","%","25.1","E","Estimated value",""
"FS","Suite of Food Security Indicators","004","Afghanistan","6121","Value","210041","Prevalence of undernourishment (percent) (3-year average)","20192021","2019-2021","%","27.5","E","Estimated value",""
"FS","Suite of Food Security Indicators","004","Afghanistan","6121","Value","210041","Prevalence of undernourishment (percent) (3-year average)","20202022","2020-2022","%","28.8","E","Estimated value",""
"FS","Suite of Food Security Indicators","004","Afghanistan","6121","Value","210041","Prevalence of undernourishment (percent) (3-year average)","20212023","2021-2023","%","28.9","E","Estimated value",""
"FS","Suite of Food Security Indicators","004","Afghanistan","6121","Value","210041","Prevalence of undernourishment (percent) (3-year average)","20222024","2022-2024","%","28.1","E","Estimated value",""
"FS","Suite of Food Security Indicators","008","Albania","6121","Value","210041","Prevalence of undernourishment (percent) (3-year average)","20002002","2000-2002","%","4.8","E","Estimated value",""
"FS","Suite of Food Security Indicators","008","Albania","6121","Value","210041","Prevalence of undernourishment (percent) (3-year average)","20012003","2001-2003","%","5.9","E","Estimated value",""
"FS","Suite of Food Security Indicators","008","Albania","6121","Value","210041","Prevalence of undernourishment (percent) (3-year average)","20022004","2002-2004","%","7.3","E","Estimated value",""
"FS","Suite of Food Security Indicators","008","Albania","6121","Value","210041","Prevalence of undernourishment (percent) (3-year average)","20032005","2003-2005","%","8.5","E","Estimated value",""
"FS","Suite of Food Security Indicators","008","Albania","6121","Value","210041","Prevalence of undernourishment (percent) (3-year average)","20042006","2004-2006","%","8.8","E","Estimated value",""
"FS","Suite of Food Security Indicators","008","Albania","6121","Value","210041","Prevalence of undernourishment (percent) (3-year average)","20052007","2005-2007","%","8.7","E","Estimated value",""
"FS","Suite of Food Security Indicators","008","Albania","6121","Value","210041","Prevalence of undernourishment (percent) (3-year average)","20062008","2006-2008","%","8.2","E","Estimated value",""
"FS","Suite of Food Security Indicators","008","Albania","6121","Value","210041","Prevalence of undernourishment (percent) (3-year average)","20072009","2007-2009","%","7.3","E","Estimated value",""
"FS","Suite of Food Security Indicators","008","Albania","6121","Value","210041","Prevalence of undernourishment (percent) (3-year average)","20082010","2008-2010","%","6.1","E","Estimated value",""
"FS","Suite of Food Security Indicators","008","Albania","6121","Value","210041","Prevalence of undernourishment (percent) (3-year average)","20092011","2009-2011","%","5.4","E","Estimated value",""
"FS","Suite of Food Security Indicators","008","Albania","6121","Value","210041","Prevalence of undernourishment (percent) (3-year average)","20102012","2010-2012","%","4.9","E","Estimated value",""
"FS","Suite of Food Security Indicators","008","Albania","6121","Value","210041","Prevalence of undernourishment (percent) (3-year average)","20112013","2011-2013","%","4.6","E","Estimated value",""
"FS","Suite of Food Security Indicators","008","Albania","6121","Value","210041","Prevalence of undernourishment (percent) (3-year average)","20122014","2012-2014","%","4.6","E","Estimated value",""
"FS","Suite of Food Security Indicators","008","Albania","6121","Value","210041","Prevalence of undernourishment (percent) (3-year average)","20132015","2013-2015","%","4.6","E","Estimated value",""
"FS","Suite of Food Security Indicators","008","Albania","6121","Value","210041","Prevalence of undernourishment (percent) (3-year average)","20142016","2014-2016","%","4.5","E","Estimated value",""
"FS","Suite of Food Security Indicators","008","Albania","6121","Value","210041","Prevalence of undernourishment (percent) (3-year average)","20152017","2015-2017","%","4.4","E","Estimated value",""
"FS","Suite of Food Security Indicators","008","Albania","6121","Value","210041","Prevalence of undernourishment (percent) (3-year average)","20162018","2016-2018","%","4.3","E","Estimated value",""
"FS","Suite of Food Security Indicators","008","Albania","6121","Value","210041","Prevalence of undernourishment (percent) (3-year average)","20172019","2017-2019","%","4.3","E","Estimated value",""
"FS","Suite of Food Security Indicators","008","Albania","6121","Value","210041","Prevalence of undernourishment (percent) (3-year average)","20182020","2018-2020","%","4.3","E","Estimated value",""
"FS","Suite of Food Security Indicators","008","Albania","6121","Value","210041","Prevalence of undernourishment (percent) (3-year average)","20192021","2019-2021","%","5.4","E","Estimated value",""
"FS","Suite of Food Security Indicators","008","Albania","6121","Value","210041","Prevalence of undernourishment (percent) (3-year average)","20202022","2020-2022","%","5.8","E","Estimated value",""
"FS","Suite of Food Security Indicators","008","Albania","6121","Value","210041","Prevalence of undernourishment (percent) (3-year average)","20212023","2021-2023","%","6.2","E","Estimated value",""
"FS","Suite of Food Security Indicators","008","Albania","6121","Value","210041","Prevalence of undernourishment (percent) (3-year average)","20222024","2022-2024","%","5.4","E","Estimated value",""
"FS","Suite of Food Security Indicators","012","Algeria","6121","Value","210041","Prevalence of undernourishment (percent) (3-year average)","20002002","2000-2002","%","7.3","E","Estimated value",""
"FS","Suite of Food Security Indicators","012","Algeria","6121","Value","210041","Prevalence of undernourishment (percent) (3-year average)","20012003","2001-2003","%","6.7","E","Estimated value",""
"FS","Suite of Food Security Indicators","012","Algeria","6121","Value","210041","Prevalence of undernourishment (percent) (3-year average)","20022004","2002-2004","%","6.4","E","Estimated value",""
"FS","Suite of Food Security Indicators","012","Algeria","6121","Value","210041","Prevalence of undernourishment (percent) (3-year average)","20032005","2003-2005","%","6.4","E","Estimated value",""
"FS","Suite of Food Security Indicators","012","Algeria","6121","Value","210041","Prevalence of undernourishment (percent) (3-year average)","20042006","2004-2006","%","6.1","E","Estimated value",""
"FS","Suite of Food Security Indicators","012","Algeria","6121","Value","210041","Prevalence of undernourishment (percent) (3-year average)","20052007","2005-2007","%","5.8","E","Estimated value",""
"FS","Suite of Food Security Indicators","012","Algeria","6121","Value","210041","Prevalence of undernourishment (percent) (3-year average)","20062008","2006-2008","%","5.3","E","Estimated value",""
"FS","Suite of Food Security Indicators","012","Algeria","6121","Value","210041","Prevalence of undernourishment (percent) (3-year average)","20072009","2007-2009","%","5","E","Estimated value",""
"FS","Suite of Food Security Indicators","012","Algeria","6121","Value","210041","Prevalence of undernourishment (percent) (3-year average)","20082010","2008-2010","%","4.7","E","Estimated value",""
"FS","Suite of Food Security Indicators","012","Algeria","6121","Value","210041","Prevalence of undernourishment (percent) (3-year average)","20092011","2009-2011","%","4.1","E","Estimated value",""
"FS","Suite of Food Security Indicators","012","Algeria","6121","Value","210041","Prevalence of undernourishment (percent) (3-year average)","20102012","2010-2012","%","3.7","E","Estimated value",""
"FS","Suite of Food Security Indicators","012","Algeria","6121","Value","210041","Prevalence of undernourishment (percent) (3-year average)","20112013","2011-2013","%","3.1","E","Estimated value",""
"FS","Suite of Food Security Indicators","012","Algeria","6121","Value","210041","Prevalence of undernourishment (percent) (3-year average)","20122014","2012-2014","%","2.9","E","Estimated value",""
"FS","Suite of Food Security Indicators","012","Algeria","6121","Value","210041","Prevalence of undernourishment (percent) (3-year average)","20132015","2013-2015","%","2.7","E","Estimated value",""
"FS","Suite of Food Security Indicators","012","Algeria","6121","Value","210041","Prevalence of undernourishment (percent) (3-year average)","20142016","2014-2016","%","2.6","E","Estimated value",""
"FS","Suite of Food Security Indicators","012","Algeria","6121","Value","210041","Prevalence of undernourishment (percent) (3-year average)","20152017","2015-2017","%","2.6","E","Estimated value",""
"FS","Suite of Food Security Indicators","012","Algeria","6121","Value","210041","Prevalence of undernourishment (percent) (3-year average)","20162018","2016-2018","%","2.5","E","Estimated value",""
"FS","Suite of Food Security Indicators","012","Algeria","6121","Value","210041","Prevalence of undernourishment (percent) (3-year average)","20172019","2017-2019","%","<2.5","E","Estimated value",""
"FS","Suite of Food Security Indicators","012","Algeria","6121","Value","210041","Prevalence of undernourishment (percent) (3-year average)","20182020","2018-2020","%","<2.5","E","Estimated value",""
"FS","Suite of Food Security Indicators","012","Algeria","6121","Value","210041","Prevalence of undernourishment (percent) (3-year average)","20192021","2019-2021","%","<2.5","E","Estimated value",""
"FS","Suite of Food Security Indicators","012","Algeria","6121","Value","210041","Prevalence of undernourishment (percent) (3-year average)","20202022","2020-2022","%","<2.5","E","Estimated value",""
"FS","Suite of Food Security Indicators","012","Algeria","6121","Value","210041","Prevalence of undernourishment (percent) (3-year average)","20212023","2021-2023","%","<2.5","E","Estimated value",""
"FS","Suite of Food Security Indicators","012","Algeria","6121","Value","210041","Prevalence of undernourishment (percent) (3-year average)","20222024","2022-2024","%","<2.5","E","Estimated value",""
"FS","Suite of Food Security Indicators","016","American Samoa","6121","Value","210041","Prevalence of undernourishment (percent) (3-year average)","20002002","2000-2002","%","","O","Missing value",""
"FS","Suite of Food Security Indicators","016","American Samoa","6121","Value","210041","Prevalence of undernourishment (percent) (3-year average)","20012003","2001-2003","%","","O","Missing value",""
"FS","Suite of Food Security Indicators","016","American Samoa","6121","Value","210041","Prevalence of undernourishment (percent) (3-year average)","20022004","2002-2004","%","","O","Missing value",""
"FS","Suite of Food Security Indicators","016","American Samoa","6121","Value","210041","Prevalence of undernourishment (percent) (3-year average)","20032005","2003-2005","%","","O","Missing value",""
"FS","Suite of Food Security Indicators","016","American Samoa","6121","Value","210041","Prevalence of undernourishment (percent) (3-year average)","20042006","2004-2006","%","","O","Missing value",""
"FS","Suite of Food Security Indicators","016","American Samoa","6121","Value","210041","Prevalence of undernourishment (percent) (3-year average)","20052007","2005-2007","%","","O","Missing value",""
"FS","Suite of Food Security Indicators","016","American Samoa","6121","Value","210041","Prevalence of undernourishment (percent) (3-year average)","20062008","2006-2008","%","","O","Missing value",""
"FS","Suite of Food Security Indicators","016","American Samoa","6121","Value","210041","Prevalence of undernourishment (percent) (3-year average)","20072009","2007-2009","%","","O","Missing value",""
"FS","Suite of Food Security Indicators","016","American Samoa","6121","Value","210041","Prevalence of undernourishment (percent) (3-year average)","20082010","2008-2010","%","","O","Missing value",""
"FS","Suite of Food Security Indicators","016","American Samoa","6121","Value","210041","Prevalence of undernourishment (percent) (3-year average)","20092011","2009-2011","%","","O","Missing value",""
"FS","Suite of Food Security Indicators","016","American Samoa","6121","Value","210041","Prevalence of undernourishment (percent) (3-year average)","20102012","2010-2012","%","","O","Missing value",""
"FS","Suite of Food Security Indicators","016","American Samoa","6121","Value","210041","Prevalence of undernourishment (percent) (3-year average)","20112013","2011-2013","%","","O","Missing value",""
"FS","Suite of Food Security Indicators","016","American Samoa","6121","Value","210041","Prevalence of undernourishment (percent) (3-year average)","20122014","2012-2014","%","","O","Missing value",""
"FS","Suite of Food Security Indicators","016","American Samoa","6121","Value","210041","Prevalence of undernourishment (percent) (3-year average)","20132015","2013-2015","%","","O","Missing value",""
"FS","Suite of Food Security Indicators","016","American Samoa","6121","Value","210041","Prevalence of undernourishment (percent) (3-year average)","20142016","2014-2016","%","","O","Missing value",""
"FS","Suite of Food Security Indicators","016","American Samoa","6121","Value","210041","Prevalence of undernourishment (percent) (3-year average)","20152017","2015-2017","%","","O","Missing value",""
"FS","Suite of Food Security Indicators","016","American Samoa","6121","Value","210041","Prevalence of undernourishment (percent) (3-year average)","20162018","2016-2018","%","","O","Missing value",""
"FS","Suite of Food Security Indicators","016","American Samoa","6121","Value","210041","Prevalence of undernourishment (percent) (3-year average)","20172019","2017-2019","%","","O","Missing value",""
"FS","Suite of Food Security Indicators","016","American Samoa","6121","Value","210041","Prevalence of undernourishment (percent) (3-year average)","20182020","2018-2020","%","","O","Missing value",""
"FS","Suite of Food Security Indicators","016","American Samoa","6121","Value","210041","Prevalence of undernourishment (percent) (3-year average)","20192021","2019-2021","%","","O","Missing value",""
"FS","Suite of Food Security Indicators","016","American Samoa","6121","Value","210041","Prevalence of undernourishment (percent) (3-year average)","20202022","2020-2022","%","","O","Missing value",""
"FS","Suite of Food Security Indicators","016","American Samoa","6121","Value","210041","Prevalence of undernourishment (percent) (3-year average)","20212023","2021-2023","%","","O","Missing value",""
"FS","Suite of Food Security Indicators","016","American Samoa","6121","Value","210041","Prevalence of undernourishment (percent) (3-year average)","20222024","2022-2024","%","","O","Missing value",""
"FS","Suite of Food Security Indicators","020","Andorra","6121","Value","210041","Prevalence of undernourishment (percent) (3-year average)","20002002","2000-2002","%","","O","Missing value",""
"FS","Suite of Food Security Indicators","020","Andorra","6121","Value","210041","Prevalence of undernourishment (percent) (3-year average)","20012003","2001-2003","%","","O","Missing value",""
"FS","Suite of Food Security Indicators","020","Andorra","6121","Value","210041","Prevalence of undernourishment (percent) (3-year average)","20022004","2002-2004","%","","O","Missing value",""
"FS","Suite of Food Security Indicators","020","Andorra","6121","Value","210041","Prevalence of undernourishment (percent) (3-year average)","20032005","2003-2005","%","","O","Missing value",""
"FS","Suite of Food Security Indicators","020","Andorra","6121","Value","210041","Prevalence of undernourishment (percent) (3-year average)","20042006","2004-2006","%","","O","Missing value",""
"FS","Suite of Food Security Indicators","020","Andorra","6121","Value","210041","Prevalence of undernourishment (percent) (3-year average)","20052007","2005-2007","%","","O","Missing value",""
"FS","Suite of Food Security Indicators","020","Andorra","6121","Value","210041","Prevalence of undernourishment (percent) (3-year average)","20062008","2006-2008","%","","O","Missing value",""
"FS","Suite of Food Security Indicators","020","Andorra","6121","Value","210041","Prevalence of undernourishment (percent) (3-year average)","20072009","2007-2009","%","","O","Missing value",""
"FS","Suite of Food Security Indicators","020","Andorra","6121","Value","210041","Prevalence of undernourishment (percent) (3-year average)","20082010","2008-2010","%","","O","Missing value",""
"FS","Suite of Food Security Indicators","020","Andorra","6121","Value","210041","Prevalence of undernourishment (percent) (3-year average)","20092011","2009-2011","%","","O","Missing value",""
"FS","Suite of Food Security Indicators","020","Andorra","6121","Value","210041","Prevalence of undernourishment (percent) (3-year average)","20102012","2010-2012","%","","O","Missing value",""
"FS","Suite of Food Security Indicators","020","Andorra","6121","Value","210041","Prevalence of undernourishment (percent) (3-year average)","20112013","2011-2013","%","","O","Missing value",""
"FS","Suite of Food Security Indicators","020","Andorra","6121","Value","210041","Prevalence of undernourishment (percent) (3-year average)","20122014","2012-2014","%","","O","Missing value",""
"FS","Suite of Food Security Indicators","020","Andorra","6121","Value","210041","Prevalence of undernourishment (percent) (3-year average)","20132015","2013-2015","%","","O","Missing value",""
"FS","Suite of Food Security Indicators","020","Andorra","6121","Value","210041","Prevalence of undernourishment (percent) (3-year average)","20142016","2014-2016","%","","O","Missing value",""
"FS","Suite of Food Security Indicators","020","Andorra","6121","Value","210041","Prevalence of undernourishment (percent) (3-year average)","20152017","2015-2017","%","","O","Missing value",""
"FS","Suite of Food Security Indicators","020","Andorra","6121","Value","210041","Prevalence of undernourishment (percent) (3-year average)","20162018","2016-2018","%","","O","Missing value",""
"FS","Suite of Food Security Indicators","020","Andorra","6121","Value","210041","Prevalence of undernourishment (percent) (3-year average)","20172019","2017-2019","%","","O","Missing value",""
"FS","Suite of Food Security Indicators","020","Andorra","6121","Value","210041","Prevalence of undernourishment (percent) (3-year average)","20182020","2018-2020","%","","O","Missing value",""
"FS","Suite of Food Security Indicators","020","Andorra","6121","Value","210041","Prevalence of undernourishment (percent) (3-year average)","20192021","2019-2021","%","","O","Missing value",""
"FS","Suite of Food Security Indicators","020","Andorra","6121","Value","210041","Prevalence of undernourishment (percent) (3-year average)","20202022","2020-2022","%","","O","Missing value",""
"FS","Suite of Food Security Indicators","020","Andorra","6121","Value","210041","Prevalence of undernourishment (percent) (3-year average)","20212023","2021-2023","%","","O","Missing value",""
"FS","Suite of Food Security Indicators","020","Andorra","6121","Value","210041","Prevalence of undernourishment (percent) (3-year average)","20222024","2022-2024","%","","O","Missing value",""
"FS","Suite of Food Security Indicators","024","Angola","6121","Value","210041","Prevalence of undernourishment (percent) (3-year average)","20002002","2000-2002","%","67.8","E","Estimated value",""
"FS","Suite of Food Security Indicators","024","Angola","6121","Value","210041","Prevalence of undernourishment (percent) (3-year average)","20012003","2001-2003","%","63.6","E","Estimated value",""
"FS","Suite of Food Security Indicators","024","Angola","6121","Value","210041","Prevalence of undernourishment (percent) (3-year average)","20022004","2002-2004","%","57.5","E","Estimated value",""
"FS","Suite of Food Security Indicators","024","Angola","6121","Value","210041","Prevalence of undernourishment (percent) (3-year average)","20032005","2003-2005","%","50.6","E","Estimated value",""
"FS","Suite of Food Security Indicators","024","Angola","6121","Value","210041","Prevalence of undernourishment (percent) (3-year average)","20042006","2004-2006","%","42.9","E","Estimated value",""
"FS","Suite of Food Security Indicators","024","Angola","6121","Value","210041","Prevalence of undernourishment (percent) (3-year average)","20052007","2005-2007","%","36","E","Estimated value",""
"FS","Suite of Food Security Indicators","024","Angola","6121","Value","210041","Prevalence of undernourishment (percent) (3-year average)","20062008","2006-2008","%","29.8","E","Estimated value",""
"FS","Suite of Food Security Indicators","024","Angola","6121","Value","210041","Prevalence of undernourishment (percent) (3-year average)","20072009","2007-2009","%","24.4","E","Estimated value",""
"FS","Suite of Food Security Indicators","024","Angola","6121","Value","210041","Prevalence of undernourishment (percent) (3-year average)","20082010","2008-2010","%","19.7","E","Estimated value",""
"FS","Suite of Food Security Indicators","024","Angola","6121","Value","210041","Prevalence of undernourishment (percent) (3-year average)","20092011","2009-2011","%","16.2","E","Estimated value",""
"FS","Suite of Food Security Indicators","024","Angola","6121","Value","210041","Prevalence of undernourishment (percent) (3-year average)","20102012","2010-2012","%","14.8","E","Estimated value",""
"FS","Suite of Food Security Indicators","024","Angola","6121","Value","210041","Prevalence of undernourishment (percent) (3-year average)","20112013","2011-2013","%","14","E","Estimated value",""
"FS","Suite of Food Security Indicators","024","Angola","6121","Value","210041","Prevalence of undernourishment (percent) (3-year average)","20122014","2012-2014","%","13.5","E","Estimated value",""
"FS","Suite of Food Security Indicators","024","Angola","6121","Value","210041","Prevalence of undernourishment (percent) (3-year average)","20132015","2013-2015","%","13.2","E","Estimated value",""
"FS","Suite of Food Security Indicators","024","Angola","6121","Value","210041","Prevalence of undernourishment (percent) (3-year average)","20142016","2014-2016","%","14.2","E","Estimated value",""
"FS","Suite of Food Security Indicators","024","Angola","6121","Value","210041","Prevalence of undernourishment (percent) (3-year average)","20152017","2015-2017","%","15.2","E","Estimated value",""
"FS","Suite of Food Security Indicators","024","Angola","6121","Value","210041","Prevalence of undernourishment (percent) (3-year average)","20162018","2016-2018","%","15.4","E","Estimated value",""
"FS","Suite of Food Security Indicators","024","Angola","6121","Value","210041","Prevalence of undernourishment (percent) (3-year average)","20172019","2017-2019","%","15.9","E","Estimated value",""
"FS","Suite of Food Security Indicators","024","Angola","6121","Value","210041","Prevalence of undernourishment (percent) (3-year average)","20182020","2018-2020","%","18.2","E","Estimated value",""
"FS","Suite of Food Security Indicators","024","Angola","6121","Value","210041","Prevalence of undernourishment (percent) (3-year average)","20192021","2019-2021","%","20.8","E","Estimated value",""
"FS","Suite of Food Security Indicators","024","Angola","6121","Value","210041","Prevalence of undernourishment (percent) (3-year average)","20202022","2020-2022","%","22.6","E","Estimated value",""
"FS","Suite of Food Security Indicators","024","Angola","6121","Value","210041","Prevalence of undernourishment (percent) (3-year average)","20212023","2021-2023","%","23.1","E","Estimated value",""
"FS","Suite of Food Security Indicators","024","Angola","6121","Value","210041","Prevalence of undernourishment (percent) (3-year average)","20222024","2022-2024","%","22.5","E","Estimated value",""
"FS","Suite of Food Security Indicators","028","Antigua and Barbuda","6121","Value","210041","Prevalence of undernourishment (percent) (3-year average)","20002002","2000-2002","%","","O","Missing value",""
"FS","Suite of Food Security Indicators","028","Antigua and Barbuda","6121","Value","210041","Prevalence of undernourishment (percent) (3-year average)","20012003","2001-2003","%","","O","Missing value",""
"FS","Suite of Food Security Indicators","028","Antigua and Barbuda","6121","Value","210041","Prevalence of undernourishment (percent) (3-year average)","20022004","2002-2004","%","","O","Missing value",""
"FS","Suite of Food Security Indicators","028","Antigua and Barbuda","6121","Value","210041","Prevalence of undernourishment (percent) (3-year average)","20032005","2003-2005","%","","O","Missing value",""
"FS","Suite of Food Security Indicators","028","Antigua and Barbuda","6121","Value","210041","Prevalence of undernourishment (percent) (3-year average)","20042006","2004-2006","%","","O","Missing value",""
"FS","Suite of Food Security Indicators","028","Antigua and Barbuda","6121","Value","210041","Prevalence of undernourishment (percent) (3-year average)","20052007","2005-2007","%","","O","Missing value",""
"FS","Suite of Food Security Indicators","028","Antigua and Barbuda","6121","Value","210041","Prevalence of undernourishment (percent) (3-year average)","20062008","2006-2008","%","","O","Missing value",""
"FS","Suite of Food Security Indicators","028","Antigua and Barbuda","6121","Value","210041","Prevalence of undernourishment (percent) (3-year average)","20072009","2007-2009","%","","O","Missing value",""
"FS","Suite of Food Security Indicators","028","Antigua and Barbuda","6121","Value","210041","Prevalence of undernourishment (percent) (3-year average)","20082010","2008-2010","%","","O","Missing value",""
"FS","Suite of Food Security Indicators","028","Antigua and Barbuda","6121","Value","210041","Prevalence of undernourishment (percent) (3-year average)","20092011","2009-2011","%","","O","Missing value",""
"FS","Suite of Food Security Indicators","028","Antigua and Barbuda","6121","Value","210041","Prevalence of undernourishment (percent) (3-year average)","20102012","2010-2012","%","","O","Missing value",""
"FS","Suite of Food Security Indicators","028","Antigua and Barbuda","6121","Value","210041","Prevalence of undernourishment (percent) (3-year average)","20112013","2011-2013","%","","O","Missing value",""
"FS","Suite of Food Security Indicators","028","Antigua and Barbuda","6121","Value","210041","Prevalence of undernourishment (percent) (3-year average)","20122014","2012-2014","%","","O","Missing value",""
"FS","Suite of Food Security Indicators","028","Antigua and Barbuda","6121","Value","210041","Prevalence of undernourishment (percent) (3-year average)","20132015","2013-2015","%","","O","Missing value",""
"FS","Suite of Food Security Indicators","028","Antigua and Barbuda","6121","Value","210041","Prevalence of undernourishment (percent) (3-year average)","20142016","2014-2016","%","","O","Missing value",""
"FS","Suite of Food Security Indicators","028","Antigua and Barbuda","6121","Value","210041","Prevalence of undernourishment (percent) (3-year average)","20152017","2015-2017","%","","O","Missing value",""
"FS","Suite of Food Security Indicators","028","Antigua and Barbuda","6121","Value","210041","Prevalence of undernourishment (percent) (3-year average)","20162018","2016-2018","%","","O","Missing value",""
"FS","Suite of Food Security Indicators","028","Antigua and Barbuda","6121","Value","210041","Prevalence of undernourishment (percent) (3-year average)","20172019","2017-2019","%","","O","Missing value",""
"FS","Suite of Food Security Indicators","028","Antigua and Barbuda","6121","Value","210041","Prevalence of undernourishment (percent) (3-year average)","20182020","2018-2020","%","","O","Missing value",""
"FS","Suite of Food Security Indicators","028","Antigua and Barbuda","6121","Value","210041","Prevalence of undernourishment (percent) (3-year average)","20192021","2019-2021","%","","O","Missing value",""
"FS","Suite of Food Security Indicators","028","Antigua and Barbuda","6121","Value","210041","Prevalence of undernourishment (percent) (3-year average)","20202022","2020-2022","%","","O","Missing value",""
"FS","Suite of Food Security Indicators","028","Antigua and Barbuda","6121","Value","210041","Prevalence of undernourishment (percent) (3-year average)","20212023","2021-2023","%","","O","Missing value",""
"FS","Suite of Food Security Indicators","028","Antigua and Barbuda","6121","Value","210041","Prevalence of undernourishment (percent) (3-year average)","20222024","2022-2024","%","","O","Missing value",""
"FS","Suite of Food Security Indicators","032","Argentina","6121","Value","210041","Prevalence of undernourishment (percent) (3-year average)","20002002","2000-2002","%","3","E","Estimated value",""
"FS","Suite of Food Security Indicators","032","Argentina","6121","Value","210041","Prevalence of undernourishment (percent) (3-year average)","20012003","2001-2003","%","3.7","E","Estimated value",""
"FS","Suite of Food Security Indicators","032","Argentina","6121","Value","210041","Prevalence of undernourishment (percent) (3-year average)","20022004","2002-2004","%","4.3","E","Estimated value",""
"FS","Suite of Food Security Indicators","032","Argentina","6121","Value","210041","Prevalence of undernourishment (percent) (3-year average)","20032005","2003-2005","%","3.9","E","Estimated value",""
"FS","Suite of Food Security Indicators","032","Argentina","6121","Value","210041","Prevalence of undernourishment (percent) (3-year average)","20042006","2004-2006","%","3.6","E","Estimated value",""
"FS","Suite of Food Security Indicators","032","Argentina","6121","Value","210041","Prevalence of undernourishment (percent) (3-year average)","20052007","2005-2007","%","3.3","E","Estimated value",""
"FS","Suite of Food Security Indicators","032","Argentina","6121","Value","210041","Prevalence of undernourishment (percent) (3-year average)","20062008","2006-2008","%","3.2","E","Estimated value",""
"FS","Suite of Food Security Indicators","032","Argentina","6121","Value","210041","Prevalence of undernourishment (percent) (3-year average)","20072009","2007-2009","%","3.2","E","Estimated value",""
"FS","Suite of Food Security Indicators","032","Argentina","6121","Value","210041","Prevalence of undernourishment (percent) (3-year average)","20082010","2008-2010","%","3.4","E","Estimated value",""
"FS","Suite of Food Security Indicators","032","Argentina","6121","Value","210041","Prevalence of undernourishment (percent) (3-year average)","20092011","2009-2011","%","3.7","E","Estimated value",""
"FS","Suite of Food Security Indicators","032","Argentina","6121","Value","210041","Prevalence of undernourishment (percent) (3-year average)","20102012","2010-2012","%","3.7","E","Estimated value",""
"FS","Suite of Food Security Indicators","032","Argentina","6121","Value","210041","Prevalence of undernourishment (percent) (3-year average)","20112013","2011-2013","%","3.6","E","Estimated value",""
"FS","Suite of Food Security Indicators","032","Argentina","6121","Value","210041","Prevalence of undernourishment (percent) (3-year average)","20122014","2012-2014","%","3.2","E","Estimated value",""
"FS","Suite of Food Security Indicators","032","Argentina","6121","Value","210041","Prevalence of undernourishment (percent) (3-year average)","20132015","2013-2015","%","2.9","E","Estimated value",""
"FS","Suite of Food Security Indicators","032","Argentina","6121","Value","210041","Prevalence of undernourishment (percent) (3-year average)","20142016","2014-2016","%","2.9","E","Estimated value",""
"FS","Suite of Food Security Indicators","032","Argentina","6121","Value","210041","Prevalence of undernourishment (percent) (3-year average)","20152017","2015-2017","%","3.2","E","Estimated value",""
"FS","Suite of Food Security Indicators","032","Argentina","6121","Value","210041","Prevalence of undernourishment (percent) (3-year average)","20162018","2016-2018","%","3.5","E","Estimated value",""
"FS","Suite of Food Security Indicators","032","Argentina","6121","Value","210041","Prevalence of undernourishment (percent) (3-year average)","20172019","2017-2019","%","3.7","E","Estimated value",""
"FS","Suite of Food Security Indicators","032","Argentina","6121","Value","210041","Prevalence of undernourishment (percent) (3-year average)","20182020","2018-2020","%","3.6","E","Estimated value",""
"FS","Suite of Food Security Indicators","032","Argentina","6121","Value","210041","Prevalence of undernourishment (percent) (3-year average)","20192021","2019-2021","%","3.5","E","Estimated value",""
"FS","Suite of Food Security Indicators","032","Argentina","6121","Value","210041","Prevalence of undernourishment (percent) (3-year average)","20202022","2020-2022","%","3.4","E","Estimated value",""
"FS","Suite of Food Security Indicators","032","Argentina","6121","Value","210041","Prevalence of undernourishment (percent) (3-year average)","20212023","2021-2023","%","3.3","E","Estimated value",""
"FS","Suite of Food Security Indicators","032","Argentina","6121","Value","210041","Prevalence of undernourishment (percent) (3-year average)","20222024","2022-2024","%","3.4","E","Estimated value",""
"FS","Suite of Food Security Indicators","051","Armenia","6121","Value","210041","Prevalence of undernourishment (percent) (3-year average)","20002002","2000-2002","%","28.6","E","Estimated value",""
"FS","Suite of Food Security Indicators","051","Armenia","6121","Value","210041","Prevalence of undernourishment (percent) (3-year average)","20012003","2001-2003","%","26.9","E","Estimated value",""
"FS","Suite of Food Security Indicators","051","Armenia","6121","Value","210041","Prevalence of undernourishment (percent) (3-year average)","20022004","2002-2004","%","23.5","E","Estimated value",""
"FS","Suite of Food Security Indicators","051","Armenia","6121","Value","210041","Prevalence of undernourishment (percent) (3-year average)","20032005","2003-2005","%","18.4","E","Estimated value",""
"FS","Suite of Food Security Indicators","051","Armenia","6121","Value","210041","Prevalence of undernourishment (percent) (3-year average)","20042006","2004-2006","%","14.8","E","Estimated value",""
"FS","Suite of Food Security Indicators","051","Armenia","6121","Value","210041","Prevalence of undernourishment (percent) (3-year average)","20052007","2005-2007","%","10.9","E","Estimated value",""
"FS","Suite of Food Security Indicators","051","Armenia","6121","Value","210041","Prevalence of undernourishment (percent) (3-year average)","20062008","2006-2008","%","7.7","E","Estimated value",""
"FS","Suite of Food Security Indicators","051","Armenia","6121","Value","210041","Prevalence of undernourishment (percent) (3-year average)","20072009","2007-2009","%","5.1","E","Estimated value",""
"FS","Suite of Food Security Indicators","051","Armenia","6121","Value","210041","Prevalence of undernourishment (percent) (3-year average)","20082010","2008-2010","%","3.2","E","Estimated value",""
"FS","Suite of Food Security Indicators","051","Armenia","6121","Value","210041","Prevalence of undernourishment (percent) (3-year average)","20092011","2009-2011","%","<2.5","E","Estimated value",""
"FS","Suite of Food Security Indicators","051","Armenia","6121","Value","210041","Prevalence of undernourishment (percent) (3-year average)","20102012","2010-2012","%","<2.5","E","Estimated value",""
"FS","Suite of Food Security Indicators","051","Armenia","6121","Value","210041","Prevalence of undernourishment (percent) (3-year average)","20112013","2011-2013","%","<2.5","E","Estimated value",""
"FS","Suite of Food Security Indicators","051","Armenia","6121","Value","210041","Prevalence of undernourishment (percent) (3-year average)","20122014","2012-2014","%","<2.5","E","Estimated value",""
"FS","Suite of Food Security Indicators","051","Armenia","6121","Value","210041","Prevalence of undernourishment (percent) (3-year average)","20132015","2013-2015","%","<2.5","E","Estimated value",""
"FS","Suite of Food Security Indicators","051","Armenia","6121","Value","210041","Prevalence of undernourishment (percent) (3-year average)","20142016","2014-2016","%","<2.5","E","Estimated value",""
"FS","Suite of Food Security Indicators","051","Armenia","6121","Value","210041","Prevalence of undernourishment (percent) (3-year average)","20152017","2015-2017","%","<2.5","E","Estimated value",""
"FS","Suite of Food Security Indicators","051","Armenia","6121","Value","210041","Prevalence of undernourishment (percent) (3-year average)","20162018","2016-2018","%","<2.5","E","Estimated value",""
"FS","Suite of Food Security Indicators","051","Armenia","6121","Value","210041","Prevalence of undernourishment (percent) (3-year average)","20172019","2017-2019","%","<2.5","E","Estimated value",""
"FS","Suite of Food Security Indicators","051","Armenia","6121","Value","210041","Prevalence of undernourishment (percent) (3-year average)","20182020","2018-2020","%","<2.5","E","Estimated value",""
"FS","Suite of Food Security Indicators","051","Armenia","6121","Value","210041","Prevalence of undernourishment (percent) (3-year average)","20192021","2019-2021","%","<2.5","E","Estimated value",""
"FS","Suite of Food Security Indicators","051","Armenia","6121","Value","210041","Prevalence of undernourishment (percent) (3-year average)","20202022","2020-2022","%","<2.5","E","Estimated value",""
"FS","Suite of Food Security Indicators","051","Armenia","6121","Value","210041","Prevalence of undernourishment (percent) (3-year average)","20212023","2021-2023","%","<2.5","E","Estimated value",""
"FS","Suite of Food Security Indicators","051","Armenia","6121","Value","210041","Prevalence of undernourishment (percent) (3-year average)","20222024","2022-2024","%","<2.5","E","Estimated value",""
"FS","Suite of Food Security Indicators","036","Australia","6121","Value","210041","Prevalence of undernourishment (percent) (3-year average)","20002002","2000-2002","%","<2.5","E","Estimated value",""
"FS","Suite of Food Security Indicators","036","Australia","6121","Value","210041","Prevalence of undernourishment (percent) (3-year average)","20012003","2001-2003","%","<2.5","E","Estimated value",""
"FS","Suite of Food Security Indicators","036","Australia","6121","Value","210041","Prevalence of undernourishment (percent) (3-year average)","20022004","2002-2004","%","<2.5","E","Estimated value",""
"FS","Suite of Food Security Indicators","036","Australia","6121","Value","210041","Prevalence of undernourishment (percent) (3-year average)","20032005","2003-2005","%","<2.5","E","Estimated value",""
"FS","Suite of Food Security Indicators","036","Australia","6121","Value","210041","Prevalence of undernourishment (percent) (3-year average)","20042006","2004-2006","%","<2.5","E","Estimated value",""
"FS","Suite of Food Security Indicators","036","Australia","6121","Value","210041","Prevalence of undernourishment (percent) (3-year average)","20052007","2005-2007","%","<2.5","E","Estimated value",""
"FS","Suite of Food Security Indicators","036","Australia","6121","Value","210041","Prevalence of undernourishment (percent) (3-year average)","20062008","2006-2008","%","<2.5","E","Estimated value",""
"FS","Suite of Food Security Indicators","036","Australia","6121","Value","210041","Prevalence of undernourishment (percent) (3-year average)","20072009","2007-2009","%","<2.5","E","Estimated value",""
"FS","Suite of Food Security Indicators","036","Australia","6121","Value","210041","Prevalence of undernourishment (percent) (3-year average)","20082010","2008-2010","%","<2.5","E","Estimated value",""
"FS","Suite of Food Security Indicators","036","Australia","6121","Value","210041","Prevalence of undernourishment (percent) (3-year average)","20092011","2009-2011","%","<2.5","E","Estimated value",""
"FS","Suite of Food Security Indicators","036","Australia","6121","Value","210041","Prevalence of undernourishment (percent) (3-year average)","20102012","2010-2012","%","<2.5","E","Estimated value",""
"FS","Suite of Food Security Indicators","036","Australia","6121","Value","210041","Prevalence of undernourishment (percent) (3-year average)","20112013","2011-2013","%","<2.5","E","Estimated value",""
"FS","Suite of Food Security Indicators","036","Australia","6121","Value","210041","Prevalence of undernourishment (percent) (3-year average)","20122014","2012-2014","%","<2.5","E","Estimated value",""
"FS","Suite of Food Security Indicators","036","Australia","6121","Value","210041","Prevalence of undernourishment (percent) (3-year average)","20132015","2013-2015","%","<2.5","E","Estimated value",""
"FS","Suite of Food Security Indicators","036","Australia","6121","Value","210041","Prevalence of undernourishment (percent) (3-year average)","20142016","2014-2016","%","<2.5","E","Estimated value",""
"FS","Suite of Food Security Indicators","036","Australia","6121","Value","210041","Prevalence of undernourishment (percent) (3-year average)","20152017","2015-2017","%","<2.5","E","Estimated value",""
"FS","Suite of Food Security Indicators","036","Australia","6121","Value","210041","Prevalence of undernourishment (percent) (3-year average)","20162018","2016-2018","%","<2.5","E","Estimated value",""
"FS","Suite of Food Security Indicators","036","Australia","6121","Value","210041","Prevalence of undernourishment (percent) (3-year average)","20172019","2017-2019","%","<2.5","E","Estimated value",""
"FS","Suite of Food Security Indicators","036","Australia","6121","Value","210041","Prevalence of undernourishment (percent) (3-year average)","20182020","2018-2020","%","<2.5","E","Estimated value",""
"FS","Suite of Food Security Indicators","036","Australia","6121","Value","210041","Prevalence of undernourishment (percent) (3-year average)","20192021","2019-2021","%","<2.5","E","Estimated value",""
"FS","Suite of Food Security Indicators","036","Australia","6121","Value","210041","Prevalence of undernourishment (percent) (3-year average)","20202022","2020-2022","%","<2.5","E","Estimated value",""
"FS","Suite of Food Security Indicators","036","Australia","6121","Value","210041","Prevalence of undernourishment (percent) (3-year average)","20212023","2021-2023","%","<2.5","E","Estimated value",""
"FS","Suite of Food Security Indicators","036","Australia","6121","Value","210041","Prevalence of undernourishment (percent) (3-year average)","20222024","2022-2024","%","<2.5","E","Estimated value",""
"FS","Suite of Food Security Indicators","040","Austria","6121","Value","210041","Prevalence of undernourishment (percent) (3-year average)","20002002","2000-2002","%","<2.5","E","Estimated value",""
"FS","Suite of Food Security Indicators","040","Austria","6121","Value","210041","Prevalence of undernourishment (percent) (3-year average)","20012003","2001-2003","%","<2.5","E","Estimated value",""
"FS","Suite of Food Security Indicators","040","Austria","6121","Value","210041","Prevalence of undernourishment (percent) (3-year average)","20022004","2002-2004","%","<2.5","E","Estimated value",""
"FS","Suite of Food Security Indicators","040","Austria","6121","Value","210041","Prevalence of undernourishment (percent) (3-year average)","20032005","2003-2005","%","<2.5","E","Estimated value",""
"FS","Suite of Food Security Indicators","040","Austria","6121","Value","210041","Prevalence of undernourishment (percent) (3-year average)","20042006","2004-2006","%","<2.5","E","Estimated value",""
"FS","Suite of Food Security Indicators","040","Austria","6121","Value","210041","Prevalence of undernourishment (percent) (3-year average)","20052007","2005-2007","%","<2.5","E","Estimated value",""
"FS","Suite of Food Security Indicators","040","Austria","6121","Value","210041","Prevalence of undernourishment (percent) (3-year average)","20062008","2006-2008","%","<2.5","E","Estimated value",""
"FS","Suite of Food Security Indicators","040","Austria","6121","Value","210041","Prevalence of undernourishment (percent) (3-year average)","20072009","2007-2009","%","<2.5","E","Estimated value",""
"FS","Suite of Food Security Indicators","040","Austria","6121","Value","210041","Prevalence of undernourishment (percent) (3-year average)","20082010","2008-2010","%","<2.5","E","Estimated value",""
"FS","Suite of Food Security Indicators","040","Austria","6121","Value","210041","Prevalence of undernourishment (percent) (3-year average)","20092011","2009-2011","%","<2.5","E","Estimated value",""
"FS","Suite of Food Security Indicators","040","Austria","6121","Value","210041","Prevalence of undernourishment (percent) (3-year average)","20102012","2010-2012","%","<2.5","E","Estimated value",""
"FS","Suite of Food Security Indicators","040","Austria","6121","Value","210041","Prevalence of undernourishment (percent) (3-year average)","20112013","2011-2013","%","<2.5","E","Estimated value",""
"FS","Suite of Food Security Indicators","040","Austria","6121","Value","210041","Prevalence of undernourishment (percent) (3-year average)","20122014","2012-2014","%","<2.5","E","Estimated value",""
"FS","Suite of Food Security Indicators","040","Austria","6121","Value","210041","Prevalence of undernourishment (percent) (3-year average)","20132015","2013-2015","%","<2.5","E","Estimated value",""
"FS","Suite of Food Security Indicators","040","Austria","6121","Value","210041","Prevalence of undernourishment (percent) (3-year average)","20142016","2014-2016","%","<2.5","E","Estimated value",""
"FS","Suite of Food Security Indicators","040","Austria","6121","Value","210041","Prevalence of undernourishment (percent) (3-year average)","20152017","2015-2017","%","<2.5","E","Estimated value",""
"FS","Suite of Food Security Indicators","040","Austria","6121","Value","210041","Prevalence of undernourishment (percent) (3-year average)","20162018","2016-2018","%","<2.5","E","Estimated value",""
"FS","Suite of Food Security Indicators","040","Austria","6121","Value","210041","Prevalence of undernourishment (percent) (3-year average)","20172019","2017-2019","%","<2.5","E","Estimated value",""
"FS","Suite of Food Security Indicators","040","Austria","6121","Value","210041","Prevalence of undernourishment (percent) (3-year average)","20182020","2018-2020","%","<2.5","E","Estimated value",""
"FS","Suite of Food Security Indicators","040","Austria","6121","Value","210041","Prevalence of undernourishment (percent) (3-year average)","20192021","2019-2021","%","<2.5","E","Estimated value",""
"FS","Suite of Food Security Indicators","040","Austria","6121","Value","210041","Prevalence of undernourishment (percent) (3-year average)","20202022","2020-2022","%","<2.5","E","Estimated value",""
"FS","Suite of Food Security Indicators","040","Austria","6121","Value","210041","Prevalence of undernourishment (percent) (3-year average)","20212023","2021-2023","%","<2.5","E","Estimated value",""
"FS","Suite of Food Security Indicators","040","Austria","6121","Value","210041","Prevalence of undernourishment (percent) (3-year average)","20222024","2022-2024","%","<2.5","E","Estimated value",""
"FS","Suite of Food Security Indicators","031","Azerbaijan","6121","Value","210041","Prevalence of undernourishment (percent) (3-year average)","20002002","2000-2002","%","17.8","E","Estimated value",""
"FS","Suite of Food Security Indicators","031","Azerbaijan","6121","Value","210041","Prevalence of undernourishment (percent) (3-year average)","20012003","2001-2003","%","14.4","E","Estimated value",""
"FS","Suite of Food Security Indicators","031","Azerbaijan","6121","Value","210041","Prevalence of undernourishment (percent) (3-year average)","20022004","2002-2004","%","11.4","E","Estimated value",""
"FS","Suite of Food Security Indicators","031","Azerbaijan","6121","Value","210041","Prevalence of undernourishment (percent) (3-year average)","20032005","2003-2005","%","8.2","E","Estimated value",""
"FS","Suite of Food Security Indicators","031","Azerbaijan","6121","Value","210041","Prevalence of undernourishment (percent) (3-year average)","20042006","2004-2006","%","5.3","E","Estimated value",""
"FS","Suite of Food Security Indicators","031","Azerbaijan","6121","Value","210041","Prevalence of undernourishment (percent) (3-year average)","20052007","2005-2007","%","3.1","E","Estimated value",""
"FS","Suite of Food Security Indicators","031","Azerbaijan","6121","Value","210041","Prevalence of undernourishment (percent) (3-year average)","20062008","2006-2008","%","<2.5","E","Estimated value",""
"FS","Suite of Food Security Indicators","031","Azerbaijan","6121","Value","210041","Prevalence of undernourishment (percent) (3-year average)","20072009","2007-2009","%","<2.5","E","Estimated value",""
"FS","Suite of Food Security Indicators","031","Azerbaijan","6121","Value","210041","Prevalence of undernourishment (percent) (3-year average)","20082010","2008-2010","%","<2.5","E","Estimated value",""
"FS","Suite of Food Security Indicators","031","Azerbaijan","6121","Value","210041","Prevalence of undernourishment (percent) (3-year average)","20092011","2009-2011","%","<2.5","E","Estimated value",""
"FS","Suite of Food Security Indicators","031","Azerbaijan","6121","Value","210041","Prevalence of undernourishment (percent) (3-year average)","20102012","2010-2012","%","<2.5","E","Estimated value",""
"FS","Suite of Food Security Indicators","031","Azerbaijan","6121","Value","210041","Prevalence of undernourishment (percent) (3-year average)","20112013","2011-2013","%","<2.5","E","Estimated value",""
"FS","Suite of Food Security Indicators","031","Azerbaijan","6121","Value","210041","Prevalence of undernourishment (percent) (3-year average)","20122014","2012-2014","%","<2.5","E","Estimated value",""
"FS","Suite of Food Security Indicators","031","Azerbaijan","6121","Value","210041","Prevalence of undernourishment (percent) (3-year average)","20132015","2013-2015","%","<2.5","E","Estimated value",""
"FS","Suite of Food Security Indicators","031","Azerbaijan","6121","Value","210041","Prevalence of undernourishment (percent) (3-year average)","20142016","2014-2016","%","<2.5","E","Estimated value",""
"FS","Suite of Food Security Indicators","031","Azerbaijan","6121","Value","210041","Prevalence of undernourishment (percent) (3-year average)","20152017","2015-2017","%","<2.5","E","Estimated value",""
"FS","Suite of Food Security Indicators","031","Azerbaijan","6121","Value","210041","Prevalence of undernourishment (percent) (3-year average)","20162018","2016-2018","%","<2.5","E","Estimated value",""
"FS","Suite of Food Security Indicators","031","Azerbaijan","6121","Value","210041","Prevalence of undernourishment (percent) (3-year average)","20172019","2017-2019","%","<2.5","E","Estimated value",""
"FS","Suite of Food Security Indicators","031","Azerbaijan","6121","Value","210041","Prevalence of undernourishment (percent) (3-year average)","20182020","2018-2020","%","<2.5","E","Estimated value",""
"FS","Suite of Food Security Indicators","031","Azerbaijan","6121","Value","210041","Prevalence of undernourishment (percent) (3-year average)","20192021","2019-2021","%","<2.5","E","Estimated value",""
"FS","Suite of Food Security Indicators","031","Azerbaijan","6121","Value","210041","Prevalence of undernourishment (percent) (3-year average)","20202022","2020-2022","%","<2.5","E","Estimated value",""
"FS","Suite of Food Security Indicators","031","Azerbaijan","6121","Value","210041","Prevalence of undernourishment (percent) (3-year average)","20212023","2021-2023","%","<2.5","E","Estimated value",""
"FS","Suite of Food Security Indicators","031","Azerbaijan","6121","Value","210041","Prevalence of undernourishment (percent) (3-year average)","20222024","2022-2024","%","<2.5","E","Estimated value",""
"FS","Suite of Food Security Indicators","044","Bahamas","6121","Value","210041","Prevalence of undernourishment (percent) (3-year average)","20002002","2000-2002","%","","O","Missing value",""
"FS","Suite of Food Security Indicators","044","Bahamas","6121","Value","210041","Prevalence of undernourishment (percent) (3-year average)","20012003","2001-2003","%","","O","Missing value",""
"FS","Suite of Food Security Indicators","044","Bahamas","6121","Value","210041","Prevalence of undernourishment (percent) (3-year average)","20022004","2002-2004","%","","O","Missing value",""
"FS","Suite of Food Security Indicators","044","Bahamas","6121","Value","210041","Prevalence of undernourishment (percent) (3-year average)","20032005","2003-2005","%","","O","Missing value",""
"FS","Suite of Food Security Indicators","044","Bahamas","6121","Value","210041","Prevalence of undernourishment (percent) (3-year average)","20042006","2004-2006","%","","O","Missing value",""
"FS","Suite of Food Security Indicators","044","Bahamas","6121","Value","210041","Prevalence of undernourishment (percent) (3-year average)","20052007","2005-2007","%","","O","Missing value",""
"FS","Suite of Food Security Indicators","044","Bahamas","6121","Value","210041","Prevalence of undernourishment (percent) (3-year average)","20062008","2006-2008","%","","O","Missing value",""
"FS","Suite of Food Security Indicators","044","Bahamas","6121","Value","210041","Prevalence of undernourishment (percent) (3-year average)","20072009","2007-2009","%","","O","Missing value",""
"FS","Suite of Food Security Indicators","044","Bahamas","6121","Value","210041","Prevalence of undernourishment (percent) (3-year average)","20082010","2008-2010","%","","O","Missing value",""
"FS","Suite of Food Security Indicators","044","Bahamas","6121","Value","210041","Prevalence of undernourishment (percent) (3-year average)","20092011","2009-2011","%","","O","Missing value",""
"FS","Suite of Food Security Indicators","044","Bahamas","6121","Value","210041","Prevalence of undernourishment (percent) (3-year average)","20102012","2010-2012","%","","O","Missing value",""
"FS","Suite of Food Security Indicators","044","Bahamas","6121","Value","210041","Prevalence of undernourishment (percent) (3-year average)","20112013","2011-2013","%","","O","Missing value",""
"FS","Suite of Food Security Indicators","044","Bahamas","6121","Value","210041","Prevalence of undernourishment (percent) (3-year average)","20122014","2012-2014","%","","O","Missing value",""
"FS","Suite of Food Security Indicators","044","Bahamas","6121","Value","210041","Prevalence of undernourishment (percent) (3-year average)","20132015","2013-2015","%","","O","Missing value",""
"FS","Suite of Food Security Indicators","044","Bahamas","6121","Value","210041","Prevalence of undernourishment (percent) (3-year average)","20142016","2014-2016","%","","O","Missing value",""
"FS","Suite of Food Security Indicators","044","Bahamas","6121","Value","210041","Prevalence of undernourishment (percent) (3-year average)","20152017","2015-2017","%","","O","Missing value",""
"FS","Suite of Food Security Indicators","044","Bahamas","6121","Value","210041","Prevalence of undernourishment (percent) (3-year average)","20162018","2016-2018","%","","O","Missing value",""
"FS","Suite of Food Security Indicators","044","Bahamas","6121","Value","210041","Prevalence of undernourishment (percent) (3-year average)","20172019","2017-2019","%","","O","Missing value",""
"FS","Suite of Food Security Indicators","044","Bahamas","6121","Value","210041","Prevalence of undernourishment (percent) (3-year average)","20182020","2018-2020","%","","O","Missing value",""
"FS","Suite of Food Security Indicators","044","Bahamas","6121","Value","210041","Prevalence of undernourishment (percent) (3-year average)","20192021","2019-2021","%","","O","Missing value",""
"FS","Suite of Food Security Indicators","044","Bahamas","6121","Value","210041","Prevalence of undernourishment (percent) (3-year average)","20202022","2020-2022","%","","O","Missing value",""
"FS","Suite of Food Security Indicators","044","Bahamas","6121","Value","210041","Prevalence of undernourishment (percent) (3-year average)","20212023","2021-2023","%","","O","Missing value",""
"FS","Suite of Food Security Indicators","044","Bahamas","6121","Value","210041","Prevalence of undernourishment (percent) (3-year average)","20222024","2022-2024","%","","O","Missing value",""
"FS","Suite of Food Security Indicators","048","Bahrain","6121","Value","210041","Prevalence of undernourishment (percent) (3-year average)","20002002","2000-2002","%","","O","Missing value",""
"FS","Suite of Food Security Indicators","048","Bahrain","6121","Value","210041","Prevalence of undernourishment (percent) (3-year average)","20012003","2001-2003","%","","O","Missing value",""
"FS","Suite of Food Security Indicators","048","Bahrain","6121","Value","210041","Prevalence of undernourishment (percent) (3-year average)","20022004","2002-2004","%","","O","Missing value",""
"FS","Suite of Food Security Indicators","048","Bahrain","6121","Value","210041","Prevalence of undernourishment (percent) (3-year average)","20032005","2003-2005","%","","O","Missing value",""
"FS","Suite of Food Security Indicators","048","Bahrain","6121","Value","210041","Prevalence of undernourishment (percent) (3-year average)","20042006","2004-2006","%","","O","Missing value",""
"FS","Suite of Food Security Indicators","048","Bahrain","6121","Value","210041","Prevalence of undernourishment (percent) (3-year average)","20052007","2005-2007","%","","O","Missing value",""
"FS","Suite of Food Security Indicators","048","Bahrain","6121","Value","210041","Prevalence of undernourishment (percent) (3-year average)","20062008","2006-2008","%","","O","Missing value",""
"FS","Suite of Food Security Indicators","048","Bahrain","6121","Value","210041","Prevalence of undernourishment (percent) (3-year average)","20072009","2007-2009","%","","O","Missing value",""
"FS","Suite of Food Security Indicators","048","Bahrain","6121","Value","210041","Prevalence of undernourishment (percent) (3-year average)","20082010","2008-2010","%","","O","Missing value",""
"FS","Suite of Food Security Indicators","048","Bahrain","6121","Value","210041","Prevalence of undernourishment (percent) (3-year average)","20092011","2009-2011","%","","O","Missing value",""
"FS","Suite of Food Security Indicators","048","Bahrain","6121","Value","210041","Prevalence of undernourishment (percent) (3-year average)","20102012","2010-2012","%","","O","Missing value",""
"FS","Suite of Food Security Indicators","048","Bahrain","6121","Value","210041","Prevalence of undernourishment (percent) (3-year average)","20112013","2011-2013","%","","O","Missing value",""
"FS","Suite of Food Security Indicators","048","Bahrain","6121","Value","210041","Prevalence of undernourishment (percent) (3-year average)","20122014","2012-2014","%","","O","Missing value",""
"FS","Suite of Food Security Indicators","048","Bahrain","6121","Value","210041","Prevalence of undernourishment (percent) (3-year average)","20132015","2013-2015","%","","O","Missing value",""
"FS","Suite of Food Security Indicators","048","Bahrain","6121","Value","210041","Prevalence of undernourishment (percent) (3-year average)","20142016","2014-2016","%","","O","Missing value",""
"FS","Suite of Food Security Indicators","048","Bahrain","6121","Value","210041","Prevalence of undernourishment (percent) (3-year average)","20152017","2015-2017","%","","O","Missing value",""
"FS","Suite of Food Security Indicators","048","Bahrain","6121","Value","210041","Prevalence of undernourishment (percent) (3-year average)","20162018","2016-2018","%","","O","Missing value",""
"FS","Suite of Food Security Indicators","048","Bahrain","6121","Value","210041","Prevalence of undernourishment (percent) (3-year average)","20172019","2017-2019","%","","O","Missing value",""
"FS","Suite of Food Security Indicators","048","Bahrain","6121","Value","210041","Prevalence of undernourishment (percent) (3-year average)","20182020","2018-2020","%","","O","Missing value",""
"FS","Suite of Food Security Indicators","048","Bahrain","6121","Value","210041","Prevalence of undernourishment (percent) (3-year average)","20192021","2019-2021","%","","O","Missing value",""
"FS","Suite of Food Security Indicators","048","Bahrain","6121","Value","210041","Prevalence of undernourishment (percent) (3-year average)","20202022","2020-2022","%","","O","Missing value",""
"FS","Suite of Food Security Indicators","048","Bahrain","6121","Value","210041","Prevalence of undernourishment (percent) (3-year average)","20212023","2021-2023","%","","O","Missing value",""
"FS","Suite of Food Security Indicators","048","Bahrain","6121","Value","210041","Prevalence of undernourishment (percent) (3-year average)","20222024","2022-2024","%","","O","Missing value",""
"FS","Suite of Food Security Indicators","050","Bangladesh","6121","Value","210041","Prevalence of undernourishment (percent) (3-year average)","20002002","2000-2002","%","15.5","E","Estimated value",""
"FS","Suite of Food Security Indicators","050","Bangladesh","6121","Value","210041","Prevalence of undernourishment (percent) (3-year average)","20012003","2001-2003","%","14.6","E","Estimated value",""
"FS","Suite of Food Security Indicators","050","Bangladesh","6121","Value","210041","Prevalence of undernourishment (percent) (3-year average)","20022004","2002-2004","%","14.8","E","Estimated value",""
"FS","Suite of Food Security Indicators","050","Bangladesh","6121","Value","210041","Prevalence of undernourishment (percent) (3-year average)","20032005","2003-2005","%","14.7","E","Estimated value",""
"FS","Suite of Food Security Indicators","050","Bangladesh","6121","Value","210041","Prevalence of undernourishment (percent) (3-year average)","20042006","2004-2006","%","15.1","E","Estimated value",""
"FS","Suite of Food Security Indicators","050","Bangladesh","6121","Value","210041","Prevalence of undernourishment (percent) (3-year average)","20052007","2005-2007","%","15.4","E","Estimated value",""
"FS","Suite of Food Security Indicators","050","Bangladesh","6121","Value","210041","Prevalence of undernourishment (percent) (3-year average)","20062008","2006-2008","%","16.1","E","Estimated value",""
"FS","Suite of Food Security Indicators","050","Bangladesh","6121","Value","210041","Prevalence of undernourishment (percent) (3-year average)","20072009","2007-2009","%","16.9","E","Estimated value",""
"FS","Suite of Food Security Indicators","050","Bangladesh","6121","Value","210041","Prevalence of undernourishment (percent) (3-year average)","20082010","2008-2010","%","17.9","E","Estimated value",""
"FS","Suite of Food Security Indicators","050","Bangladesh","6121","Value","210041","Prevalence of undernourishment (percent) (3-year average)","20092011","2009-2011","%","18.2","E","Estimated value",""
"FS","Suite of Food Security Indicators","050","Bangladesh","6121","Value","210041","Prevalence of undernourishment (percent) (3-year average)","20102012","2010-2012","%","18","E","Estimated value",""
"FS","Suite of Food Security Indicators","050","Bangladesh","6121","Value","210041","Prevalence of undernourishment (percent) (3-year average)","20112013","2011-2013","%","17.3","E","Estimated value",""
"FS","Suite of Food Security Indicators","050","Bangladesh","6121","Value","210041","Prevalence of undernourishment (percent) (3-year average)","20122014","2012-2014","%","16.7","E","Estimated value",""
"FS","Suite of Food Security Indicators","050","Bangladesh","6121","Value","210041","Prevalence of undernourishment (percent) (3-year average)","20132015","2013-2015","%","15.6","E","Estimated value",""
"FS","Suite of Food Security Indicators","050","Bangladesh","6121","Value","210041","Prevalence of undernourishment (percent) (3-year average)","20142016","2014-2016","%","15.2","E","Estimated value",""
"FS","Suite of Food Security Indicators","050","Bangladesh","6121","Value","210041","Prevalence of undernourishment (percent) (3-year average)","20152017","2015-2017","%","14.4","E","Estimated value",""
"FS","Suite of Food Security Indicators","050","Bangladesh","6121","Value","210041","Prevalence of undernourishment (percent) (3-year average)","20162018","2016-2018","%","13.4","E","Estimated value",""
"FS","Suite of Food Security Indicators","050","Bangladesh","6121","Value","210041","Prevalence of undernourishment (percent) (3-year average)","20172019","2017-2019","%","12","E","Estimated value",""
"FS","Suite of Food Security Indicators","050","Bangladesh","6121","Value","210041","Prevalence of undernourishment (percent) (3-year average)","20182020","2018-2020","%","10.9","E","Estimated value",""
"FS","Suite of Food Security Indicators","050","Bangladesh","6121","Value","210041","Prevalence of undernourishment (percent) (3-year average)","20192021","2019-2021","%","10.8","E","Estimated value",""
"FS","Suite of Food Security Indicators","050","Bangladesh","6121","Value","210041","Prevalence of undernourishment (percent) (3-year average)","20202022","2020-2022","%","10.3","E","Estimated value",""
"FS","Suite of Food Security Indicators","050","Bangladesh","6121","Value","210041","Prevalence of undernourishment (percent) (3-year average)","20212023","2021-2023","%","10.6","E","Estimated value",""
"FS","Suite of Food Security Indicators","050","Bangladesh","6121","Value","210041","Prevalence of undernourishment (percent) (3-year average)","20222024","2022-2024","%","10.4","E","Estimated value",""
"FS","Suite of Food Security Indicators","052","Barbados","6121","Value","210041","Prevalence of undernourishment (percent) (3-year average)","20002002","2000-2002","%","6.8","E","Estimated value",""
"FS","Suite of Food Security Indicators","052","Barbados","6121","Value","210041","Prevalence of undernourishment (percent) (3-year average)","20012003","2001-2003","%","6.4","E","Estimated value",""
"FS","Suite of Food Security Indicators","052","Barbados","6121","Value","210041","Prevalence of undernourishment (percent) (3-year average)","20022004","2002-2004","%","6","E","Estimated value",""
"FS","Suite of Food Security Indicators","052","Barbados","6121","Value","210041","Prevalence of undernourishment (percent) (3-year average)","20032005","2003-2005","%","5.3","E","Estimated value",""
"FS","Suite of Food Security Indicators","052","Barbados","6121","Value","210041","Prevalence of undernourishment (percent) (3-year average)","20042006","2004-2006","%","4.7","E","Estimated value",""
"FS","Suite of Food Security Indicators","052","Barbados","6121","Value","210041","Prevalence of undernourishment (percent) (3-year average)","20052007","2005-2007","%","4.1","E","Estimated value",""
"FS","Suite of Food Security Indicators","052","Barbados","6121","Value","210041","Prevalence of undernourishment (percent) (3-year average)","20062008","2006-2008","%","3.6","E","Estimated value",""
"FS","Suite of Food Security Indicators","052","Barbados","6121","Value","210041","Prevalence of undernourishment (percent) (3-year average)","20072009","2007-2009","%","3.1","E","Estimated value",""
"FS","Suite of Food Security Indicators","052","Barbados","6121","Value","210041","Prevalence of undernourishment (percent) (3-year average)","20082010","2008-2010","%","2.6","E","Estimated value",""
"FS","Suite of Food Security Indicators","052","Barbados","6121","Value","210041","Prevalence of undernourishment (percent) (3-year average)","20092011","2009-2011","%","<2.5","E","Estimated value",""
"FS","Suite of Food Security Indicators","052","Barbados","6121","Value","210041","Prevalence of undernourishment (percent) (3-year average)","20102012","2010-2012","%","<2.5","E","Estimated value",""
"FS","Suite of Food Security Indicators","052","Barbados","6121","Value","210041","Prevalence of undernourishment (percent) (3-year average)","20112013","2011-2013","%","<2.5","E","Estimated value",""
"FS","Suite of Food Security Indicators","052","Barbados","6121","Value","210041","Prevalence of undernourishment (percent) (3-year average)","20122014","2012-2014","%","<2.5","E","Estimated value",""
"FS","Suite of Food Security Indicators","052","Barbados","6121","Value","210041","Prevalence of undernourishment (percent) (3-year average)","20132015","2013-2015","%","<2.5","E","Estimated value",""
"FS","Suite of Food Security Indicators","052","Barbados","6121","Value","210041","Prevalence of undernourishment (percent) (3-year average)","20142016","2014-2016","%","<2.5","E","Estimated value",""
"FS","Suite of Food Security Indicators","052","Barbados","6121","Value","210041","Prevalence of undernourishment (percent) (3-year average)","20152017","2015-2017","%","2.5","E","Estimated value",""
"FS","Suite of Food Security Indicators","052","Barbados","6121","Value","210041","Prevalence of undernourishment (percent) (3-year average)","20162018","2016-2018","%","2.5","E","Estimated value",""
"FS","Suite of Food Security Indicators","052","Barbados","6121","Value","210041","Prevalence of undernourishment (percent) (3-year average)","20172019","2017-2019","%","<2.5","E","Estimated value",""
"FS","Suite of Food Security Indicators","052","Barbados","6121","Value","210041","Prevalence of undernourishment (percent) (3-year average)","20182020","2018-2020","%","2.8","E","Estimated value",""
"FS","Suite of Food Security Indicators","052","Barbados","6121","Value","210041","Prevalence of undernourishment (percent) (3-year average)","20192021","2019-2021","%","3.4","E","Estimated value",""
"FS","Suite of Food Security Indicators","052","Barbados","6121","Value","210041","Prevalence of undernourishment (percent) (3-year average)","20202022","2020-2022","%","4","E","Estimated value",""
"FS","Suite of Food Security Indicators","052","Barbados","6121","Value","210041","Prevalence of undernourishment (percent) (3-year average)","20212023","2021-2023","%","4.2","E","Estimated value",""
"FS","Suite of Food Security Indicators","052","Barbados","6121","Value","210041","Prevalence of undernourishment (percent) (3-year average)","20222024","2022-2024","%","4.4","E","Estimated value",""
"FS","Suite of Food Security Indicators","112","Belarus","6121","Value","210041","Prevalence of undernourishment (percent) (3-year average)","20002002","2000-2002","%","2.7","E","Estimated value",""
"FS","Suite of Food Security Indicators","112","Belarus","6121","Value","210041","Prevalence of undernourishment (percent) (3-year average)","20012003","2001-2003","%","3.7","E","Estimated value",""
"FS","Suite of Food Security Indicators","112","Belarus","6121","Value","210041","Prevalence of undernourishment (percent) (3-year average)","20022004","2002-2004","%","4.4","E","Estimated value",""
"FS","Suite of Food Security Indicators","112","Belarus","6121","Value","210041","Prevalence of undernourishment (percent) (3-year average)","20032005","2003-2005","%","4.5","E","Estimated value",""
"FS","Suite of Food Security Indicators","112","Belarus","6121","Value","210041","Prevalence of undernourishment (percent) (3-year average)","20042006","2004-2006","%","3.4","E","Estimated value",""
"FS","Suite of Food Security Indicators","112","Belarus","6121","Value","210041","Prevalence of undernourishment (percent) (3-year average)","20052007","2005-2007","%","<2.5","E","Estimated value",""
"FS","Suite of Food Security Indicators","112","Belarus","6121","Value","210041","Prevalence of undernourishment (percent) (3-year average)","20062008","2006-2008","%","<2.5","E","Estimated value",""
"FS","Suite of Food Security Indicators","112","Belarus","6121","Value","210041","Prevalence of undernourishment (percent) (3-year average)","20072009","2007-2009","%","<2.5","E","Estimated value",""
"FS","Suite of Food Security Indicators","112","Belarus","6121","Value","210041","Prevalence of undernourishment (percent) (3-year average)","20082010","2008-2010","%","<2.5","E","Estimated value",""
"FS","Suite of Food Security Indicators","112","Belarus","6121","Value","210041","Prevalence of undernourishment (percent) (3-year average)","20092011","2009-2011","%","<2.5","E","Estimated value",""
"FS","Suite of Food Security Indicators","112","Belarus","6121","Value","210041","Prevalence of undernourishment (percent) (3-year average)","20102012","2010-2012","%","<2.5","E","Estimated value",""
"FS","Suite of Food Security Indicators","112","Belarus","6121","Value","210041","Prevalence of undernourishment (percent) (3-year average)","20112013","2011-2013","%","<2.5","E","Estimated value",""
"FS","Suite of Food Security Indicators","112","Belarus","6121","Value","210041","Prevalence of undernourishment (percent) (3-year average)","20122014","2012-2014","%","<2.5","E","Estimated value",""
"FS","Suite of Food Security Indicators","112","Belarus","6121","Value","210041","Prevalence of undernourishment (percent) (3-year average)","20132015","2013-2015","%","<2.5","E","Estimated value",""
"FS","Suite of Food Security Indicators","112","Belarus","6121","Value","210041","Prevalence of undernourishment (percent) (3-year average)","20142016","2014-2016","%","<2.5","E","Estimated value",""
"FS","Suite of Food Security Indicators","112","Belarus","6121","Value","210041","Prevalence of undernourishment (percent) (3-year average)","20152017","2015-2017","%","<2.5","E","Estimated value",""
"FS","Suite of Food Security Indicators","112","Belarus","6121","Value","210041","Prevalence of undernourishment (percent) (3-year average)","20162018","2016-2018","%","<2.5","E","Estimated value",""
"FS","Suite of Food Security Indicators","112","Belarus","6121","Value","210041","Prevalence of undernourishment (percent) (3-year average)","20172019","2017-2019","%","<2.5","E","Estimated value",""
"FS","Suite of Food Security Indicators","112","Belarus","6121","Value","210041","Prevalence of undernourishment (percent) (3-year average)","20182020","2018-2020","%","<2.5","E","Estimated value",""
"FS","Suite of Food Security Indicators","112","Belarus","6121","Value","210041","Prevalence of undernourishment (percent) (3-year average)","20192021","2019-2021","%","<2.5","E","Estimated value",""
"FS","Suite of Food Security Indicators","112","Belarus","6121","Value","210041","Prevalence of undernourishment (percent) (3-year average)","20202022","2020-2022","%","<2.5","E","Estimated value",""
"FS","Suite of Food Security Indicators","112","Belarus","6121","Value","210041","Prevalence of undernourishment (percent) (3-year average)","20212023","2021-2023","%","<2.5","E","Estimated value",""
"FS","Suite of Food Security Indicators","112","Belarus","6121","Value","210041","Prevalence of undernourishment (percent) (3-year average)","20222024","2022-2024","%","<2.5","E","Estimated value",""
"FS","Suite of Food Security Indicators","056","Belgium","6121","Value","210041","Prevalence of undernourishment (percent) (3-year average)","20002002","2000-2002","%","<2.5","E","Estimated value",""
"FS","Suite of Food Security Indicators","056","Belgium","6121","Value","210041","Prevalence of undernourishment (percent) (3-year average)","20012003","2001-2003","%","<2.5","E","Estimated value",""
"FS","Suite of Food Security Indicators","056","Belgium","6121","Value","210041","Prevalence of undernourishment (percent) (3-year average)","20022004","2002-2004","%","<2.5","E","Estimated value",""
"FS","Suite of Food Security Indicators","056","Belgium","6121","Value","210041","Prevalence of undernourishment (percent) (3-year average)","20032005","2003-2005","%","<2.5","E","Estimated value",""
"FS","Suite of Food Security Indicators","056","Belgium","6121","Value","210041","Prevalence of undernourishment (percent) (3-year average)","20042006","2004-2006","%","<2.5","E","Estimated value",""
"FS","Suite of Food Security Indicators","056","Belgium","6121","Value","210041","Prevalence of undernourishment (percent) (3-year average)","20052007","2005-2007","%","<2.5","E","Estimated value",""
"FS","Suite of Food Security Indicators","056","Belgium","6121","Value","210041","Prevalence of undernourishment (percent) (3-year average)","20062008","2006-2008","%","<2.5","E","Estimated value",""
"FS","Suite of Food Security Indicators","056","Belgium","6121","Value","210041","Prevalence of undernourishment (percent) (3-year average)","20072009","2007-2009","%","<2.5","E","Estimated value",""
"FS","Suite of Food Security Indicators","056","Belgium","6121","Value","210041","Prevalence of undernourishment (percent) (3-year average)","20082010","2008-2010","%","<2.5","E","Estimated value",""
"FS","Suite of Food Security Indicators","056","Belgium","6121","Value","210041","Prevalence of undernourishment (percent) (3-year average)","20092011","2009-2011","%","<2.5","E","Estimated value",""
"FS","Suite of Food Security Indicators","056","Belgium","6121","Value","210041","Prevalence of undernourishment (percent) (3-year average)","20102012","2010-2012","%","<2.5","E","Estimated value",""
"FS","Suite of Food Security Indicators","056","Belgium","6121","Value","210041","Prevalence of undernourishment (percent) (3-year average)","20112013","2011-2013","%","<2.5","E","Estimated value",""
"FS","Suite of Food Security Indicators","056","Belgium","6121","Value","210041","Prevalence of undernourishment (percent) (3-year average)","20122014","2012-2014","%","<2.5","E","Estimated value",""
"FS","Suite of Food Security Indicators","056","Belgium","6121","Value","210041","Prevalence of undernourishment (percent) (3-year average)","20132015","2013-2015","%","<2.5","E","Estimated value",""
"FS","Suite of Food Security Indicators","056","Belgium","6121","Value","210041","Prevalence of undernourishment (percent) (3-year average)","20142016","2014-2016","%","<2.5","E","Estimated value",""
"FS","Suite of Food Security Indicators","056","Belgium","6121","Value","210041","Prevalence of undernourishment (percent) (3-year average)","20152017","2015-2017","%","<2.5","E","Estimated value",""
"FS","Suite of Food Security Indicators","056","Belgium","6121","Value","210041","Prevalence of undernourishment (percent) (3-year average)","20162018","2016-2018","%","<2.5","E","Estimated value",""
"FS","Suite of Food Security Indicators","056","Belgium","6121","Value","210041","Prevalence of undernourishment (percent) (3-year average)","20172019","2017-2019","%","<2.5","E","Estimated value",""
"FS","Suite of Food Security Indicators","056","Belgium","6121","Value","210041","Prevalence of undernourishment (percent) (3-year average)","20182020","2018-2020","%","<2.5","E","Estimated value",""
"FS","Suite of Food Security Indicators","056","Belgium","6121","Value","210041","Prevalence of undernourishment (percent) (3-year average)","20192021","2019-2021","%","<2.5","E","Estimated value",""
"FS","Suite of Food Security Indicators","056","Belgium","6121","Value","210041","Prevalence of undernourishment (percent) (3-year average)","20202022","2020-2022","%","<2.5","E","Estimated value",""
"FS","Suite of Food Security Indicators","056","Belgium","6121","Value","210041","Prevalence of undernourishment (percent) (3-year average)","20212023","2021-2023","%","<2.5","E","Estimated value",""
"FS","Suite of Food Security Indicators","056","Belgium","6121","Value","210041","Prevalence of undernourishment (percent) (3-year average)","20222024","2022-2024","%","<2.5","E","Estimated value",""
"FS","Suite of Food Security Indicators","084","Belize","6121","Value","210041","Prevalence of undernourishment (percent) (3-year average)","20002002","2000-2002","%","5.7","E","Estimated value",""
"FS","Suite of Food Security Indicators","084","Belize","6121","Value","210041","Prevalence of undernourishment (percent) (3-year average)","20012003","2001-2003","%","5.4","E","Estimated value",""
"FS","Suite of Food Security Indicators","084","Belize","6121","Value","210041","Prevalence of undernourishment (percent) (3-year average)","20022004","2002-2004","%","5.2","E","Estimated value",""
"FS","Suite of Food Security Indicators","084","Belize","6121","Value","210041","Prevalence of undernourishment (percent) (3-year average)","20032005","2003-2005","%","5.1","E","Estimated value",""
"FS","Suite of Food Security Indicators","084","Belize","6121","Value","210041","Prevalence of undernourishment (percent) (3-year average)","20042006","2004-2006","%","5","E","Estimated value",""
"FS","Suite of Food Security Indicators","084","Belize","6121","Value","210041","Prevalence of undernourishment (percent) (3-year average)","20052007","2005-2007","%","4.9","E","Estimated value",""
"FS","Suite of Food Security Indicators","084","Belize","6121","Value","210041","Prevalence of undernourishment (percent) (3-year average)","20062008","2006-2008","%","4.9","E","Estimated value",""
"FS","Suite of Food Security Indicators","084","Belize","6121","Value","210041","Prevalence of undernourishment (percent) (3-year average)","20072009","2007-2009","%","4.8","E","Estimated value",""
"FS","Suite of Food Security Indicators","084","Belize","6121","Value","210041","Prevalence of undernourishment (percent) (3-year average)","20082010","2008-2010","%","4.7","E","Estimated value",""
"FS","Suite of Food Security Indicators","084","Belize","6121","Value","210041","Prevalence of undernourishment (percent) (3-year average)","20092011","2009-2011","%","4.9","E","Estimated value",""
"FS","Suite of Food Security Indicators","084","Belize","6121","Value","210041","Prevalence of undernourishment (percent) (3-year average)","20102012","2010-2012","%","5.1","E","Estimated value",""
"FS","Suite of Food Security Indicators","084","Belize","6121","Value","210041","Prevalence of undernourishment (percent) (3-year average)","20112013","2011-2013","%","5.5","E","Estimated value",""
"FS","Suite of Food Security Indicators","084","Belize","6121","Value","210041","Prevalence of undernourishment (percent) (3-year average)","20122014","2012-2014","%","6","E","Estimated value",""
"FS","Suite of Food Security Indicators","084","Belize","6121","Value","210041","Prevalence of undernourishment (percent) (3-year average)","20132015","2013-2015","%","6.4","E","Estimated value",""
"FS","Suite of Food Security Indicators","084","Belize","6121","Value","210041","Prevalence of undernourishment (percent) (3-year average)","20142016","2014-2016","%","6.5","E","Estimated value",""
"FS","Suite of Food Security Indicators","084","Belize","6121","Value","210041","Prevalence of undernourishment (percent) (3-year average)","20152017","2015-2017","%","6.1","E","Estimated value",""
"FS","Suite of Food Security Indicators","084","Belize","6121","Value","210041","Prevalence of undernourishment (percent) (3-year average)","20162018","2016-2018","%","5.8","E","Estimated value",""
"FS","Suite of Food Security Indicators","084","Belize","6121","Value","210041","Prevalence of undernourishment (percent) (3-year average)","20172019","2017-2019","%","5.3","E","Estimated value",""
"FS","Suite of Food Security Indicators","084","Belize","6121","Value","210041","Prevalence of undernourishment (percent) (3-year average)","20182020","2018-2020","%","5","E","Estimated value",""
"FS","Suite of Food Security Indicators","084","Belize","6121","Value","210041","Prevalence of undernourishment (percent) (3-year average)","20192021","2019-2021","%","5","E","Estimated value",""
"FS","Suite of Food Security Indicators","084","Belize","6121","Value","210041","Prevalence of undernourishment (percent) (3-year average)","20202022","2020-2022","%","5.1","E","Estimated value",""
"FS","Suite of Food Security Indicators","084","Belize","6121","Value","210041","Prevalence of undernourishment (percent) (3-year average)","20212023","2021-2023","%","5.8","E","Estimated value",""
"FS","Suite of Food Security Indicators","084","Belize","6121","Value","210041","Prevalence of undernourishment (percent) (3-year average)","20222024","2022-2024","%","7","E","Estimated value",""
"FS","Suite of Food Security Indicators","204","Benin","6121","Value","210041","Prevalence of undernourishment (percent) (3-year average)","20002002","2000-2002","%","14.3","E","Estimated value",""
"FS","Suite of Food Security Indicators","204","Benin","6121","Value","210041","Prevalence of undernourishment (percent) (3-year average)","20012003","2001-2003","%","12.8","E","Estimated value",""
"FS","Suite of Food Security Indicators","204","Benin","6121","Value","210041","Prevalence of undernourishment (percent) (3-year average)","20022004","2002-2004","%","11.2","E","Estimated value",""
"FS","Suite of Food Security Indicators","204","Benin","6121","Value","210041","Prevalence of undernourishment (percent) (3-year average)","20032005","2003-2005","%","10.4","E","Estimated value",""
"FS","Suite of Food Security Indicators","204","Benin","6121","Value","210041","Prevalence of undernourishment (percent) (3-year average)","20042006","2004-2006","%","9.2","E","Estimated value",""
"FS","Suite of Food Security Indicators","204","Benin","6121","Value","210041","Prevalence of undernourishment (percent) (3-year average)","20052007","2005-2007","%","8.9","E","Estimated value",""
"FS","Suite of Food Security Indicators","204","Benin","6121","Value","210041","Prevalence of undernourishment (percent) (3-year average)","20062008","2006-2008","%","8.5","E","Estimated value",""
"FS","Suite of Food Security Indicators","204","Benin","6121","Value","210041","Prevalence of undernourishment (percent) (3-year average)","20072009","2007-2009","%","8.2","E","Estimated value",""
"FS","Suite of Food Security Indicators","204","Benin","6121","Value","210041","Prevalence of undernourishment (percent) (3-year average)","20082010","2008-2010","%","8.7","E","Estimated value",""
"FS","Suite of Food Security Indicators","204","Benin","6121","Value","210041","Prevalence of undernourishment (percent) (3-year average)","20092011","2009-2011","%","9.1","E","Estimated value",""
"FS","Suite of Food Security Indicators","204","Benin","6121","Value","210041","Prevalence of undernourishment (percent) (3-year average)","20102012","2010-2012","%","9.6","E","Estimated value",""
"FS","Suite of Food Security Indicators","204","Benin","6121","Value","210041","Prevalence of undernourishment (percent) (3-year average)","20112013","2011-2013","%","9.4","E","Estimated value",""
"FS","Suite of Food Security Indicators","204","Benin","6121","Value","210041","Prevalence of undernourishment (percent) (3-year average)","20122014","2012-2014","%","9.2","E","Estimated value",""
"FS","Suite of Food Security Indicators","204","Benin","6121","Value","210041","Prevalence of undernourishment (percent) (3-year average)","20132015","2013-2015","%","9.2","E","Estimated value",""
"FS","Suite of Food Security Indicators","204","Benin","6121","Value","210041","Prevalence of undernourishment (percent) (3-year average)","20142016","2014-2016","%","9.1","E","Estimated value",""
"FS","Suite of Food Security Indicators","204","Benin","6121","Value","210041","Prevalence of undernourishment (percent) (3-year average)","20152017","2015-2017","%","9.7","E","Estimated value",""
"FS","Suite of Food Security Indicators","204","Benin","6121","Value","210041","Prevalence of undernourishment (percent) (3-year average)","20162018","2016-2018","%","10.5","E","Estimated value",""
"FS","Suite of Food Security Indicators","204","Benin","6121","Value","210041","Prevalence of undernourishment (percent) (3-year average)","20172019","2017-2019","%","11.4","E","Estimated value",""
"FS","Suite of Food Security Indicators","204","Benin","6121","Value","210041","Prevalence of undernourishment (percent) (3-year average)","20182020","2018-2020","%","11.8","E","Estimated value",""
"FS","Suite of Food Security Indicators","204","Benin","6121","Value","210041","Prevalence of undernourishment (percent) (3-year average)","20192021","2019-2021","%","11.7","E","Estimated value",""
"FS","Suite of Food Security Indicators","204","Benin","6121","Value","210041","Prevalence of undernourishment (percent) (3-year average)","20202022","2020-2022","%","12.5","E","Estimated value",""
"FS","Suite of Food Security Indicators","204","Benin","6121","Value","210041","Prevalence of undernourishment (percent) (3-year average)","20212023","2021-2023","%","13.3","E","Estimated value",""
"FS","Suite of Food Security Indicators","204","Benin","6121","Value","210041","Prevalence of undernourishment (percent) (3-year average)","20222024","2022-2024","%","14.3","E","Estimated value",""
"FS","Suite of Food Security Indicators","060","Bermuda","6121","Value","210041","Prevalence of undernourishment (percent) (3-year average)","20002002","2000-2002","%","","O","Missing value",""
"FS","Suite of Food Security Indicators","060","Bermuda","6121","Value","210041","Prevalence of undernourishment (percent) (3-year average)","20012003","2001-2003","%","","O","Missing value",""
"FS","Suite of Food Security Indicators","060","Bermuda","6121","Value","210041","Prevalence of undernourishment (percent) (3-year average)","20022004","2002-2004","%","","O","Missing value",""
"FS","Suite of Food Security Indicators","060","Bermuda","6121","Value","210041","Prevalence of undernourishment (percent) (3-year average)","20032005","2003-2005","%","","O","Missing value",""
"FS","Suite of Food Security Indicators","060","Bermuda","6121","Value","210041","Prevalence of undernourishment (percent) (3-year average)","20042006","2004-2006","%","","O","Missing value",""
"FS","Suite of Food Security Indicators","060","Bermuda","6121","Value","210041","Prevalence of undernourishment (percent) (3-year average)","20052007","2005-2007","%","","O","Missing value",""
"FS","Suite of Food Security Indicators","060","Bermuda","6121","Value","210041","Prevalence of undernourishment (percent) (3-year average)","20062008","2006-2008","%","","O","Missing value",""
"FS","Suite of Food Security Indicators","060","Bermuda","6121","Value","210041","Prevalence of undernourishment (percent) (3-year average)","20072009","2007-2009","%","","O","Missing value",""
"FS","Suite of Food Security Indicators","060","Bermuda","6121","Value","210041","Prevalence of undernourishment (percent) (3-year average)","20082010","2008-2010","%","","O","Missing value",""
"FS","Suite of Food Security Indicators","060","Bermuda","6121","Value","210041","Prevalence of undernourishment (percent) (3-year average)","20092011","2009-2011","%","","O","Missing value",""
"FS","Suite of Food Security Indicators","060","Bermuda","6121","Value","210041","Prevalence of undernourishment (percent) (3-year average)","20102012","2010-2012","%","","O","Missing value",""
"FS","Suite of Food Security Indicators","060","Bermuda","6121","Value","210041","Prevalence of undernourishment (percent) (3-year average)","20112013","2011-2013","%","","O","Missing value",""
"FS","Suite of Food Security Indicators","060","Bermuda","6121","Value","210041","Prevalence of undernourishment (percent) (3-year average)","20122014","2012-2014","%","","O","Missing value",""
"FS","Suite of Food Security Indicators","060","Bermuda","6121","Value","210041","Prevalence of undernourishment (percent) (3-year average)","20132015","2013-2015","%","","O","Missing value",""
"FS","Suite of Food Security Indicators","060","Bermuda","6121","Value","210041","Prevalence of undernourishment (percent) (3-year average)","20142016","2014-2016","%","","O","Missing value",""
"FS","Suite of Food Security Indicators","060","Bermuda","6121","Value","210041","Prevalence of undernourishment (percent) (3-year average)","20152017","2015-2017","%","","O","Missing value",""
"FS","Suite of Food Security Indicators","060","Bermuda","6121","Value","210041","Prevalence of undernourishment (percent) (3-year average)","20162018","2016-2018","%","","O","Missing value",""
"FS","Suite of Food Security Indicators","060","Bermuda","6121","Value","210041","Prevalence of undernourishment (percent) (3-year average)","20172019","2017-2019","%","","O","Missing value",""
"FS","Suite of Food Security Indicators","060","Bermuda","6121","Value","210041","Prevalence of undernourishment (percent) (3-year average)","20182020","2018-2020","%","","O","Missing value",""
"FS","Suite of Food Security Indicators","060","Bermuda","6121","Value","210041","Prevalence of undernourishment (percent) (3-year average)","20192021","2019-2021","%","","O","Missing value",""
"FS","Suite of Food Security Indicators","060","Bermuda","6121","Value","210041","Prevalence of undernourishment (percent) (3-year average)","20202022","2020-2022","%","","O","Missing value",""
"FS","Suite of Food Security Indicators","060","Bermuda","6121","Value","210041","Prevalence of undernourishment (percent) (3-year average)","20212023","2021-2023","%","","O","Missing value",""
"FS","Suite of Food Security Indicators","060","Bermuda","6121","Value","210041","Prevalence of undernourishment (percent) (3-year average)","20222024","2022-2024","%","","O","Missing value",""
"FS","Suite of Food Security Indicators","064","Bhutan","6121","Value","210041","Prevalence of undernourishment (percent) (3-year average)","20002002","2000-2002","%","","O","Missing value",""
"FS","Suite of Food Security Indicators","064","Bhutan","6121","Value","210041","Prevalence of undernourishment (percent) (3-year average)","20012003","2001-2003","%","","O","Missing value",""
"FS","Suite of Food Security Indicators","064","Bhutan","6121","Value","210041","Prevalence of undernourishment (percent) (3-year average)","20022004","2002-2004","%","","O","Missing value",""
"FS","Suite of Food Security Indicators","064","Bhutan","6121","Value","210041","Prevalence of undernourishment (percent) (3-year average)","20032005","2003-2005","%","","O","Missing value",""
"FS","Suite of Food Security Indicators","064","Bhutan","6121","Value","210041","Prevalence of undernourishment (percent) (3-year average)","20042006","2004-2006","%","","O","Missing value",""
"FS","Suite of Food Security Indicators","064","Bhutan","6121","Value","210041","Prevalence of undernourishment (percent) (3-year average)","20052007","2005-2007","%","","O","Missing value",""
"FS","Suite of Food Security Indicators","064","Bhutan","6121","Value","210041","Prevalence of undernourishment (percent) (3-year average)","20062008","2006-2008","%","","O","Missing value",""
"FS","Suite of Food Security Indicators","064","Bhutan","6121","Value","210041","Prevalence of undernourishment (percent) (3-year average)","20072009","2007-2009","%","","O","Missing value",""
"FS","Suite of Food Security Indicators","064","Bhutan","6121","Value","210041","Prevalence of undernourishment (percent) (3-year average)","20082010","2008-2010","%","","O","Missing value",""
"FS","Suite of Food Security Indicators","064","Bhutan","6121","Value","210041","Prevalence of undernourishment (percent) (3-year average)","20092011","2009-2011","%","","O","Missing value",""
"FS","Suite of Food Security Indicators","064","Bhutan","6121","Value","210041","Prevalence of undernourishment (percent) (3-year average)","20102012","2010-2012","%","","O","Missing value",""
"FS","Suite of Food Security Indicators","064","Bhutan","6121","Value","210041","Prevalence of undernourishment (percent) (3-year average)","20112013","2011-2013","%","","O","Missing value",""
"FS","Suite of Food Security Indicators","064","Bhutan","6121","Value","210041","Prevalence of undernourishment (percent) (3-year average)","20122014","2012-2014","%","","O","Missing value",""
"FS","Suite of Food Security Indicators","064","Bhutan","6121","Value","210041","Prevalence of undernourishment (percent) (3-year average)","20132015","2013-2015","%","","O","Missing value",""
"FS","Suite of Food Security Indicators","064","Bhutan","6121","Value","210041","Prevalence of undernourishment (percent) (3-year average)","20142016","2014-2016","%","","O","Missing value",""
"FS","Suite of Food Security Indicators","064","Bhutan","6121","Value","210041","Prevalence of undernourishment (percent) (3-year average)","20152017","2015-2017","%","","O","Missing value",""
"FS","Suite of Food Security Indicators","064","Bhutan","6121","Value","210041","Prevalence of undernourishment (percent) (3-year average)","20162018","2016-2018","%","","O","Missing value",""
"FS","Suite of Food Security Indicators","064","Bhutan","6121","Value","210041","Prevalence of undernourishment (percent) (3-year average)","20172019","2017-2019","%","","O","Missing value",""
"FS","Suite of Food Security Indicators","064","Bhutan","6121","Value","210041","Prevalence of undernourishment (percent) (3-year average)","20182020","2018-2020","%","","O","Missing value",""
"FS","Suite of Food Security Indicators","064","Bhutan","6121","Value","210041","Prevalence of undernourishment (percent) (3-year average)","20192021","2019-2021","%","","O","Missing value",""
"FS","Suite of Food Security Indicators","064","Bhutan","6121","Value","210041","Prevalence of undernourishment (percent) (3-year average)","20202022","2020-2022","%","","O","Missing value",""
"FS","Suite of Food Security Indicators","064","Bhutan","6121","Value","210041","Prevalence of undernourishment (percent) (3-year average)","20212023","2021-2023","%","","O","Missing value",""
"FS","Suite of Food Security Indicators","064","Bhutan","6121","Value","210041","Prevalence of undernourishment (percent) (3-year average)","20222024","2022-2024","%","","O","Missing value",""
"FS","Suite of Food Security Indicators","068","Bolivia (Plurinational State of)","6121","Value","210041","Prevalence of undernourishment (percent) (3-year average)","20002002","2000-2002","%","26.6","E","Estimated value",""
"FS","Suite of Food Security Indicators","068","Bolivia (Plurinational State of)","6121","Value","210041","Prevalence of undernourishment (percent) (3-year average)","20012003","2001-2003","%","25.8","E","Estimated value",""
"FS","Suite of Food Security Indicators","068","Bolivia (Plurinational State of)","6121","Value","210041","Prevalence of undernourishment (percent) (3-year average)","20022004","2002-2004","%","26.6","E","Estimated value",""
"FS","Suite of Food Security Indicators","068","Bolivia (Plurinational State of)","6121","Value","210041","Prevalence of undernourishment (percent) (3-year average)","20032005","2003-2005","%","27.2","E","Estimated value",""
"FS","Suite of Food Security Indicators","068","Bolivia (Plurinational State of)","6121","Value","210041","Prevalence of undernourishment (percent) (3-year average)","20042006","2004-2006","%","27.6","E","Estimated value",""
"FS","Suite of Food Security Indicators","068","Bolivia (Plurinational State of)","6121","Value","210041","Prevalence of undernourishment (percent) (3-year average)","20052007","2005-2007","%","26","E","Estimated value",""
"FS","Suite of Food Security Indicators","068","Bolivia (Plurinational State of)","6121","Value","210041","Prevalence of undernourishment (percent) (3-year average)","20062008","2006-2008","%","24.5","E","Estimated value",""
"FS","Suite of Food Security Indicators","068","Bolivia (Plurinational State of)","6121","Value","210041","Prevalence of undernourishment (percent) (3-year average)","20072009","2007-2009","%","23","E","Estimated value",""
"FS","Suite of Food Security Indicators","068","Bolivia (Plurinational State of)","6121","Value","210041","Prevalence of undernourishment (percent) (3-year average)","20082010","2008-2010","%","21.4","E","Estimated value",""
"FS","Suite of Food Security Indicators","068","Bolivia (Plurinational State of)","6121","Value","210041","Prevalence of undernourishment (percent) (3-year average)","20092011","2009-2011","%","19.9","E","Estimated value",""
"FS","Suite of Food Security Indicators","068","Bolivia (Plurinational State of)","6121","Value","210041","Prevalence of undernourishment (percent) (3-year average)","20102012","2010-2012","%","18.8","E","Estimated value",""
"FS","Suite of Food Security Indicators","068","Bolivia (Plurinational State of)","6121","Value","210041","Prevalence of undernourishment (percent) (3-year average)","20112013","2011-2013","%","18.1","E","Estimated value",""
"FS","Suite of Food Security Indicators","068","Bolivia (Plurinational State of)","6121","Value","210041","Prevalence of undernourishment (percent) (3-year average)","20122014","2012-2014","%","18","E","Estimated value",""
"FS","Suite of Food Security Indicators","068","Bolivia (Plurinational State of)","6121","Value","210041","Prevalence of undernourishment (percent) (3-year average)","20132015","2013-2015","%","17.2","E","Estimated value",""
"FS","Suite of Food Security Indicators","068","Bolivia (Plurinational State of)","6121","Value","210041","Prevalence of undernourishment (percent) (3-year average)","20142016","2014-2016","%","16.1","E","Estimated value",""
"FS","Suite of Food Security Indicators","068","Bolivia (Plurinational State of)","6121","Value","210041","Prevalence of undernourishment (percent) (3-year average)","20152017","2015-2017","%","14.9","E","Estimated value",""
"FS","Suite of Food Security Indicators","068","Bolivia (Plurinational State of)","6121","Value","210041","Prevalence of undernourishment (percent) (3-year average)","20162018","2016-2018","%","14.2","E","Estimated value",""
"FS","Suite of Food Security Indicators","068","Bolivia (Plurinational State of)","6121","Value","210041","Prevalence of undernourishment (percent) (3-year average)","20172019","2017-2019","%","13.7","E","Estimated value",""
"FS","Suite of Food Security Indicators","068","Bolivia (Plurinational State of)","6121","Value","210041","Prevalence of undernourishment (percent) (3-year average)","20182020","2018-2020","%","13.6","E","Estimated value",""
"FS","Suite of Food Security Indicators","068","Bolivia (Plurinational State of)","6121","Value","210041","Prevalence of undernourishment (percent) (3-year average)","20192021","2019-2021","%","16","E","Estimated value",""
"FS","Suite of Food Security Indicators","068","Bolivia (Plurinational State of)","6121","Value","210041","Prevalence of undernourishment (percent) (3-year average)","20202022","2020-2022","%","19.1","E","Estimated value",""
"FS","Suite of Food Security Indicators","068","Bolivia (Plurinational State of)","6121","Value","210041","Prevalence of undernourishment (percent) (3-year average)","20212023","2021-2023","%","21.6","E","Estimated value",""
"FS","Suite of Food Security Indicators","068","Bolivia (Plurinational State of)","6121","Value","210041","Prevalence of undernourishment (percent) (3-year average)","20222024","2022-2024","%","21.8","E","Estimated value",""
"FS","Suite of Food Security Indicators","070","Bosnia and Herzegovina","6121","Value","210041","Prevalence of undernourishment (percent) (3-year average)","20002002","2000-2002","%","3.6","E","Estimated value",""
"FS","Suite of Food Security Indicators","070","Bosnia and Herzegovina","6121","Value","210041","Prevalence of undernourishment (percent) (3-year average)","20012003","2001-2003","%","3.3","E","Estimated value",""
"FS","Suite of Food Security Indicators","070","Bosnia and Herzegovina","6121","Value","210041","Prevalence of undernourishment (percent) (3-year average)","20022004","2002-2004","%","2.8","E","Estimated value",""
"FS","Suite of Food Security Indicators","070","Bosnia and Herzegovina","6121","Value","210041","Prevalence of undernourishment (percent) (3-year average)","20032005","2003-2005","%","<2.5","E","Estimated value",""
"FS","Suite of Food Security Indicators","070","Bosnia and Herzegovina","6121","Value","210041","Prevalence of undernourishment (percent) (3-year average)","20042006","2004-2006","%","<2.5","E","Estimated value",""
"FS","Suite of Food Security Indicators","070","Bosnia and Herzegovina","6121","Value","210041","Prevalence of undernourishment (percent) (3-year average)","20052007","2005-2007","%","<2.5","E","Estimated value",""
"FS","Suite of Food Security Indicators","070","Bosnia and Herzegovina","6121","Value","210041","Prevalence of undernourishment (percent) (3-year average)","20062008","2006-2008","%","<2.5","E","Estimated value",""
"FS","Suite of Food Security Indicators","070","Bosnia and Herzegovina","6121","Value","210041","Prevalence of undernourishment (percent) (3-year average)","20072009","2007-2009","%","<2.5","E","Estimated value",""
"FS","Suite of Food Security Indicators","070","Bosnia and Herzegovina","6121","Value","210041","Prevalence of undernourishment (percent) (3-year average)","20082010","2008-2010","%","<2.5","E","Estimated value",""
"FS","Suite of Food Security Indicators","070","Bosnia and Herzegovina","6121","Value","210041","Prevalence of undernourishment (percent) (3-year average)","20092011","2009-2011","%","<2.5","E","Estimated value",""
"FS","Suite of Food Security Indicators","070","Bosnia and Herzegovina","6121","Value","210041","Prevalence of undernourishment (percent) (3-year average)","20102012","2010-2012","%","<2.5","E","Estimated value",""
"FS","Suite of Food Security Indicators","070","Bosnia and Herzegovina","6121","Value","210041","Prevalence of undernourishment (percent) (3-year average)","20112013","2011-2013","%","<2.5","E","Estimated value",""
"FS","Suite of Food Security Indicators","070","Bosnia and Herzegovina","6121","Value","210041","Prevalence of undernourishment (percent) (3-year average)","20122014","2012-2014","%","<2.5","E","Estimated value",""
"FS","Suite of Food Security Indicators","070","Bosnia and Herzegovina","6121","Value","210041","Prevalence of undernourishment (percent) (3-year average)","20132015","2013-2015","%","<2.5","E","Estimated value",""
"FS","Suite of Food Security Indicators","070","Bosnia and Herzegovina","6121","Value","210041","Prevalence of undernourishment (percent) (3-year average)","20142016","2014-2016","%","<2.5","E","Estimated value",""
"FS","Suite of Food Security Indicators","070","Bosnia and Herzegovina","6121","Value","210041","Prevalence of undernourishment (percent) (3-year average)","20152017","2015-2017","%","<2.5","E","Estimated value",""
"FS","Suite of Food Security Indicators","070","Bosnia and Herzegovina","6121","Value","210041","Prevalence of undernourishment (percent) (3-year average)","20162018","2016-2018","%","<2.5","E","Estimated value",""
"FS","Suite of Food Security Indicators","070","Bosnia and Herzegovina","6121","Value","210041","Prevalence of undernourishment (percent) (3-year average)","20172019","2017-2019","%","<2.5","E","Estimated value",""
"FS","Suite of Food Security Indicators","070","Bosnia and Herzegovina","6121","Value","210041","Prevalence of undernourishment (percent) (3-year average)","20182020","2018-2020","%","<2.5","E","Estimated value",""
"FS","Suite of Food Security Indicators","070","Bosnia and Herzegovina","6121","Value","210041","Prevalence of undernourishment (percent) (3-year average)","20192021","2019-2021","%","<2.5","E","Estimated value",""
"FS","Suite of Food Security Indicators","070","Bosnia and Herzegovina","6121","Value","210041","Prevalence of undernourishment (percent) (3-year average)","20202022","2020-2022","%","<2.5","E","Estimated value",""
"FS","Suite of Food Security Indicators","070","Bosnia and Herzegovina","6121","Value","210041","Prevalence of undernourishment (percent) (3-year average)","20212023","2021-2023","%","<2.5","E","Estimated value",""
"FS","Suite of Food Security Indicators","070","Bosnia and Herzegovina","6121","Value","210041","Prevalence of undernourishment (percent) (3-year average)","20222024","2022-2024","%","<2.5","E","Estimated value",""
"FS","Suite of Food Security Indicators","072","Botswana","6121","Value","210041","Prevalence of undernourishment (percent) (3-year average)","20002002","2000-2002","%","28.1","E","Estimated value",""
"FS","Suite of Food Security Indicators","072","Botswana","6121","Value","210041","Prevalence of undernourishment (percent) (3-year average)","20012003","2001-2003","%","28.5","E","Estimated value",""
"FS","Suite of Food Security Indicators","072","Botswana","6121","Value","210041","Prevalence of undernourishment (percent) (3-year average)","20022004","2002-2004","%","29","E","Estimated value",""
"FS","Suite of Food Security Indicators","072","Botswana","6121","Value","210041","Prevalence of undernourishment (percent) (3-year average)","20032005","2003-2005","%","28.1","E","Estimated value",""
"FS","Suite of Food Security Indicators","072","Botswana","6121","Value","210041","Prevalence of undernourishment (percent) (3-year average)","20042006","2004-2006","%","26.9","E","Estimated value",""
"FS","Suite of Food Security Indicators","072","Botswana","6121","Value","210041","Prevalence of undernourishment (percent) (3-year average)","20052007","2005-2007","%","26.6","E","Estimated value",""
"FS","Suite of Food Security Indicators","072","Botswana","6121","Value","210041","Prevalence of undernourishment (percent) (3-year average)","20062008","2006-2008","%","26.3","E","Estimated value",""
"FS","Suite of Food Security Indicators","072","Botswana","6121","Value","210041","Prevalence of undernourishment (percent) (3-year average)","20072009","2007-2009","%","26","E","Estimated value",""
"FS","Suite of Food Security Indicators","072","Botswana","6121","Value","210041","Prevalence of undernourishment (percent) (3-year average)","20082010","2008-2010","%","24.8","E","Estimated value",""
"FS","Suite of Food Security Indicators","072","Botswana","6121","Value","210041","Prevalence of undernourishment (percent) (3-year average)","20092011","2009-2011","%","23.3","E","Estimated value",""
"FS","Suite of Food Security Indicators","072","Botswana","6121","Value","210041","Prevalence of undernourishment (percent) (3-year average)","20102012","2010-2012","%","22","E","Estimated value",""
"FS","Suite of Food Security Indicators","072","Botswana","6121","Value","210041","Prevalence of undernourishment (percent) (3-year average)","20112013","2011-2013","%","21.3","E","Estimated value",""
"FS","Suite of Food Security Indicators","072","Botswana","6121","Value","210041","Prevalence of undernourishment (percent) (3-year average)","20122014","2012-2014","%","20.8","E","Estimated value",""
"FS","Suite of Food Security Indicators","072","Botswana","6121","Value","210041","Prevalence of undernourishment (percent) (3-year average)","20132015","2013-2015","%","20.1","E","Estimated value",""
"FS","Suite of Food Security Indicators","072","Botswana","6121","Value","210041","Prevalence of undernourishment (percent) (3-year average)","20142016","2014-2016","%","20.3","E","Estimated value",""
"FS","Suite of Food Security Indicators","072","Botswana","6121","Value","210041","Prevalence of undernourishment (percent) (3-year average)","20152017","2015-2017","%","20.9","E","Estimated value",""
"FS","Suite of Food Security Indicators","072","Botswana","6121","Value","210041","Prevalence of undernourishment (percent) (3-year average)","20162018","2016-2018","%","22.1","E","Estimated value",""
"FS","Suite of Food Security Indicators","072","Botswana","6121","Value","210041","Prevalence of undernourishment (percent) (3-year average)","20172019","2017-2019","%","22.1","E","Estimated value",""
"FS","Suite of Food Security Indicators","072","Botswana","6121","Value","210041","Prevalence of undernourishment (percent) (3-year average)","20182020","2018-2020","%","22.8","E","Estimated value",""
"FS","Suite of Food Security Indicators","072","Botswana","6121","Value","210041","Prevalence of undernourishment (percent) (3-year average)","20192021","2019-2021","%","22.8","E","Estimated value",""
"FS","Suite of Food Security Indicators","072","Botswana","6121","Value","210041","Prevalence of undernourishment (percent) (3-year average)","20202022","2020-2022","%","22.9","E","Estimated value",""
"FS","Suite of Food Security Indicators","072","Botswana","6121","Value","210041","Prevalence of undernourishment (percent) (3-year average)","20212023","2021-2023","%","22.5","E","Estimated value",""
"FS","Suite of Food Security Indicators","072","Botswana","6121","Value","210041","Prevalence of undernourishment (percent) (3-year average)","20222024","2022-2024","%","24","E","Estimated value",""
"FS","Suite of Food Security Indicators","076","Brazil","6121","Value","210041","Prevalence of undernourishment (percent) (3-year average)","20002002","2000-2002","%","10.5","E","Estimated value",""
"FS","Suite of Food Security Indicators","076","Brazil","6121","Value","210041","Prevalence of undernourishment (percent) (3-year average)","20012003","2001-2003","%","9.1","E","Estimated value",""
"FS","Suite of Food Security Indicators","076","Brazil","6121","Value","210041","Prevalence of undernourishment (percent) (3-year average)","20022004","2002-2004","%","7.6","E","Estimated value",""
"FS","Suite of Food Security Indicators","076","Brazil","6121","Value","210041","Prevalence of undernourishment (percent) (3-year average)","20032005","2003-2005","%","6.3","E","Estimated value",""
"FS","Suite of Food Security Indicators","076","Brazil","6121","Value","210041","Prevalence of undernourishment (percent) (3-year average)","20042006","2004-2006","%","5.7","E","Estimated value",""
"FS","Suite of Food Security Indicators","076","Brazil","6121","Value","210041","Prevalence of undernourishment (percent) (3-year average)","20052007","2005-2007","%","5.1","E","Estimated value",""
"FS","Suite of Food Security Indicators","076","Brazil","6121","Value","210041","Prevalence of undernourishment (percent) (3-year average)","20062008","2006-2008","%","4.5","E","Estimated value",""
"FS","Suite of Food Security Indicators","076","Brazil","6121","Value","210041","Prevalence of undernourishment (percent) (3-year average)","20072009","2007-2009","%","4","E","Estimated value",""
"FS","Suite of Food Security Indicators","076","Brazil","6121","Value","210041","Prevalence of undernourishment (percent) (3-year average)","20082010","2008-2010","%","3.5","E","Estimated value",""
"FS","Suite of Food Security Indicators","076","Brazil","6121","Value","210041","Prevalence of undernourishment (percent) (3-year average)","20092011","2009-2011","%","3","E","Estimated value",""
"FS","Suite of Food Security Indicators","076","Brazil","6121","Value","210041","Prevalence of undernourishment (percent) (3-year average)","20102012","2010-2012","%","2.7","E","Estimated value",""
"FS","Suite of Food Security Indicators","076","Brazil","6121","Value","210041","Prevalence of undernourishment (percent) (3-year average)","20112013","2011-2013","%","<2.5","E","Estimated value",""
"FS","Suite of Food Security Indicators","076","Brazil","6121","Value","210041","Prevalence of undernourishment (percent) (3-year average)","20122014","2012-2014","%","<2.5","E","Estimated value",""
"FS","Suite of Food Security Indicators","076","Brazil","6121","Value","210041","Prevalence of undernourishment (percent) (3-year average)","20132015","2013-2015","%","<2.5","E","Estimated value",""
"FS","Suite of Food Security Indicators","076","Brazil","6121","Value","210041","Prevalence of undernourishment (percent) (3-year average)","20142016","2014-2016","%","<2.5","E","Estimated value",""
"FS","Suite of Food Security Indicators","076","Brazil","6121","Value","210041","Prevalence of undernourishment (percent) (3-year average)","20152017","2015-2017","%","<2.5","E","Estimated value",""
"FS","Suite of Food Security Indicators","076","Brazil","6121","Value","210041","Prevalence of undernourishment (percent) (3-year average)","20162018","2016-2018","%","<2.5","E","Estimated value",""
"FS","Suite of Food Security Indicators","076","Brazil","6121","Value","210041","Prevalence of undernourishment (percent) (3-year average)","20172019","2017-2019","%","<2.5","E","Estimated value",""
"FS","Suite of Food Security Indicators","076","Brazil","6121","Value","210041","Prevalence of undernourishment (percent) (3-year average)","20182020","2018-2020","%","<2.5","E","Estimated value",""
"FS","Suite of Food Security Indicators","076","Brazil","6121","Value","210041","Prevalence of undernourishment (percent) (3-year average)","20192021","2019-2021","%","2.8","E","Estimated value",""
"FS","Suite of Food Security Indicators","076","Brazil","6121","Value","210041","Prevalence of undernourishment (percent) (3-year average)","20202022","2020-2022","%","3.4","E","Estimated value",""
"FS","Suite of Food Security Indicators","076","Brazil","6121","Value","210041","Prevalence of undernourishment (percent) (3-year average)","20212023","2021-2023","%","3.2","E","Estimated value",""
"FS","Suite of Food Security Indicators","076","Brazil","6121","Value","210041","Prevalence of undernourishment (percent) (3-year average)","20222024","2022-2024","%","<2.5","E","Estimated value",""
"FS","Suite of Food Security Indicators","096","Brunei Darussalam","6121","Value","210041","Prevalence of undernourishment (percent) (3-year average)","20002002","2000-2002","%","","O","Missing value",""
"FS","Suite of Food Security Indicators","096","Brunei Darussalam","6121","Value","210041","Prevalence of undernourishment (percent) (3-year average)","20012003","2001-2003","%","","O","Missing value",""
"FS","Suite of Food Security Indicators","096","Brunei Darussalam","6121","Value","210041","Prevalence of undernourishment (percent) (3-year average)","20022004","2002-2004","%","","O","Missing value",""
"FS","Suite of Food Security Indicators","096","Brunei Darussalam","6121","Value","210041","Prevalence of undernourishment (percent) (3-year average)","20032005","2003-2005","%","","O","Missing value",""
"FS","Suite of Food Security Indicators","096","Brunei Darussalam","6121","Value","210041","Prevalence of undernourishment (percent) (3-year average)","20042006","2004-2006","%","","O","Missing value",""
"FS","Suite of Food Security Indicators","096","Brunei Darussalam","6121","Value","210041","Prevalence of undernourishment (percent) (3-year average)","20052007","2005-2007","%","","O","Missing value",""
"FS","Suite of Food Security Indicators","096","Brunei Darussalam","6121","Value","210041","Prevalence of undernourishment (percent) (3-year average)","20062008","2006-2008","%","","O","Missing value",""
"FS","Suite of Food Security Indicators","096","Brunei Darussalam","6121","Value","210041","Prevalence of undernourishment (percent) (3-year average)","20072009","2007-2009","%","","O","Missing value",""
"FS","Suite of Food Security Indicators","096","Brunei Darussalam","6121","Value","210041","Prevalence of undernourishment (percent) (3-year average)","20082010","2008-2010","%","","O","Missing value",""
"FS","Suite of Food Security Indicators","096","Brunei Darussalam","6121","Value","210041","Prevalence of undernourishment (percent) (3-year average)","20092011","2009-2011","%","","O","Missing value",""
"FS","Suite of Food Security Indicators","096","Brunei Darussalam","6121","Value","210041","Prevalence of undernourishment (percent) (3-year average)","20102012","2010-2012","%","","O","Missing value",""
"FS","Suite of Food Security Indicators","096","Brunei Darussalam","6121","Value","210041","Prevalence of undernourishment (percent) (3-year average)","20112013","2011-2013","%","","O","Missing value",""
"FS","Suite of Food Security Indicators","096","Brunei Darussalam","6121","Value","210041","Prevalence of undernourishment (percent) (3-year average)","20122014","2012-2014","%","","O","Missing value",""
"FS","Suite of Food Security Indicators","096","Brunei Darussalam","6121","Value","210041","Prevalence of undernourishment (percent) (3-year average)","20132015","2013-2015","%","","O","Missing value",""
"FS","Suite of Food Security Indicators","096","Brunei Darussalam","6121","Value","210041","Prevalence of undernourishment (percent) (3-year average)","20142016","2014-2016","%","","O","Missing value",""
"FS","Suite of Food Security Indicators","096","Brunei Darussalam","6121","Value","210041","Prevalence of undernourishment (percent) (3-year average)","20152017","2015-2017","%","","O","Missing value",""
"FS","Suite of Food Security Indicators","096","Brunei Darussalam","6121","Value","210041","Prevalence of undernourishment (percent) (3-year average)","20162018","2016-2018","%","","O","Missing value",""
"FS","Suite of Food Security Indicators","096","Brunei Darussalam","6121","Value","210041","Prevalence of undernourishment (percent) (3-year average)","20172019","2017-2019","%","","O","Missing value",""
"FS","Suite of Food Security Indicators","096","Brunei Darussalam","6121","Value","210041","Prevalence of undernourishment (percent) (3-year average)","20182020","2018-2020","%","","O","Missing value",""
"FS","Suite of Food Security Indicators","096","Brunei Darussalam","6121","Value","210041","Prevalence of undernourishment (percent) (3-year average)","20192021","2019-2021","%","","O","Missing value",""
"FS","Suite of Food Security Indicators","096","Brunei Darussalam","6121","Value","210041","Prevalence of undernourishment (percent) (3-year average)","20202022","2020-2022","%","","O","Missing value",""
"FS","Suite of Food Security Indicators","096","Brunei Darussalam","6121","Value","210041","Prevalence of undernourishment (percent) (3-year average)","20212023","2021-2023","%","","O","Missing value",""
"FS","Suite of Food Security Indicators","096","Brunei Darussalam","6121","Value","210041","Prevalence of undernourishment (percent) (3-year average)","20222024","2022-2024","%","","O","Missing value",""
"FS","Suite of Food Security Indicators","100","Bulgaria","6121","Value","210041","Prevalence of undernourishment (percent) (3-year average)","20002002","2000-2002","%","4.9","E","Estimated value",""
"FS","Suite of Food Security Indicators","100","Bulgaria","6121","Value","210041","Prevalence of undernourishment (percent) (3-year average)","20012003","2001-2003","%","5.2","E","Estimated value",""
"FS","Suite of Food Security Indicators","100","Bulgaria","6121","Value","210041","Prevalence of undernourishment (percent) (3-year average)","20022004","2002-2004","%","5.6","E","Estimated value",""
"FS","Suite of Food Security Indicators","100","Bulgaria","6121","Value","210041","Prevalence of undernourishment (percent) (3-year average)","20032005","2003-2005","%","6","E","Estimated value",""
"FS","Suite of Food Security Indicators","100","Bulgaria","6121","Value","210041","Prevalence of undernourishment (percent) (3-year average)","20042006","2004-2006","%","6.1","E","Estimated value",""
"FS","Suite of Food Security Indicators","100","Bulgaria","6121","Value","210041","Prevalence of undernourishment (percent) (3-year average)","20052007","2005-2007","%","6.3","E","Estimated value",""
"FS","Suite of Food Security Indicators","100","Bulgaria","6121","Value","210041","Prevalence of undernourishment (percent) (3-year average)","20062008","2006-2008","%","5.9","E","Estimated value",""
"FS","Suite of Food Security Indicators","100","Bulgaria","6121","Value","210041","Prevalence of undernourishment (percent) (3-year average)","20072009","2007-2009","%","5.8","E","Estimated value",""
"FS","Suite of Food Security Indicators","100","Bulgaria","6121","Value","210041","Prevalence of undernourishment (percent) (3-year average)","20082010","2008-2010","%","5.4","E","Estimated value",""
"FS","Suite of Food Security Indicators","100","Bulgaria","6121","Value","210041","Prevalence of undernourishment (percent) (3-year average)","20092011","2009-2011","%","5.3","E","Estimated value",""
"FS","Suite of Food Security Indicators","100","Bulgaria","6121","Value","210041","Prevalence of undernourishment (percent) (3-year average)","20102012","2010-2012","%","5.2","E","Estimated value",""
"FS","Suite of Food Security Indicators","100","Bulgaria","6121","Value","210041","Prevalence of undernourishment (percent) (3-year average)","20112013","2011-2013","%","4.8","E","Estimated value",""
"FS","Suite of Food Security Indicators","100","Bulgaria","6121","Value","210041","Prevalence of undernourishment (percent) (3-year average)","20122014","2012-2014","%","4.2","E","Estimated value",""
"FS","Suite of Food Security Indicators","100","Bulgaria","6121","Value","210041","Prevalence of undernourishment (percent) (3-year average)","20132015","2013-2015","%","4.2","E","Estimated value",""
"FS","Suite of Food Security Indicators","100","Bulgaria","6121","Value","210041","Prevalence of undernourishment (percent) (3-year average)","20142016","2014-2016","%","4.1","E","Estimated value",""
"FS","Suite of Food Security Indicators","100","Bulgaria","6121","Value","210041","Prevalence of undernourishment (percent) (3-year average)","20152017","2015-2017","%","4.2","E","Estimated value",""
"FS","Suite of Food Security Indicators","100","Bulgaria","6121","Value","210041","Prevalence of undernourishment (percent) (3-year average)","20162018","2016-2018","%","3.4","E","Estimated value",""
"FS","Suite of Food Security Indicators","100","Bulgaria","6121","Value","210041","Prevalence of undernourishment (percent) (3-year average)","20172019","2017-2019","%","3.1","E","Estimated value",""
"FS","Suite of Food Security Indicators","100","Bulgaria","6121","Value","210041","Prevalence of undernourishment (percent) (3-year average)","20182020","2018-2020","%","3","E","Estimated value",""
"FS","Suite of Food Security Indicators","100","Bulgaria","6121","Value","210041","Prevalence of undernourishment (percent) (3-year average)","20192021","2019-2021","%","2.8","E","Estimated value",""
"FS","Suite of Food Security Indicators","100","Bulgaria","6121","Value","210041","Prevalence of undernourishment (percent) (3-year average)","20202022","2020-2022","%","<2.5","E","Estimated value",""
"FS","Suite of Food Security Indicators","100","Bulgaria","6121","Value","210041","Prevalence of undernourishment (percent) (3-year average)","20212023","2021-2023","%","<2.5","E","Estimated value",""
"FS","Suite of Food Security Indicators","100","Bulgaria","6121","Value","210041","Prevalence of undernourishment (percent) (3-year average)","20222024","2022-2024","%","<2.5","E","Estimated value",""
"FS","Suite of Food Security Indicators","854","Burkina Faso","6121","Value","210041","Prevalence of undernourishment (percent) (3-year average)","20002002","2000-2002","%","22.4","E","Estimated value",""
"FS","Suite of Food Security Indicators","854","Burkina Faso","6121","Value","210041","Prevalence of undernourishment (percent) (3-year average)","20012003","2001-2003","%","20.4","E","Estimated value",""
"FS","Suite of Food Security Indicators","854","Burkina Faso","6121","Value","210041","Prevalence of undernourishment (percent) (3-year average)","20022004","2002-2004","%","18.5","E","Estimated value",""
"FS","Suite of Food Security Indicators","854","Burkina Faso","6121","Value","210041","Prevalence of undernourishment (percent) (3-year average)","20032005","2003-2005","%","17.4","E","Estimated value",""
"FS","Suite of Food Security Indicators","854","Burkina Faso","6121","Value","210041","Prevalence of undernourishment (percent) (3-year average)","20042006","2004-2006","%","17","E","Estimated value",""
"FS","Suite of Food Security Indicators","854","Burkina Faso","6121","Value","210041","Prevalence of undernourishment (percent) (3-year average)","20052007","2005-2007","%","16.5","E","Estimated value",""
"FS","Suite of Food Security Indicators","854","Burkina Faso","6121","Value","210041","Prevalence of undernourishment (percent) (3-year average)","20062008","2006-2008","%","15.9","E","Estimated value",""
"FS","Suite of Food Security Indicators","854","Burkina Faso","6121","Value","210041","Prevalence of undernourishment (percent) (3-year average)","20072009","2007-2009","%","15.4","E","Estimated value",""
"FS","Suite of Food Security Indicators","854","Burkina Faso","6121","Value","210041","Prevalence of undernourishment (percent) (3-year average)","20082010","2008-2010","%","15","E","Estimated value",""
"FS","Suite of Food Security Indicators","854","Burkina Faso","6121","Value","210041","Prevalence of undernourishment (percent) (3-year average)","20092011","2009-2011","%","15","E","Estimated value",""
"FS","Suite of Food Security Indicators","854","Burkina Faso","6121","Value","210041","Prevalence of undernourishment (percent) (3-year average)","20102012","2010-2012","%","14.6","E","Estimated value",""
"FS","Suite of Food Security Indicators","854","Burkina Faso","6121","Value","210041","Prevalence of undernourishment (percent) (3-year average)","20112013","2011-2013","%","14.1","E","Estimated value",""
"FS","Suite of Food Security Indicators","854","Burkina Faso","6121","Value","210041","Prevalence of undernourishment (percent) (3-year average)","20122014","2012-2014","%","13.5","E","Estimated value",""
"FS","Suite of Food Security Indicators","854","Burkina Faso","6121","Value","210041","Prevalence of undernourishment (percent) (3-year average)","20132015","2013-2015","%","13.4","E","Estimated value",""
"FS","Suite of Food Security Indicators","854","Burkina Faso","6121","Value","210041","Prevalence of undernourishment (percent) (3-year average)","20142016","2014-2016","%","13.6","E","Estimated value",""
"FS","Suite of Food Security Indicators","854","Burkina Faso","6121","Value","210041","Prevalence of undernourishment (percent) (3-year average)","20152017","2015-2017","%","14","E","Estimated value",""
"FS","Suite of Food Security Indicators","854","Burkina Faso","6121","Value","210041","Prevalence of undernourishment (percent) (3-year average)","20162018","2016-2018","%","14","E","Estimated value",""
"FS","Suite of Food Security Indicators","854","Burkina Faso","6121","Value","210041","Prevalence of undernourishment (percent) (3-year average)","20172019","2017-2019","%","14.5","E","Estimated value",""
"FS","Suite of Food Security Indicators","854","Burkina Faso","6121","Value","210041","Prevalence of undernourishment (percent) (3-year average)","20182020","2018-2020","%","14.3","E","Estimated value",""
"FS","Suite of Food Security Indicators","854","Burkina Faso","6121","Value","210041","Prevalence of undernourishment (percent) (3-year average)","20192021","2019-2021","%","14.9","E","Estimated value",""
"FS","Suite of Food Security Indicators","854","Burkina Faso","6121","Value","210041","Prevalence of undernourishment (percent) (3-year average)","20202022","2020-2022","%","14.3","E","Estimated value",""
"FS","Suite of Food Security Indicators","854","Burkina Faso","6121","Value","210041","Prevalence of undernourishment (percent) (3-year average)","20212023","2021-2023","%","13.9","E","Estimated value",""
"FS","Suite of Food Security Indicators","854","Burkina Faso","6121","Value","210041","Prevalence of undernourishment (percent) (3-year average)","20222024","2022-2024","%","13.1","E","Estimated value",""
"FS","Suite of Food Security Indicators","108","Burundi","6121","Value","210041","Prevalence of undernourishment (percent) (3-year average)","20002002","2000-2002","%","","O","Missing value",""
"FS","Suite of Food Security Indicators","108","Burundi","6121","Value","210041","Prevalence of undernourishment (percent) (3-year average)","20012003","2001-2003","%","","O","Missing value",""
"FS","Suite of Food Security Indicators","108","Burundi","6121","Value","210041","Prevalence of undernourishment (percent) (3-year average)","20022004","2002-2004","%","","O","Missing value",""
"FS","Suite of Food Security Indicators","108","Burundi","6121","Value","210041","Prevalence of undernourishment (percent) (3-year average)","20032005","2003-2005","%","","O","Missing value",""
"FS","Suite of Food Security Indicators","108","Burundi","6121","Value","210041","Prevalence of undernourishment (percent) (3-year average)","20042006","2004-2006","%","","O","Missing value",""
"FS","Suite of Food Security Indicators","108","Burundi","6121","Value","210041","Prevalence of undernourishment (percent) (3-year average)","20052007","2005-2007","%","","O","Missing value",""
"FS","Suite of Food Security Indicators","108","Burundi","6121","Value","210041","Prevalence of undernourishment (percent) (3-year average)","20062008","2006-2008","%","","O","Missing value",""
"FS","Suite of Food Security Indicators","108","Burundi","6121","Value","210041","Prevalence of undernourishment (percent) (3-year average)","20072009","2007-2009","%","","O","Missing value",""
"FS","Suite of Food Security Indicators","108","Burundi","6121","Value","210041","Prevalence of undernourishment (percent) (3-year average)","20082010","2008-2010","%","","O","Missing value",""
"FS","Suite of Food Security Indicators","108","Burundi","6121","Value","210041","Prevalence of undernourishment (percent) (3-year average)","20092011","2009-2011","%","","O","Missing value",""
"FS","Suite of Food Security Indicators","108","Burundi","6121","Value","210041","Prevalence of undernourishment (percent) (3-year average)","20102012","2010-2012","%","","O","Missing value",""
"FS","Suite of Food Security Indicators","108","Burundi","6121","Value","210041","Prevalence of undernourishment (percent) (3-year average)","20112013","2011-2013","%","","O","Missing value",""
"FS","Suite of Food Security Indicators","108","Burundi","6121","Value","210041","Prevalence of undernourishment (percent) (3-year average)","20122014","2012-2014","%","","O","Missing value",""
"FS","Suite of Food Security Indicators","108","Burundi","6121","Value","210041","Prevalence of undernourishment (percent) (3-year average)","20132015","2013-2015","%","","O","Missing value",""
"FS","Suite of Food Security Indicators","108","Burundi","6121","Value","210041","Prevalence of undernourishment (percent) (3-year average)","20142016","2014-2016","%","","O","Missing value",""
"FS","Suite of Food Security Indicators","108","Burundi","6121","Value","210041","Prevalence of undernourishment (percent) (3-year average)","20152017","2015-2017","%","","O","Missing value",""
"FS","Suite of Food Security Indicators","108","Burundi","6121","Value","210041","Prevalence of undernourishment (percent) (3-year average)","20162018","2016-2018","%","","O","Missing value",""
"FS","Suite of Food Security Indicators","108","Burundi","6121","Value","210041","Prevalence of undernourishment (percent) (3-year average)","20172019","2017-2019","%","","O","Missing value",""
"FS","Suite of Food Security Indicators","108","Burundi","6121","Value","210041","Prevalence of undernourishment (percent) (3-year average)","20182020","2018-2020","%","","O","Missing value",""
"FS","Suite of Food Security Indicators","108","Burundi","6121","Value","210041","Prevalence of undernourishment (percent) (3-year average)","20192021","2019-2021","%","","O","Missing value",""
"FS","Suite of Food Security Indicators","108","Burundi","6121","Value","210041","Prevalence of undernourishment (percent) (3-year average)","20202022","2020-2022","%","","O","Missing value",""
"FS","Suite of Food Security Indicators","108","Burundi","6121","Value","210041","Prevalence of undernourishment (percent) (3-year average)","20212023","2021-2023","%","","O","Missing value",""
"FS","Suite of Food Security Indicators","108","Burundi","6121","Value","210041","Prevalence of undernourishment (percent) (3-year average)","20222024","2022-2024","%","","O","Missing value",""
"FS","Suite of Food Security Indicators","132","Cabo Verde","6121","Value","210041","Prevalence of undernourishment (percent) (3-year average)","20002002","2000-2002","%","16.2","E","Estimated value",""
"FS","Suite of Food Security Indicators","132","Cabo Verde","6121","Value","210041","Prevalence of undernourishment (percent) (3-year average)","20012003","2001-2003","%","16.1","E","Estimated value",""
"FS","Suite of Food Security Indicators","132","Cabo Verde","6121","Value","210041","Prevalence of undernourishment (percent) (3-year average)","20022004","2002-2004","%","14.8","E","Estimated value",""
"FS","Suite of Food Security Indicators","132","Cabo Verde","6121","Value","210041","Prevalence of undernourishment (percent) (3-year average)","20032005","2003-2005","%","13","E","Estimated value",""
"FS","Suite of Food Security Indicators","132","Cabo Verde","6121","Value","210041","Prevalence of undernourishment (percent) (3-year average)","20042006","2004-2006","%","12.7","E","Estimated value",""
"FS","Suite of Food Security Indicators","132","Cabo Verde","6121","Value","210041","Prevalence of undernourishment (percent) (3-year average)","20052007","2005-2007","%","13.1","E","Estimated value",""
"FS","Suite of Food Security Indicators","132","Cabo Verde","6121","Value","210041","Prevalence of undernourishment (percent) (3-year average)","20062008","2006-2008","%","14.1","E","Estimated value",""
"FS","Suite of Food Security Indicators","132","Cabo Verde","6121","Value","210041","Prevalence of undernourishment (percent) (3-year average)","20072009","2007-2009","%","15","E","Estimated value",""
"FS","Suite of Food Security Indicators","132","Cabo Verde","6121","Value","210041","Prevalence of undernourishment (percent) (3-year average)","20082010","2008-2010","%","15.2","E","Estimated value",""
"FS","Suite of Food Security Indicators","132","Cabo Verde","6121","Value","210041","Prevalence of undernourishment (percent) (3-year average)","20092011","2009-2011","%","14.7","E","Estimated value",""
"FS","Suite of Food Security Indicators","132","Cabo Verde","6121","Value","210041","Prevalence of undernourishment (percent) (3-year average)","20102012","2010-2012","%","14.1","E","Estimated value",""
"FS","Suite of Food Security Indicators","132","Cabo Verde","6121","Value","210041","Prevalence of undernourishment (percent) (3-year average)","20112013","2011-2013","%","14.6","E","Estimated value",""
"FS","Suite of Food Security Indicators","132","Cabo Verde","6121","Value","210041","Prevalence of undernourishment (percent) (3-year average)","20122014","2012-2014","%","15.3","E","Estimated value",""
"FS","Suite of Food Security Indicators","132","Cabo Verde","6121","Value","210041","Prevalence of undernourishment (percent) (3-year average)","20132015","2013-2015","%","16.3","E","Estimated value",""
"FS","Suite of Food Security Indicators","132","Cabo Verde","6121","Value","210041","Prevalence of undernourishment (percent) (3-year average)","20142016","2014-2016","%","16.6","E","Estimated value",""
"FS","Suite of Food Security Indicators","132","Cabo Verde","6121","Value","210041","Prevalence of undernourishment (percent) (3-year average)","20152017","2015-2017","%","16.5","E","Estimated value",""
"FS","Suite of Food Security Indicators","132","Cabo Verde","6121","Value","210041","Prevalence of undernourishment (percent) (3-year average)","20162018","2016-2018","%","15.5","E","Estimated value",""
"FS","Suite of Food Security Indicators","132","Cabo Verde","6121","Value","210041","Prevalence of undernourishment (percent) (3-year average)","20172019","2017-2019","%","14.8","E","Estimated value",""
"FS","Suite of Food Security Indicators","132","Cabo Verde","6121","Value","210041","Prevalence of undernourishment (percent) (3-year average)","20182020","2018-2020","%","13.4","E","Estimated value",""
"FS","Suite of Food Security Indicators","132","Cabo Verde","6121","Value","210041","Prevalence of undernourishment (percent) (3-year average)","20192021","2019-2021","%","12.6","E","Estimated value",""
"FS","Suite of Food Security Indicators","132","Cabo Verde","6121","Value","210041","Prevalence of undernourishment (percent) (3-year average)","20202022","2020-2022","%","12.1","E","Estimated value",""
"FS","Suite of Food Security Indicators","132","Cabo Verde","6121","Value","210041","Prevalence of undernourishment (percent) (3-year average)","20212023","2021-2023","%","12.8","E","Estimated value",""
"FS","Suite of Food Security Indicators","132","Cabo Verde","6121","Value","210041","Prevalence of undernourishment (percent) (3-year average)","20222024","2022-2024","%","13.5","E","Estimated value",""
"FS","Suite of Food Security Indicators","116","Cambodia","6121","Value","210041","Prevalence of undernourishment (percent) (3-year average)","20002002","2000-2002","%","19.7","E","Estimated value",""
"FS","Suite of Food Security Indicators","116","Cambodia","6121","Value","210041","Prevalence of undernourishment (percent) (3-year average)","20012003","2001-2003","%","17.8","E","Estimated value",""
"FS","Suite of Food Security Indicators","116","Cambodia","6121","Value","210041","Prevalence of undernourishment (percent) (3-year average)","20022004","2002-2004","%","16.6","E","Estimated value",""
"FS","Suite of Food Security Indicators","116","Cambodia","6121","Value","210041","Prevalence of undernourishment (percent) (3-year average)","20032005","2003-2005","%","16.3","E","Estimated value",""
"FS","Suite of Food Security Indicators","116","Cambodia","6121","Value","210041","Prevalence of undernourishment (percent) (3-year average)","20042006","2004-2006","%","15.5","E","Estimated value",""
"FS","Suite of Food Security Indicators","116","Cambodia","6121","Value","210041","Prevalence of undernourishment (percent) (3-year average)","20052007","2005-2007","%","14.4","E","Estimated value",""
"FS","Suite of Food Security Indicators","116","Cambodia","6121","Value","210041","Prevalence of undernourishment (percent) (3-year average)","20062008","2006-2008","%","13.3","E","Estimated value",""
"FS","Suite of Food Security Indicators","116","Cambodia","6121","Value","210041","Prevalence of undernourishment (percent) (3-year average)","20072009","2007-2009","%","12.1","E","Estimated value",""
"FS","Suite of Food Security Indicators","116","Cambodia","6121","Value","210041","Prevalence of undernourishment (percent) (3-year average)","20082010","2008-2010","%","11.2","E","Estimated value",""
"FS","Suite of Food Security Indicators","116","Cambodia","6121","Value","210041","Prevalence of undernourishment (percent) (3-year average)","20092011","2009-2011","%","10","E","Estimated value",""
"FS","Suite of Food Security Indicators","116","Cambodia","6121","Value","210041","Prevalence of undernourishment (percent) (3-year average)","20102012","2010-2012","%","9.2","E","Estimated value",""
"FS","Suite of Food Security Indicators","116","Cambodia","6121","Value","210041","Prevalence of undernourishment (percent) (3-year average)","20112013","2011-2013","%","8.5","E","Estimated value",""
"FS","Suite of Food Security Indicators","116","Cambodia","6121","Value","210041","Prevalence of undernourishment (percent) (3-year average)","20122014","2012-2014","%","8.4","E","Estimated value",""
"FS","Suite of Food Security Indicators","116","Cambodia","6121","Value","210041","Prevalence of undernourishment (percent) (3-year average)","20132015","2013-2015","%","8.1","E","Estimated value",""
"FS","Suite of Food Security Indicators","116","Cambodia","6121","Value","210041","Prevalence of undernourishment (percent) (3-year average)","20142016","2014-2016","%","7.5","E","Estimated value",""
"FS","Suite of Food Security Indicators","116","Cambodia","6121","Value","210041","Prevalence of undernourishment (percent) (3-year average)","20152017","2015-2017","%","6.8","E","Estimated value",""
"FS","Suite of Food Security Indicators","116","Cambodia","6121","Value","210041","Prevalence of undernourishment (percent) (3-year average)","20162018","2016-2018","%","6.3","E","Estimated value",""
"FS","Suite of Food Security Indicators","116","Cambodia","6121","Value","210041","Prevalence of undernourishment (percent) (3-year average)","20172019","2017-2019","%","5.6","E","Estimated value",""
"FS","Suite of Food Security Indicators","116","Cambodia","6121","Value","210041","Prevalence of undernourishment (percent) (3-year average)","20182020","2018-2020","%","5.4","E","Estimated value",""
"FS","Suite of Food Security Indicators","116","Cambodia","6121","Value","210041","Prevalence of undernourishment (percent) (3-year average)","20192021","2019-2021","%","5.6","E","Estimated value",""
"FS","Suite of Food Security Indicators","116","Cambodia","6121","Value","210041","Prevalence of undernourishment (percent) (3-year average)","20202022","2020-2022","%","6.1","E","Estimated value",""
"FS","Suite of Food Security Indicators","116","Cambodia","6121","Value","210041","Prevalence of undernourishment (percent) (3-year average)","20212023","2021-2023","%","5.8","E","Estimated value",""
"FS","Suite of Food Security Indicators","116","Cambodia","6121","Value","210041","Prevalence of undernourishment (percent) (3-year average)","20222024","2022-2024","%","5.2","E","Estimated value",""
"FS","Suite of Food Security Indicators","120","Cameroon","6121","Value","210041","Prevalence of undernourishment (percent) (3-year average)","20002002","2000-2002","%","24.2","E","Estimated value",""
"FS","Suite of Food Security Indicators","120","Cameroon","6121","Value","210041","Prevalence of undernourishment (percent) (3-year average)","20012003","2001-2003","%","22","E","Estimated value",""
"FS","Suite of Food Security Indicators","120","Cameroon","6121","Value","210041","Prevalence of undernourishment (percent) (3-year average)","20022004","2002-2004","%","19.6","E","Estimated value",""
"FS","Suite of Food Security Indicators","120","Cameroon","6121","Value","210041","Prevalence of undernourishment (percent) (3-year average)","20032005","2003-2005","%","16.8","E","Estimated value",""
"FS","Suite of Food Security Indicators","120","Cameroon","6121","Value","210041","Prevalence of undernourishment (percent) (3-year average)","20042006","2004-2006","%","13.8","E","Estimated value",""
"FS","Suite of Food Security Indicators","120","Cameroon","6121","Value","210041","Prevalence of undernourishment (percent) (3-year average)","20052007","2005-2007","%","11.2","E","Estimated value",""
"FS","Suite of Food Security Indicators","120","Cameroon","6121","Value","210041","Prevalence of undernourishment (percent) (3-year average)","20062008","2006-2008","%","9.1","E","Estimated value",""
"FS","Suite of Food Security Indicators","120","Cameroon","6121","Value","210041","Prevalence of undernourishment (percent) (3-year average)","20072009","2007-2009","%","7.3","E","Estimated value",""
"FS","Suite of Food Security Indicators","120","Cameroon","6121","Value","210041","Prevalence of undernourishment (percent) (3-year average)","20082010","2008-2010","%","5.9","E","Estimated value",""
"FS","Suite of Food Security Indicators","120","Cameroon","6121","Value","210041","Prevalence of undernourishment (percent) (3-year average)","20092011","2009-2011","%","4.9","E","Estimated value",""
"FS","Suite of Food Security Indicators","120","Cameroon","6121","Value","210041","Prevalence of undernourishment (percent) (3-year average)","20102012","2010-2012","%","4.3","E","Estimated value",""
"FS","Suite of Food Security Indicators","120","Cameroon","6121","Value","210041","Prevalence of undernourishment (percent) (3-year average)","20112013","2011-2013","%","4.1","E","Estimated value",""
"FS","Suite of Food Security Indicators","120","Cameroon","6121","Value","210041","Prevalence of undernourishment (percent) (3-year average)","20122014","2012-2014","%","4.2","E","Estimated value",""
"FS","Suite of Food Security Indicators","120","Cameroon","6121","Value","210041","Prevalence of undernourishment (percent) (3-year average)","20132015","2013-2015","%","4.5","E","Estimated value",""
"FS","Suite of Food Security Indicators","120","Cameroon","6121","Value","210041","Prevalence of undernourishment (percent) (3-year average)","20142016","2014-2016","%","4.8","E","Estimated value",""
"FS","Suite of Food Security Indicators","120","Cameroon","6121","Value","210041","Prevalence of undernourishment (percent) (3-year average)","20152017","2015-2017","%","5.4","E","Estimated value",""
"FS","Suite of Food Security Indicators","120","Cameroon","6121","Value","210041","Prevalence of undernourishment (percent) (3-year average)","20162018","2016-2018","%","6","E","Estimated value",""
"FS","Suite of Food Security Indicators","120","Cameroon","6121","Value","210041","Prevalence of undernourishment (percent) (3-year average)","20172019","2017-2019","%","6.2","E","Estimated value",""
"FS","Suite of Food Security Indicators","120","Cameroon","6121","Value","210041","Prevalence of undernourishment (percent) (3-year average)","20182020","2018-2020","%","6.1","E","Estimated value",""
"FS","Suite of Food Security Indicators","120","Cameroon","6121","Value","210041","Prevalence of undernourishment (percent) (3-year average)","20192021","2019-2021","%","5.9","E","Estimated value",""
"FS","Suite of Food Security Indicators","120","Cameroon","6121","Value","210041","Prevalence of undernourishment (percent) (3-year average)","20202022","2020-2022","%","5.5","E","Estimated value",""
"FS","Suite of Food Security Indicators","120","Cameroon","6121","Value","210041","Prevalence of undernourishment (percent) (3-year average)","20212023","2021-2023","%","5.1","E","Estimated value",""
"FS","Suite of Food Security Indicators","120","Cameroon","6121","Value","210041","Prevalence of undernourishment (percent) (3-year average)","20222024","2022-2024","%","4.8","E","Estimated value",""
"FS","Suite of Food Security Indicators","124","Canada","6121","Value","210041","Prevalence of undernourishment (percent) (3-year average)","20002002","2000-2002","%","<2.5","E","Estimated value",""
"FS","Suite of Food Security Indicators","124","Canada","6121","Value","210041","Prevalence of undernourishment (percent) (3-year average)","20012003","2001-2003","%","<2.5","E","Estimated value",""
"FS","Suite of Food Security Indicators","124","Canada","6121","Value","210041","Prevalence of undernourishment (percent) (3-year average)","20022004","2002-2004","%","<2.5","E","Estimated value",""
"FS","Suite of Food Security Indicators","124","Canada","6121","Value","210041","Prevalence of undernourishment (percent) (3-year average)","20032005","2003-2005","%","<2.5","E","Estimated value",""
"FS","Suite of Food Security Indicators","124","Canada","6121","Value","210041","Prevalence of undernourishment (percent) (3-year average)","20042006","2004-2006","%","<2.5","E","Estimated value",""
"FS","Suite of Food Security Indicators","124","Canada","6121","Value","210041","Prevalence of undernourishment (percent) (3-year average)","20052007","2005-2007","%","<2.5","E","Estimated value",""
"FS","Suite of Food Security Indicators","124","Canada","6121","Value","210041","Prevalence of undernourishment (percent) (3-year average)","20062008","2006-2008","%","<2.5","E","Estimated value",""
"FS","Suite of Food Security Indicators","124","Canada","6121","Value","210041","Prevalence of undernourishment (percent) (3-year average)","20072009","2007-2009","%","<2.5","E","Estimated value",""
"FS","Suite of Food Security Indicators","124","Canada","6121","Value","210041","Prevalence of undernourishment (percent) (3-year average)","20082010","2008-2010","%","<2.5","E","Estimated value",""
"FS","Suite of Food Security Indicators","124","Canada","6121","Value","210041","Prevalence of undernourishment (percent) (3-year average)","20092011","2009-2011","%","<2.5","E","Estimated value",""
"FS","Suite of Food Security Indicators","124","Canada","6121","Value","210041","Prevalence of undernourishment (percent) (3-year average)","20102012","2010-2012","%","<2.5","E","Estimated value",""
"FS","Suite of Food Security Indicators","124","Canada","6121","Value","210041","Prevalence of undernourishment (percent) (3-year average)","20112013","2011-2013","%","<2.5","E","Estimated value",""
"FS","Suite of Food Security Indicators","124","Canada","6121","Value","210041","Prevalence of undernourishment (percent) (3-year average)","20122014","2012-2014","%","<2.5","E","Estimated value",""
"FS","Suite of Food Security Indicators","124","Canada","6121","Value","210041","Prevalence of undernourishment (percent) (3-year average)","20132015","2013-2015","%","<2.5","E","Estimated value",""
"FS","Suite of Food Security Indicators","124","Canada","6121","Value","210041","Prevalence of undernourishment (percent) (3-year average)","20142016","2014-2016","%","<2.5","E","Estimated value",""
"FS","Suite of Food Security Indicators","124","Canada","6121","Value","210041","Prevalence of undernourishment (percent) (3-year average)","20152017","2015-2017","%","<2.5","E","Estimated value",""
"FS","Suite of Food Security Indicators","124","Canada","6121","Value","210041","Prevalence of undernourishment (percent) (3-year average)","20162018","2016-2018","%","<2.5","E","Estimated value",""
"FS","Suite of Food Security Indicators","124","Canada","6121","Value","210041","Prevalence of undernourishment (percent) (3-year average)","20172019","2017-2019","%","<2.5","E","Estimated value",""
"FS","Suite of Food Security Indicators","124","Canada","6121","Value","210041","Prevalence of undernourishment (percent) (3-year average)","20182020","2018-2020","%","<2.5","E","Estimated value",""
"FS","Suite of Food Security Indicators","124","Canada","6121","Value","210041","Prevalence of undernourishment (percent) (3-year average)","20192021","2019-2021","%","<2.5","E","Estimated value",""
"FS","Suite of Food Security Indicators","124","Canada","6121","Value","210041","Prevalence of undernourishment (percent) (3-year average)","20202022","2020-2022","%","<2.5","E","Estimated value",""
"FS","Suite of Food Security Indicators","124","Canada","6121","Value","210041","Prevalence of undernourishment (percent) (3-year average)","20212023","2021-2023","%","<2.5","E","Estimated value",""
"FS","Suite of Food Security Indicators","124","Canada","6121","Value","210041","Prevalence of undernourishment (percent) (3-year average)","20222024","2022-2024","%","<2.5","E","Estimated value",""
"FS","Suite of Food Security Indicators","140","Central African Republic","6121","Value","210041","Prevalence of undernourishment (percent) (3-year average)","20002002","2000-2002","%","35.9","E","Estimated value",""
"FS","Suite of Food Security Indicators","140","Central African Republic","6121","Value","210041","Prevalence of undernourishment (percent) (3-year average)","20012003","2001-2003","%","36.9","E","Estimated value",""
"FS","Suite of Food Security Indicators","140","Central African Republic","6121","Value","210041","Prevalence of undernourishment (percent) (3-year average)","20022004","2002-2004","%","37.1","E","Estimated value",""
"FS","Suite of Food Security Indicators","140","Central African Republic","6121","Value","210041","Prevalence of undernourishment (percent) (3-year average)","20032005","2003-2005","%","36.7","E","Estimated value",""
"FS","Suite of Food Security Indicators","140","Central African Republic","6121","Value","210041","Prevalence of undernourishment (percent) (3-year average)","20042006","2004-2006","%","34.8","E","Estimated value",""
"FS","Suite of Food Security Indicators","140","Central African Republic","6121","Value","210041","Prevalence of undernourishment (percent) (3-year average)","20052007","2005-2007","%","33","E","Estimated value",""
"FS","Suite of Food Security Indicators","140","Central African Republic","6121","Value","210041","Prevalence of undernourishment (percent) (3-year average)","20062008","2006-2008","%","31.2","E","Estimated value",""
"FS","Suite of Food Security Indicators","140","Central African Republic","6121","Value","210041","Prevalence of undernourishment (percent) (3-year average)","20072009","2007-2009","%","29.4","E","Estimated value",""
"FS","Suite of Food Security Indicators","140","Central African Republic","6121","Value","210041","Prevalence of undernourishment (percent) (3-year average)","20082010","2008-2010","%","27.6","E","Estimated value",""
"FS","Suite of Food Security Indicators","140","Central African Republic","6121","Value","210041","Prevalence of undernourishment (percent) (3-year average)","20092011","2009-2011","%","26.7","E","Estimated value",""
"FS","Suite of Food Security Indicators","140","Central African Republic","6121","Value","210041","Prevalence of undernourishment (percent) (3-year average)","20102012","2010-2012","%","26.3","E","Estimated value",""
"FS","Suite of Food Security Indicators","140","Central African Republic","6121","Value","210041","Prevalence of undernourishment (percent) (3-year average)","20112013","2011-2013","%","28.7","E","Estimated value",""
"FS","Suite of Food Security Indicators","140","Central African Republic","6121","Value","210041","Prevalence of undernourishment (percent) (3-year average)","20122014","2012-2014","%","30.1","E","Estimated value",""
"FS","Suite of Food Security Indicators","140","Central African Republic","6121","Value","210041","Prevalence of undernourishment (percent) (3-year average)","20132015","2013-2015","%","30.9","E","Estimated value",""
"FS","Suite of Food Security Indicators","140","Central African Republic","6121","Value","210041","Prevalence of undernourishment (percent) (3-year average)","20142016","2014-2016","%","28.6","E","Estimated value",""
"FS","Suite of Food Security Indicators","140","Central African Republic","6121","Value","210041","Prevalence of undernourishment (percent) (3-year average)","20152017","2015-2017","%","26.7","E","Estimated value",""
"FS","Suite of Food Security Indicators","140","Central African Republic","6121","Value","210041","Prevalence of undernourishment (percent) (3-year average)","20162018","2016-2018","%","25.3","E","Estimated value",""
"FS","Suite of Food Security Indicators","140","Central African Republic","6121","Value","210041","Prevalence of undernourishment (percent) (3-year average)","20172019","2017-2019","%","24.4","E","Estimated value",""
"FS","Suite of Food Security Indicators","140","Central African Republic","6121","Value","210041","Prevalence of undernourishment (percent) (3-year average)","20182020","2018-2020","%","25.2","E","Estimated value",""
"FS","Suite of Food Security Indicators","140","Central African Republic","6121","Value","210041","Prevalence of undernourishment (percent) (3-year average)","20192021","2019-2021","%","26.6","E","Estimated value",""
"FS","Suite of Food Security Indicators","140","Central African Republic","6121","Value","210041","Prevalence of undernourishment (percent) (3-year average)","20202022","2020-2022","%","29.2","E","Estimated value",""
"FS","Suite of Food Security Indicators","140","Central African Republic","6121","Value","210041","Prevalence of undernourishment (percent) (3-year average)","20212023","2021-2023","%","29.6","E","Estimated value",""
"FS","Suite of Food Security Indicators","140","Central African Republic","6121","Value","210041","Prevalence of undernourishment (percent) (3-year average)","20222024","2022-2024","%","29.8","E","Estimated value",""
"FS","Suite of Food Security Indicators","148","Chad","6121","Value","210041","Prevalence of undernourishment (percent) (3-year average)","20002002","2000-2002","%","34.4","E","Estimated value",""
"FS","Suite of Food Security Indicators","148","Chad","6121","Value","210041","Prevalence of undernourishment (percent) (3-year average)","20012003","2001-2003","%","33.4","E","Estimated value",""
"FS","Suite of Food Security Indicators","148","Chad","6121","Value","210041","Prevalence of undernourishment (percent) (3-year average)","20022004","2002-2004","%","33.9","E","Estimated value",""
"FS","Suite of Food Security Indicators","148","Chad","6121","Value","210041","Prevalence of undernourishment (percent) (3-year average)","20032005","2003-2005","%","32.4","E","Estimated value",""
"FS","Suite of Food Security Indicators","148","Chad","6121","Value","210041","Prevalence of undernourishment (percent) (3-year average)","20042006","2004-2006","%","30.9","E","Estimated value",""
"FS","Suite of Food Security Indicators","148","Chad","6121","Value","210041","Prevalence of undernourishment (percent) (3-year average)","20052007","2005-2007","%","28.6","E","Estimated value",""
"FS","Suite of Food Security Indicators","148","Chad","6121","Value","210041","Prevalence of undernourishment (percent) (3-year average)","20062008","2006-2008","%","26.6","E","Estimated value",""
"FS","Suite of Food Security Indicators","148","Chad","6121","Value","210041","Prevalence of undernourishment (percent) (3-year average)","20072009","2007-2009","%","24.7","E","Estimated value",""
"FS","Suite of Food Security Indicators","148","Chad","6121","Value","210041","Prevalence of undernourishment (percent) (3-year average)","20082010","2008-2010","%","24.1","E","Estimated value",""
"FS","Suite of Food Security Indicators","148","Chad","6121","Value","210041","Prevalence of undernourishment (percent) (3-year average)","20092011","2009-2011","%","24.1","E","Estimated value",""
"FS","Suite of Food Security Indicators","148","Chad","6121","Value","210041","Prevalence of undernourishment (percent) (3-year average)","20102012","2010-2012","%","24","E","Estimated value",""
"FS","Suite of Food Security Indicators","148","Chad","6121","Value","210041","Prevalence of undernourishment (percent) (3-year average)","20112013","2011-2013","%","23.5","E","Estimated value",""
"FS","Suite of Food Security Indicators","148","Chad","6121","Value","210041","Prevalence of undernourishment (percent) (3-year average)","20122014","2012-2014","%","23.8","E","Estimated value",""
"FS","Suite of Food Security Indicators","148","Chad","6121","Value","210041","Prevalence of undernourishment (percent) (3-year average)","20132015","2013-2015","%","25.2","E","Estimated value",""
"FS","Suite of Food Security Indicators","148","Chad","6121","Value","210041","Prevalence of undernourishment (percent) (3-year average)","20142016","2014-2016","%","25.9","E","Estimated value",""
"FS","Suite of Food Security Indicators","148","Chad","6121","Value","210041","Prevalence of undernourishment (percent) (3-year average)","20152017","2015-2017","%","26.1","E","Estimated value",""
"FS","Suite of Food Security Indicators","148","Chad","6121","Value","210041","Prevalence of undernourishment (percent) (3-year average)","20162018","2016-2018","%","26.7","E","Estimated value",""
"FS","Suite of Food Security Indicators","148","Chad","6121","Value","210041","Prevalence of undernourishment (percent) (3-year average)","20172019","2017-2019","%","28.1","E","Estimated value",""
"FS","Suite of Food Security Indicators","148","Chad","6121","Value","210041","Prevalence of undernourishment (percent) (3-year average)","20182020","2018-2020","%","29.8","E","Estimated value",""
"FS","Suite of Food Security Indicators","148","Chad","6121","Value","210041","Prevalence of undernourishment (percent) (3-year average)","20192021","2019-2021","%","30.1","E","Estimated value",""
"FS","Suite of Food Security Indicators","148","Chad","6121","Value","210041","Prevalence of undernourishment (percent) (3-year average)","20202022","2020-2022","%","30.1","E","Estimated value",""
"FS","Suite of Food Security Indicators","148","Chad","6121","Value","210041","Prevalence of undernourishment (percent) (3-year average)","20212023","2021-2023","%","30.5","E","Estimated value",""
"FS","Suite of Food Security Indicators","148","Chad","6121","Value","210041","Prevalence of undernourishment (percent) (3-year average)","20222024","2022-2024","%","32","E","Estimated value",""
"FS","Suite of Food Security Indicators","152","Chile","6121","Value","210041","Prevalence of undernourishment (percent) (3-year average)","20002002","2000-2002","%","2.9","E","Estimated value",""
"FS","Suite of Food Security Indicators","152","Chile","6121","Value","210041","Prevalence of undernourishment (percent) (3-year average)","20012003","2001-2003","%","2.8","E","Estimated value",""
"FS","Suite of Food Security Indicators","152","Chile","6121","Value","210041","Prevalence of undernourishment (percent) (3-year average)","20022004","2002-2004","%","2.7","E","Estimated value",""
"FS","Suite of Food Security Indicators","152","Chile","6121","Value","210041","Prevalence of undernourishment (percent) (3-year average)","20032005","2003-2005","%","2.7","E","Estimated value",""
"FS","Suite of Food Security Indicators","152","Chile","6121","Value","210041","Prevalence of undernourishment (percent) (3-year average)","20042006","2004-2006","%","2.6","E","Estimated value",""
"FS","Suite of Food Security Indicators","152","Chile","6121","Value","210041","Prevalence of undernourishment (percent) (3-year average)","20052007","2005-2007","%","2.7","E","Estimated value",""
"FS","Suite of Food Security Indicators","152","Chile","6121","Value","210041","Prevalence of undernourishment (percent) (3-year average)","20062008","2006-2008","%","2.6","E","Estimated value",""
"FS","Suite of Food Security Indicators","152","Chile","6121","Value","210041","Prevalence of undernourishment (percent) (3-year average)","20072009","2007-2009","%","3","E","Estimated value",""
"FS","Suite of Food Security Indicators","152","Chile","6121","Value","210041","Prevalence of undernourishment (percent) (3-year average)","20082010","2008-2010","%","3.3","E","Estimated value",""
"FS","Suite of Food Security Indicators","152","Chile","6121","Value","210041","Prevalence of undernourishment (percent) (3-year average)","20092011","2009-2011","%","3.6","E","Estimated value",""
"FS","Suite of Food Security Indicators","152","Chile","6121","Value","210041","Prevalence of undernourishment (percent) (3-year average)","20102012","2010-2012","%","3.7","E","Estimated value",""
"FS","Suite of Food Security Indicators","152","Chile","6121","Value","210041","Prevalence of undernourishment (percent) (3-year average)","20112013","2011-2013","%","3.5","E","Estimated value",""
"FS","Suite of Food Security Indicators","152","Chile","6121","Value","210041","Prevalence of undernourishment (percent) (3-year average)","20122014","2012-2014","%","3.4","E","Estimated value",""
"FS","Suite of Food Security Indicators","152","Chile","6121","Value","210041","Prevalence of undernourishment (percent) (3-year average)","20132015","2013-2015","%","3.3","E","Estimated value",""
"FS","Suite of Food Security Indicators","152","Chile","6121","Value","210041","Prevalence of undernourishment (percent) (3-year average)","20142016","2014-2016","%","3.3","E","Estimated value",""
"FS","Suite of Food Security Indicators","152","Chile","6121","Value","210041","Prevalence of undernourishment (percent) (3-year average)","20152017","2015-2017","%","3.3","E","Estimated value",""
"FS","Suite of Food Security Indicators","152","Chile","6121","Value","210041","Prevalence of undernourishment (percent) (3-year average)","20162018","2016-2018","%","3.1","E","Estimated value",""
"FS","Suite of Food Security Indicators","152","Chile","6121","Value","210041","Prevalence of undernourishment (percent) (3-year average)","20172019","2017-2019","%","3","E","Estimated value",""
"FS","Suite of Food Security Indicators","152","Chile","6121","Value","210041","Prevalence of undernourishment (percent) (3-year average)","20182020","2018-2020","%","2.7","E","Estimated value",""
"FS","Suite of Food Security Indicators","152","Chile","6121","Value","210041","Prevalence of undernourishment (percent) (3-year average)","20192021","2019-2021","%","2.5","E","Estimated value",""
"FS","Suite of Food Security Indicators","152","Chile","6121","Value","210041","Prevalence of undernourishment (percent) (3-year average)","20202022","2020-2022","%","<2.5","E","Estimated value",""
"FS","Suite of Food Security Indicators","152","Chile","6121","Value","210041","Prevalence of undernourishment (percent) (3-year average)","20212023","2021-2023","%","2.5","E","Estimated value",""
"FS","Suite of Food Security Indicators","152","Chile","6121","Value","210041","Prevalence of undernourishment (percent) (3-year average)","20222024","2022-2024","%","2.5","E","Estimated value",""
"FS","Suite of Food Security Indicators","159","China","6121","Value","210041","Prevalence of undernourishment (percent) (3-year average)","20002002","2000-2002","%","9.8","E","Estimated value",""
"FS","Suite of Food Security Indicators","159","China","6121","Value","210041","Prevalence of undernourishment (percent) (3-year average)","20012003","2001-2003","%","9.2","E","Estimated value",""
"FS","Suite of Food Security Indicators","159","China","6121","Value","210041","Prevalence of undernourishment (percent) (3-year average)","20022004","2002-2004","%","8.5","E","Estimated value",""
"FS","Suite of Food Security Indicators","159","China","6121","Value","210041","Prevalence of undernourishment (percent) (3-year average)","20032005","2003-2005","%","7.7","E","Estimated value",""
"FS","Suite of Food Security Indicators","159","China","6121","Value","210041","Prevalence of undernourishment (percent) (3-year average)","20042006","2004-2006","%","6.8","E","Estimated value",""
"FS","Suite of Food Security Indicators","159","China","6121","Value","210041","Prevalence of undernourishment (percent) (3-year average)","20052007","2005-2007","%","5.9","E","Estimated value",""
"FS","Suite of Food Security Indicators","159","China","6121","Value","210041","Prevalence of undernourishment (percent) (3-year average)","20062008","2006-2008","%","4.9","E","Estimated value",""
"FS","Suite of Food Security Indicators","159","China","6121","Value","210041","Prevalence of undernourishment (percent) (3-year average)","20072009","2007-2009","%","3.9","E","Estimated value",""
"FS","Suite of Food Security Indicators","159","China","6121","Value","210041","Prevalence of undernourishment (percent) (3-year average)","20082010","2008-2010","%","2.9","E","Estimated value",""
"FS","Suite of Food Security Indicators","159","China","6121","Value","210041","Prevalence of undernourishment (percent) (3-year average)","20092011","2009-2011","%","<2.5","E","Estimated value",""
"FS","Suite of Food Security Indicators","159","China","6121","Value","210041","Prevalence of undernourishment (percent) (3-year average)","20102012","2010-2012","%","<2.5","E","Estimated value",""
"FS","Suite of Food Security Indicators","159","China","6121","Value","210041","Prevalence of undernourishment (percent) (3-year average)","20112013","2011-2013","%","<2.5","E","Estimated value",""
"FS","Suite of Food Security Indicators","159","China","6121","Value","210041","Prevalence of undernourishment (percent) (3-year average)","20122014","2012-2014","%","<2.5","E","Estimated value",""
"FS","Suite of Food Security Indicators","159","China","6121","Value","210041","Prevalence of undernourishment (percent) (3-year average)","20132015","2013-2015","%","<2.5","E","Estimated value",""
"FS","Suite of Food Security Indicators","159","China","6121","Value","210041","Prevalence of undernourishment (percent) (3-year average)","20142016","2014-2016","%","<2.5","E","Estimated value",""
"FS","Suite of Food Security Indicators","159","China","6121","Value","210041","Prevalence of undernourishment (percent) (3-year average)","20152017","2015-2017","%","<2.5","E","Estimated value",""
"FS","Suite of Food Security Indicators","159","China","6121","Value","210041","Prevalence of undernourishment (percent) (3-year average)","20162018","2016-2018","%","<2.5","E","Estimated value",""
"FS","Suite of Food Security Indicators","159","China","6121","Value","210041","Prevalence of undernourishment (percent) (3-year average)","20172019","2017-2019","%","<2.5","E","Estimated value",""
"FS","Suite of Food Security Indicators","159","China","6121","Value","210041","Prevalence of undernourishment (percent) (3-year average)","20182020","2018-2020","%","<2.5","E","Estimated value",""
"FS","Suite of Food Security Indicators","159","China","6121","Value","210041","Prevalence of undernourishment (percent) (3-year average)","20192021","2019-2021","%","<2.5","E","Estimated value",""
"FS","Suite of Food Security Indicators","159","China","6121","Value","210041","Prevalence of undernourishment (percent) (3-year average)","20202022","2020-2022","%","<2.5","E","Estimated value",""
"FS","Suite of Food Security Indicators","159","China","6121","Value","210041","Prevalence of undernourishment (percent) (3-year average)","20212023","2021-2023","%","<2.5","E","Estimated value",""
"FS","Suite of Food Security Indicators","159","China","6121","Value","210041","Prevalence of undernourishment (percent) (3-year average)","20222024","2022-2024","%","<2.5","E","Estimated value",""
"FS","Suite of Food Security Indicators","344","China, Hong Kong SAR","6121","Value","210041","Prevalence of undernourishment (percent) (3-year average)","20002002","2000-2002","%","<2.5","E","Estimated value",""
"FS","Suite of Food Security Indicators","344","China, Hong Kong SAR","6121","Value","210041","Prevalence of undernourishment (percent) (3-year average)","20012003","2001-2003","%","<2.5","E","Estimated value",""
"FS","Suite of Food Security Indicators","344","China, Hong Kong SAR","6121","Value","210041","Prevalence of undernourishment (percent) (3-year average)","20022004","2002-2004","%","<2.5","E","Estimated value",""
"FS","Suite of Food Security Indicators","344","China, Hong Kong SAR","6121","Value","210041","Prevalence of undernourishment (percent) (3-year average)","20032005","2003-2005","%","<2.5","E","Estimated value",""
"FS","Suite of Food Security Indicators","344","China, Hong Kong SAR","6121","Value","210041","Prevalence of undernourishment (percent) (3-year average)","20042006","2004-2006","%","<2.5","E","Estimated value",""
"FS","Suite of Food Security Indicators","344","China, Hong Kong SAR","6121","Value","210041","Prevalence of undernourishment (percent) (3-year average)","20052007","2005-2007","%","<2.5","E","Estimated value",""
"FS","Suite of Food Security Indicators","344","China, Hong Kong SAR","6121","Value","210041","Prevalence of undernourishment (percent) (3-year average)","20062008","2006-2008","%","<2.5","E","Estimated value",""
"FS","Suite of Food Security Indicators","344","China, Hong Kong SAR","6121","Value","210041","Prevalence of undernourishment (percent) (3-year average)","20072009","2007-2009","%","<2.5","E","Estimated value",""
"FS","Suite of Food Security Indicators","344","China, Hong Kong SAR","6121","Value","210041","Prevalence of undernourishment (percent) (3-year average)","20082010","2008-2010","%","<2.5","E","Estimated value",""
"FS","Suite of Food Security Indicators","344","China, Hong Kong SAR","6121","Value","210041","Prevalence of undernourishment (percent) (3-year average)","20092011","2009-2011","%","<2.5","E","Estimated value",""
"FS","Suite of Food Security Indicators","344","China, Hong Kong SAR","6121","Value","210041","Prevalence of undernourishment (percent) (3-year average)","20102012","2010-2012","%","<2.5","E","Estimated value",""
"FS","Suite of Food Security Indicators","344","China, Hong Kong SAR","6121","Value","210041","Prevalence of undernourishment (percent) (3-year average)","20112013","2011-2013","%","2.5","E","Estimated value",""
"FS","Suite of Food Security Indicators","344","China, Hong Kong SAR","6121","Value","210041","Prevalence of undernourishment (percent) (3-year average)","20122014","2012-2014","%","2.5","E","Estimated value",""
"FS","Suite of Food Security Indicators","344","China, Hong Kong SAR","6121","Value","210041","Prevalence of undernourishment (percent) (3-year average)","20132015","2013-2015","%","2.6","E","Estimated value",""
"FS","Suite of Food Security Indicators","344","China, Hong Kong SAR","6121","Value","210041","Prevalence of undernourishment (percent) (3-year average)","20142016","2014-2016","%","<2.5","E","Estimated value",""
"FS","Suite of Food Security Indicators","344","China, Hong Kong SAR","6121","Value","210041","Prevalence of undernourishment (percent) (3-year average)","20152017","2015-2017","%","<2.5","E","Estimated value",""
"FS","Suite of Food Security Indicators","344","China, Hong Kong SAR","6121","Value","210041","Prevalence of undernourishment (percent) (3-year average)","20162018","2016-2018","%","<2.5","E","Estimated value",""
"FS","Suite of Food Security Indicators","344","China, Hong Kong SAR","6121","Value","210041","Prevalence of undernourishment (percent) (3-year average)","20172019","2017-2019","%","<2.5","E","Estimated value",""
"FS","Suite of Food Security Indicators","344","China, Hong Kong SAR","6121","Value","210041","Prevalence of undernourishment (percent) (3-year average)","20182020","2018-2020","%","<2.5","E","Estimated value",""
"FS","Suite of Food Security Indicators","344","China, Hong Kong SAR","6121","Value","210041","Prevalence of undernourishment (percent) (3-year average)","20192021","2019-2021","%","<2.5","E","Estimated value",""
"FS","Suite of Food Security Indicators","344","China, Hong Kong SAR","6121","Value","210041","Prevalence of undernourishment (percent) (3-year average)","20202022","2020-2022","%","2.7","E","Estimated value",""
"FS","Suite of Food Security Indicators","344","China, Hong Kong SAR","6121","Value","210041","Prevalence of undernourishment (percent) (3-year average)","20212023","2021-2023","%","2.9","E","Estimated value",""
"FS","Suite of Food Security Indicators","344","China, Hong Kong SAR","6121","Value","210041","Prevalence of undernourishment (percent) (3-year average)","20222024","2022-2024","%","3.1","E","Estimated value",""
"FS","Suite of Food Security Indicators","446","China, Macao SAR","6121","Value","210041","Prevalence of undernourishment (percent) (3-year average)","20002002","2000-2002","%","20.1","E","Estimated value",""
"FS","Suite of Food Security Indicators","446","China, Macao SAR","6121","Value","210041","Prevalence of undernourishment (percent) (3-year average)","20012003","2001-2003","%","19.4","E","Estimated value",""
"FS","Suite of Food Security Indicators","446","China, Macao SAR","6121","Value","210041","Prevalence of undernourishment (percent) (3-year average)","20022004","2002-2004","%","17.9","E","Estimated value",""
"FS","Suite of Food Security Indicators","446","China, Macao SAR","6121","Value","210041","Prevalence of undernourishment (percent) (3-year average)","20032005","2003-2005","%","16.4","E","Estimated value",""
"FS","Suite of Food Security Indicators","446","China, Macao SAR","6121","Value","210041","Prevalence of undernourishment (percent) (3-year average)","20042006","2004-2006","%","14.9","E","Estimated value",""
"FS","Suite of Food Security Indicators","446","China, Macao SAR","6121","Value","210041","Prevalence of undernourishment (percent) (3-year average)","20052007","2005-2007","%","13.9","E","Estimated value",""
"FS","Suite of Food Security Indicators","446","China, Macao SAR","6121","Value","210041","Prevalence of undernourishment (percent) (3-year average)","20062008","2006-2008","%","13","E","Estimated value",""
"FS","Suite of Food Security Indicators","446","China, Macao SAR","6121","Value","210041","Prevalence of undernourishment (percent) (3-year average)","20072009","2007-2009","%","12","E","Estimated value",""
"FS","Suite of Food Security Indicators","446","China, Macao SAR","6121","Value","210041","Prevalence of undernourishment (percent) (3-year average)","20082010","2008-2010","%","11.3","E","Estimated value",""
"FS","Suite of Food Security Indicators","446","China, Macao SAR","6121","Value","210041","Prevalence of undernourishment (percent) (3-year average)","20092011","2009-2011","%","10.2","E","Estimated value",""
"FS","Suite of Food Security Indicators","446","China, Macao SAR","6121","Value","210041","Prevalence of undernourishment (percent) (3-year average)","20102012","2010-2012","%","9.4","E","Estimated value",""
"FS","Suite of Food Security Indicators","446","China, Macao SAR","6121","Value","210041","Prevalence of undernourishment (percent) (3-year average)","20112013","2011-2013","%","8.4","E","Estimated value",""
"FS","Suite of Food Security Indicators","446","China, Macao SAR","6121","Value","210041","Prevalence of undernourishment (percent) (3-year average)","20122014","2012-2014","%","7.6","E","Estimated value",""
"FS","Suite of Food Security Indicators","446","China, Macao SAR","6121","Value","210041","Prevalence of undernourishment (percent) (3-year average)","20132015","2013-2015","%","6.7","E","Estimated value",""
"FS","Suite of Food Security Indicators","446","China, Macao SAR","6121","Value","210041","Prevalence of undernourishment (percent) (3-year average)","20142016","2014-2016","%","6.2","E","Estimated value",""
"FS","Suite of Food Security Indicators","446","China, Macao SAR","6121","Value","210041","Prevalence of undernourishment (percent) (3-year average)","20152017","2015-2017","%","6.1","E","Estimated value",""
"FS","Suite of Food Security Indicators","446","China, Macao SAR","6121","Value","210041","Prevalence of undernourishment (percent) (3-year average)","20162018","2016-2018","%","6","E","Estimated value",""
"FS","Suite of Food Security Indicators","446","China, Macao SAR","6121","Value","210041","Prevalence of undernourishment (percent) (3-year average)","20172019","2017-2019","%","5.9","E","Estimated value",""
"FS","Suite of Food Security Indicators","446","China, Macao SAR","6121","Value","210041","Prevalence of undernourishment (percent) (3-year average)","20182020","2018-2020","%","7.3","E","Estimated value",""
"FS","Suite of Food Security Indicators","446","China, Macao SAR","6121","Value","210041","Prevalence of undernourishment (percent) (3-year average)","20192021","2019-2021","%","8.7","E","Estimated value",""
"FS","Suite of Food Security Indicators","446","China, Macao SAR","6121","Value","210041","Prevalence of undernourishment (percent) (3-year average)","20202022","2020-2022","%","10.1","E","Estimated value",""
"FS","Suite of Food Security Indicators","446","China, Macao SAR","6121","Value","210041","Prevalence of undernourishment (percent) (3-year average)","20212023","2021-2023","%","10.4","E","Estimated value",""
"FS","Suite of Food Security Indicators","446","China, Macao SAR","6121","Value","210041","Prevalence of undernourishment (percent) (3-year average)","20222024","2022-2024","%","11.2","E","Estimated value",""
"FS","Suite of Food Security Indicators","156","China, mainland","6121","Value","210041","Prevalence of undernourishment (percent) (3-year average)","20002002","2000-2002","%","10","E","Estimated value",""
"FS","Suite of Food Security Indicators","156","China, mainland","6121","Value","210041","Prevalence of undernourishment (percent) (3-year average)","20012003","2001-2003","%","9.3","E","Estimated value",""
"FS","Suite of Food Security Indicators","156","China, mainland","6121","Value","210041","Prevalence of undernourishment (percent) (3-year average)","20022004","2002-2004","%","8.6","E","Estimated value",""
"FS","Suite of Food Security Indicators","156","China, mainland","6121","Value","210041","Prevalence of undernourishment (percent) (3-year average)","20032005","2003-2005","%","7.8","E","Estimated value",""
"FS","Suite of Food Security Indicators","156","China, mainland","6121","Value","210041","Prevalence of undernourishment (percent) (3-year average)","20042006","2004-2006","%","6.9","E","Estimated value",""
"FS","Suite of Food Security Indicators","156","China, mainland","6121","Value","210041","Prevalence of undernourishment (percent) (3-year average)","20052007","2005-2007","%","6","E","Estimated value",""
"FS","Suite of Food Security Indicators","156","China, mainland","6121","Value","210041","Prevalence of undernourishment (percent) (3-year average)","20062008","2006-2008","%","4.9","E","Estimated value",""
"FS","Suite of Food Security Indicators","156","China, mainland","6121","Value","210041","Prevalence of undernourishment (percent) (3-year average)","20072009","2007-2009","%","3.9","E","Estimated value",""
"FS","Suite of Food Security Indicators","156","China, mainland","6121","Value","210041","Prevalence of undernourishment (percent) (3-year average)","20082010","2008-2010","%","2.9","E","Estimated value",""
"FS","Suite of Food Security Indicators","156","China, mainland","6121","Value","210041","Prevalence of undernourishment (percent) (3-year average)","20092011","2009-2011","%","<2.5","E","Estimated value",""
"FS","Suite of Food Security Indicators","156","China, mainland","6121","Value","210041","Prevalence of undernourishment (percent) (3-year average)","20102012","2010-2012","%","<2.5","E","Estimated value",""
"FS","Suite of Food Security Indicators","156","China, mainland","6121","Value","210041","Prevalence of undernourishment (percent) (3-year average)","20112013","2011-2013","%","<2.5","E","Estimated value",""
"FS","Suite of Food Security Indicators","156","China, mainland","6121","Value","210041","Prevalence of undernourishment (percent) (3-year average)","20122014","2012-2014","%","<2.5","E","Estimated value",""
"FS","Suite of Food Security Indicators","156","China, mainland","6121","Value","210041","Prevalence of undernourishment (percent) (3-year average)","20132015","2013-2015","%","<2.5","E","Estimated value",""
"FS","Suite of Food Security Indicators","156","China, mainland","6121","Value","210041","Prevalence of undernourishment (percent) (3-year average)","20142016","2014-2016","%","<2.5","E","Estimated value",""
"FS","Suite of Food Security Indicators","156","China, mainland","6121","Value","210041","Prevalence of undernourishment (percent) (3-year average)","20152017","2015-2017","%","<2.5","E","Estimated value",""
"FS","Suite of Food Security Indicators","156","China, mainland","6121","Value","210041","Prevalence of undernourishment (percent) (3-year average)","20162018","2016-2018","%","<2.5","E","Estimated value",""
"FS","Suite of Food Security Indicators","156","China, mainland","6121","Value","210041","Prevalence of undernourishment (percent) (3-year average)","20172019","2017-2019","%","<2.5","E","Estimated value",""
"FS","Suite of Food Security Indicators","156","China, mainland","6121","Value","210041","Prevalence of undernourishment (percent) (3-year average)","20182020","2018-2020","%","<2.5","E","Estimated value",""
"FS","Suite of Food Security Indicators","156","China, mainland","6121","Value","210041","Prevalence of undernourishment (percent) (3-year average)","20192021","2019-2021","%","<2.5","E","Estimated value",""
"FS","Suite of Food Security Indicators","156","China, mainland","6121","Value","210041","Prevalence of undernourishment (percent) (3-year average)","20202022","2020-2022","%","<2.5","E","Estimated value",""
"FS","Suite of Food Security Indicators","156","China, mainland","6121","Value","210041","Prevalence of undernourishment (percent) (3-year average)","20212023","2021-2023","%","<2.5","E","Estimated value",""
"FS","Suite of Food Security Indicators","156","China, mainland","6121","Value","210041","Prevalence of undernourishment (percent) (3-year average)","20222024","2022-2024","%","<2.5","E","Estimated value",""
"FS","Suite of Food Security Indicators","158","China, Taiwan Province of","6121","Value","210041","Prevalence of undernourishment (percent) (3-year average)","20002002","2000-2002","%","3.7","E","Estimated value",""
"FS","Suite of Food Security Indicators","158","China, Taiwan Province of","6121","Value","210041","Prevalence of undernourishment (percent) (3-year average)","20012003","2001-2003","%","4.1","E","Estimated value",""
"FS","Suite of Food Security Indicators","158","China, Taiwan Province of","6121","Value","210041","Prevalence of undernourishment (percent) (3-year average)","20022004","2002-2004","%","4.2","E","Estimated value",""
"FS","Suite of Food Security Indicators","158","China, Taiwan Province of","6121","Value","210041","Prevalence of undernourishment (percent) (3-year average)","20032005","2003-2005","%","4.3","E","Estimated value",""
"FS","Suite of Food Security Indicators","158","China, Taiwan Province of","6121","Value","210041","Prevalence of undernourishment (percent) (3-year average)","20042006","2004-2006","%","4.5","E","Estimated value",""
"FS","Suite of Food Security Indicators","158","China, Taiwan Province of","6121","Value","210041","Prevalence of undernourishment (percent) (3-year average)","20052007","2005-2007","%","4.6","E","Estimated value",""
"FS","Suite of Food Security Indicators","158","China, Taiwan Province of","6121","Value","210041","Prevalence of undernourishment (percent) (3-year average)","20062008","2006-2008","%","4.8","E","Estimated value",""
"FS","Suite of Food Security Indicators","158","China, Taiwan Province of","6121","Value","210041","Prevalence of undernourishment (percent) (3-year average)","20072009","2007-2009","%","4.8","E","Estimated value",""
"FS","Suite of Food Security Indicators","158","China, Taiwan Province of","6121","Value","210041","Prevalence of undernourishment (percent) (3-year average)","20082010","2008-2010","%","4.8","E","Estimated value",""
"FS","Suite of Food Security Indicators","158","China, Taiwan Province of","6121","Value","210041","Prevalence of undernourishment (percent) (3-year average)","20092011","2009-2011","%","4.7","E","Estimated value",""
"FS","Suite of Food Security Indicators","158","China, Taiwan Province of","6121","Value","210041","Prevalence of undernourishment (percent) (3-year average)","20102012","2010-2012","%","4.8","E","Estimated value",""
"FS","Suite of Food Security Indicators","158","China, Taiwan Province of","6121","Value","210041","Prevalence of undernourishment (percent) (3-year average)","20112013","2011-2013","%","4.8","E","Estimated value",""
"FS","Suite of Food Security Indicators","158","China, Taiwan Province of","6121","Value","210041","Prevalence of undernourishment (percent) (3-year average)","20122014","2012-2014","%","4.6","E","Estimated value",""
"FS","Suite of Food Security Indicators","158","China, Taiwan Province of","6121","Value","210041","Prevalence of undernourishment (percent) (3-year average)","20132015","2013-2015","%","4.3","E","Estimated value",""
"FS","Suite of Food Security Indicators","158","China, Taiwan Province of","6121","Value","210041","Prevalence of undernourishment (percent) (3-year average)","20142016","2014-2016","%","4.3","E","Estimated value",""
"FS","Suite of Food Security Indicators","158","China, Taiwan Province of","6121","Value","210041","Prevalence of undernourishment (percent) (3-year average)","20152017","2015-2017","%","4.3","E","Estimated value",""
"FS","Suite of Food Security Indicators","158","China, Taiwan Province of","6121","Value","210041","Prevalence of undernourishment (percent) (3-year average)","20162018","2016-2018","%","4.2","E","Estimated value",""
"FS","Suite of Food Security Indicators","158","China, Taiwan Province of","6121","Value","210041","Prevalence of undernourishment (percent) (3-year average)","20172019","2017-2019","%","4","E","Estimated value",""
"FS","Suite of Food Security Indicators","158","China, Taiwan Province of","6121","Value","210041","Prevalence of undernourishment (percent) (3-year average)","20182020","2018-2020","%","3.9","E","Estimated value",""
"FS","Suite of Food Security Indicators","158","China, Taiwan Province of","6121","Value","210041","Prevalence of undernourishment (percent) (3-year average)","20192021","2019-2021","%","4","E","Estimated value",""
"FS","Suite of Food Security Indicators","158","China, Taiwan Province of","6121","Value","210041","Prevalence of undernourishment (percent) (3-year average)","20202022","2020-2022","%","4","E","Estimated value",""
"FS","Suite of Food Security Indicators","158","China, Taiwan Province of","6121","Value","210041","Prevalence of undernourishment (percent) (3-year average)","20212023","2021-2023","%","3.9","E","Estimated value",""
"FS","Suite of Food Security Indicators","158","China, Taiwan Province of","6121","Value","210041","Prevalence of undernourishment (percent) (3-year average)","20222024","2022-2024","%","3.8","E","Estimated value",""
"FS","Suite of Food Security Indicators","170","Colombia","6121","Value","210041","Prevalence of undernourishment (percent) (3-year average)","20002002","2000-2002","%","8.6","E","Estimated value",""
"FS","Suite of Food Security Indicators","170","Colombia","6121","Value","210041","Prevalence of undernourishment (percent) (3-year average)","20012003","2001-2003","%","8.9","E","Estimated value",""
"FS","Suite of Food Security Indicators","170","Colombia","6121","Value","210041","Prevalence of undernourishment (percent) (3-year average)","20022004","2002-2004","%","9.6","E","Estimated value",""
"FS","Suite of Food Security Indicators","170","Colombia","6121","Value","210041","Prevalence of undernourishment (percent) (3-year average)","20032005","2003-2005","%","10.4","E","Estimated value",""
"FS","Suite of Food Security Indicators","170","Colombia","6121","Value","210041","Prevalence of undernourishment (percent) (3-year average)","20042006","2004-2006","%","11","E","Estimated value",""
"FS","Suite of Food Security Indicators","170","Colombia","6121","Value","210041","Prevalence of undernourishment (percent) (3-year average)","20052007","2005-2007","%","11.3","E","Estimated value",""
"FS","Suite of Food Security Indicators","170","Colombia","6121","Value","210041","Prevalence of undernourishment (percent) (3-year average)","20062008","2006-2008","%","10.8","E","Estimated value",""
"FS","Suite of Food Security Indicators","170","Colombia","6121","Value","210041","Prevalence of undernourishment (percent) (3-year average)","20072009","2007-2009","%","11.1","E","Estimated value",""
"FS","Suite of Food Security Indicators","170","Colombia","6121","Value","210041","Prevalence of undernourishment (percent) (3-year average)","20082010","2008-2010","%","11.1","E","Estimated value",""
"FS","Suite of Food Security Indicators","170","Colombia","6121","Value","210041","Prevalence of undernourishment (percent) (3-year average)","20092011","2009-2011","%","11.1","E","Estimated value",""
"FS","Suite of Food Security Indicators","170","Colombia","6121","Value","210041","Prevalence of undernourishment (percent) (3-year average)","20102012","2010-2012","%","10","E","Estimated value",""
"FS","Suite of Food Security Indicators","170","Colombia","6121","Value","210041","Prevalence of undernourishment (percent) (3-year average)","20112013","2011-2013","%","8.6","E","Estimated value",""
"FS","Suite of Food Security Indicators","170","Colombia","6121","Value","210041","Prevalence of undernourishment (percent) (3-year average)","20122014","2012-2014","%","7","E","Estimated value",""
"FS","Suite of Food Security Indicators","170","Colombia","6121","Value","210041","Prevalence of undernourishment (percent) (3-year average)","20132015","2013-2015","%","5.8","E","Estimated value",""
"FS","Suite of Food Security Indicators","170","Colombia","6121","Value","210041","Prevalence of undernourishment (percent) (3-year average)","20142016","2014-2016","%","5","E","Estimated value",""
"FS","Suite of Food Security Indicators","170","Colombia","6121","Value","210041","Prevalence of undernourishment (percent) (3-year average)","20152017","2015-2017","%","4.4","E","Estimated value",""
"FS","Suite of Food Security Indicators","170","Colombia","6121","Value","210041","Prevalence of undernourishment (percent) (3-year average)","20162018","2016-2018","%","4.2","E","Estimated value",""
"FS","Suite of Food Security Indicators","170","Colombia","6121","Value","210041","Prevalence of undernourishment (percent) (3-year average)","20172019","2017-2019","%","4.2","E","Estimated value",""
"FS","Suite of Food Security Indicators","170","Colombia","6121","Value","210041","Prevalence of undernourishment (percent) (3-year average)","20182020","2018-2020","%","4.1","E","Estimated value",""
"FS","Suite of Food Security Indicators","170","Colombia","6121","Value","210041","Prevalence of undernourishment (percent) (3-year average)","20192021","2019-2021","%","4.2","E","Estimated value",""
"FS","Suite of Food Security Indicators","170","Colombia","6121","Value","210041","Prevalence of undernourishment (percent) (3-year average)","20202022","2020-2022","%","4.1","E","Estimated value",""
"FS","Suite of Food Security Indicators","170","Colombia","6121","Value","210041","Prevalence of undernourishment (percent) (3-year average)","20212023","2021-2023","%","4.1","E","Estimated value",""
"FS","Suite of Food Security Indicators","170","Colombia","6121","Value","210041","Prevalence of undernourishment (percent) (3-year average)","20222024","2022-2024","%","3.9","E","Estimated value",""
"FS","Suite of Food Security Indicators","174","Comoros","6121","Value","210041","Prevalence of undernourishment (percent) (3-year average)","20002002","2000-2002","%","24.7","E","Estimated value",""
"FS","Suite of Food Security Indicators","174","Comoros","6121","Value","210041","Prevalence of undernourishment (percent) (3-year average)","20012003","2001-2003","%","20.7","E","Estimated value",""
"FS","Suite of Food Security Indicators","174","Comoros","6121","Value","210041","Prevalence of undernourishment (percent) (3-year average)","20022004","2002-2004","%","18","E","Estimated value",""
"FS","Suite of Food Security Indicators","174","Comoros","6121","Value","210041","Prevalence of undernourishment (percent) (3-year average)","20032005","2003-2005","%","16.6","E","Estimated value",""
"FS","Suite of Food Security Indicators","174","Comoros","6121","Value","210041","Prevalence of undernourishment (percent) (3-year average)","20042006","2004-2006","%","16.3","E","Estimated value",""
"FS","Suite of Food Security Indicators","174","Comoros","6121","Value","210041","Prevalence of undernourishment (percent) (3-year average)","20052007","2005-2007","%","16.1","E","Estimated value",""
"FS","Suite of Food Security Indicators","174","Comoros","6121","Value","210041","Prevalence of undernourishment (percent) (3-year average)","20062008","2006-2008","%","15.8","E","Estimated value",""
"FS","Suite of Food Security Indicators","174","Comoros","6121","Value","210041","Prevalence of undernourishment (percent) (3-year average)","20072009","2007-2009","%","15.4","E","Estimated value",""
"FS","Suite of Food Security Indicators","174","Comoros","6121","Value","210041","Prevalence of undernourishment (percent) (3-year average)","20082010","2008-2010","%","15.3","E","Estimated value",""
"FS","Suite of Food Security Indicators","174","Comoros","6121","Value","210041","Prevalence of undernourishment (percent) (3-year average)","20092011","2009-2011","%","15.6","E","Estimated value",""
"FS","Suite of Food Security Indicators","174","Comoros","6121","Value","210041","Prevalence of undernourishment (percent) (3-year average)","20102012","2010-2012","%","15.9","E","Estimated value",""
"FS","Suite of Food Security Indicators","174","Comoros","6121","Value","210041","Prevalence of undernourishment (percent) (3-year average)","20112013","2011-2013","%","15.6","E","Estimated value",""
"FS","Suite of Food Security Indicators","174","Comoros","6121","Value","210041","Prevalence of undernourishment (percent) (3-year average)","20122014","2012-2014","%","15","E","Estimated value",""
"FS","Suite of Food Security Indicators","174","Comoros","6121","Value","210041","Prevalence of undernourishment (percent) (3-year average)","20132015","2013-2015","%","14.5","E","Estimated value",""
"FS","Suite of Food Security Indicators","174","Comoros","6121","Value","210041","Prevalence of undernourishment (percent) (3-year average)","20142016","2014-2016","%","14","E","Estimated value",""
"FS","Suite of Food Security Indicators","174","Comoros","6121","Value","210041","Prevalence of undernourishment (percent) (3-year average)","20152017","2015-2017","%","13.5","E","Estimated value",""
"FS","Suite of Food Security Indicators","174","Comoros","6121","Value","210041","Prevalence of undernourishment (percent) (3-year average)","20162018","2016-2018","%","13.1","E","Estimated value",""
"FS","Suite of Food Security Indicators","174","Comoros","6121","Value","210041","Prevalence of undernourishment (percent) (3-year average)","20172019","2017-2019","%","13.2","E","Estimated value",""
"FS","Suite of Food Security Indicators","174","Comoros","6121","Value","210041","Prevalence of undernourishment (percent) (3-year average)","20182020","2018-2020","%","13.5","E","Estimated value",""
"FS","Suite of Food Security Indicators","174","Comoros","6121","Value","210041","Prevalence of undernourishment (percent) (3-year average)","20192021","2019-2021","%","14.3","E","Estimated value",""
"FS","Suite of Food Security Indicators","174","Comoros","6121","Value","210041","Prevalence of undernourishment (percent) (3-year average)","20202022","2020-2022","%","15.6","E","Estimated value",""
"FS","Suite of Food Security Indicators","174","Comoros","6121","Value","210041","Prevalence of undernourishment (percent) (3-year average)","20212023","2021-2023","%","16.2","E","Estimated value",""
"FS","Suite of Food Security Indicators","174","Comoros","6121","Value","210041","Prevalence of undernourishment (percent) (3-year average)","20222024","2022-2024","%","15.4","E","Estimated value",""
"FS","Suite of Food Security Indicators","178","Congo","6121","Value","210041","Prevalence of undernourishment (percent) (3-year average)","20002002","2000-2002","%","26.3","E","Estimated value",""
"FS","Suite of Food Security Indicators","178","Congo","6121","Value","210041","Prevalence of undernourishment (percent) (3-year average)","20012003","2001-2003","%","25.9","E","Estimated value",""
"FS","Suite of Food Security Indicators","178","Congo","6121","Value","210041","Prevalence of undernourishment (percent) (3-year average)","20022004","2002-2004","%","26","E","Estimated value",""
"FS","Suite of Food Security Indicators","178","Congo","6121","Value","210041","Prevalence of undernourishment (percent) (3-year average)","20032005","2003-2005","%","27.2","E","Estimated value",""
"FS","Suite of Food Security Indicators","178","Congo","6121","Value","210041","Prevalence of undernourishment (percent) (3-year average)","20042006","2004-2006","%","28.4","E","Estimated value",""
"FS","Suite of Food Security Indicators","178","Congo","6121","Value","210041","Prevalence of undernourishment (percent) (3-year average)","20052007","2005-2007","%","30.5","E","Estimated value",""
"FS","Suite of Food Security Indicators","178","Congo","6121","Value","210041","Prevalence of undernourishment (percent) (3-year average)","20062008","2006-2008","%","32.6","E","Estimated value",""
"FS","Suite of Food Security Indicators","178","Congo","6121","Value","210041","Prevalence of undernourishment (percent) (3-year average)","20072009","2007-2009","%","34.9","E","Estimated value",""
"FS","Suite of Food Security Indicators","178","Congo","6121","Value","210041","Prevalence of undernourishment (percent) (3-year average)","20082010","2008-2010","%","37.7","E","Estimated value",""
"FS","Suite of Food Security Indicators","178","Congo","6121","Value","210041","Prevalence of undernourishment (percent) (3-year average)","20092011","2009-2011","%","40.4","E","Estimated value",""
"FS","Suite of Food Security Indicators","178","Congo","6121","Value","210041","Prevalence of undernourishment (percent) (3-year average)","20102012","2010-2012","%","40.5","E","Estimated value",""
"FS","Suite of Food Security Indicators","178","Congo","6121","Value","210041","Prevalence of undernourishment (percent) (3-year average)","20112013","2011-2013","%","37.4","E","Estimated value",""
"FS","Suite of Food Security Indicators","178","Congo","6121","Value","210041","Prevalence of undernourishment (percent) (3-year average)","20122014","2012-2014","%","32.7","E","Estimated value",""
"FS","Suite of Food Security Indicators","178","Congo","6121","Value","210041","Prevalence of undernourishment (percent) (3-year average)","20132015","2013-2015","%","29.6","E","Estimated value",""
"FS","Suite of Food Security Indicators","178","Congo","6121","Value","210041","Prevalence of undernourishment (percent) (3-year average)","20142016","2014-2016","%","29.4","E","Estimated value",""
"FS","Suite of Food Security Indicators","178","Congo","6121","Value","210041","Prevalence of undernourishment (percent) (3-year average)","20152017","2015-2017","%","29.6","E","Estimated value",""
"FS","Suite of Food Security Indicators","178","Congo","6121","Value","210041","Prevalence of undernourishment (percent) (3-year average)","20162018","2016-2018","%","30.2","E","Estimated value",""
"FS","Suite of Food Security Indicators","178","Congo","6121","Value","210041","Prevalence of undernourishment (percent) (3-year average)","20172019","2017-2019","%","29.7","E","Estimated value",""
"FS","Suite of Food Security Indicators","178","Congo","6121","Value","210041","Prevalence of undernourishment (percent) (3-year average)","20182020","2018-2020","%","29","E","Estimated value",""
"FS","Suite of Food Security Indicators","178","Congo","6121","Value","210041","Prevalence of undernourishment (percent) (3-year average)","20192021","2019-2021","%","27.7","E","Estimated value",""
"FS","Suite of Food Security Indicators","178","Congo","6121","Value","210041","Prevalence of undernourishment (percent) (3-year average)","20202022","2020-2022","%","27.2","E","Estimated value",""
"FS","Suite of Food Security Indicators","178","Congo","6121","Value","210041","Prevalence of undernourishment (percent) (3-year average)","20212023","2021-2023","%","26.8","E","Estimated value",""
"FS","Suite of Food Security Indicators","178","Congo","6121","Value","210041","Prevalence of undernourishment (percent) (3-year average)","20222024","2022-2024","%","26.4","E","Estimated value",""
"FS","Suite of Food Security Indicators","184","Cook Islands","6121","Value","210041","Prevalence of undernourishment (percent) (3-year average)","20002002","2000-2002","%","","O","Missing value",""
"FS","Suite of Food Security Indicators","184","Cook Islands","6121","Value","210041","Prevalence of undernourishment (percent) (3-year average)","20012003","2001-2003","%","","O","Missing value",""
"FS","Suite of Food Security Indicators","184","Cook Islands","6121","Value","210041","Prevalence of undernourishment (percent) (3-year average)","20022004","2002-2004","%","","O","Missing value",""
"FS","Suite of Food Security Indicators","184","Cook Islands","6121","Value","210041","Prevalence of undernourishment (percent) (3-year average)","20032005","2003-2005","%","","O","Missing value",""
"FS","Suite of Food Security Indicators","184","Cook Islands","6121","Value","210041","Prevalence of undernourishment (percent) (3-year average)","20042006","2004-2006","%","","O","Missing value",""
"FS","Suite of Food Security Indicators","184","Cook Islands","6121","Value","210041","Prevalence of undernourishment (percent) (3-year average)","20052007","2005-2007","%","","O","Missing value",""
"FS","Suite of Food Security Indicators","184","Cook Islands","6121","Value","210041","Prevalence of undernourishment (percent) (3-year average)","20062008","2006-2008","%","","O","Missing value",""
"FS","Suite of Food Security Indicators","184","Cook Islands","6121","Value","210041","Prevalence of undernourishment (percent) (3-year average)","20072009","2007-2009","%","","O","Missing value",""
"FS","Suite of Food Security Indicators","184","Cook Islands","6121","Value","210041","Prevalence of undernourishment (percent) (3-year average)","20082010","2008-2010","%","","O","Missing value",""
"FS","Suite of Food Security Indicators","184","Cook Islands","6121","Value","210041","Prevalence of undernourishment (percent) (3-year average)","20092011","2009-2011","%","","O","Missing value",""
"FS","Suite of Food Security Indicators","184","Cook Islands","6121","Value","210041","Prevalence of undernourishment (percent) (3-year average)","20102012","2010-2012","%","","O","Missing value",""
"FS","Suite of Food Security Indicators","184","Cook Islands","6121","Value","210041","Prevalence of undernourishment (percent) (3-year average)","20112013","2011-2013","%","","O","Missing value",""
"FS","Suite of Food Security Indicators","184","Cook Islands","6121","Value","210041","Prevalence of undernourishment (percent) (3-year average)","20122014","2012-2014","%","","O","Missing value",""
"FS","Suite of Food Security Indicators","184","Cook Islands","6121","Value","210041","Prevalence of undernourishment (percent) (3-year average)","20132015","2013-2015","%","","O","Missing value",""
"FS","Suite of Food Security Indicators","184","Cook Islands","6121","Value","210041","Prevalence of undernourishment (percent) (3-year average)","20142016","2014-2016","%","","O","Missing value",""
"FS","Suite of Food Security Indicators","184","Cook Islands","6121","Value","210041","Prevalence of undernourishment (percent) (3-year average)","20152017","2015-2017","%","","O","Missing value",""
"FS","Suite of Food Security Indicators","184","Cook Islands","6121","Value","210041","Prevalence of undernourishment (percent) (3-year average)","20162018","2016-2018","%","","O","Missing value",""
"FS","Suite of Food Security Indicators","184","Cook Islands","6121","Value","210041","Prevalence of undernourishment (percent) (3-year average)","20172019","2017-2019","%","","O","Missing value",""
"FS","Suite of Food Security Indicators","184","Cook Islands","6121","Value","210041","Prevalence of undernourishment (percent) (3-year average)","20182020","2018-2020","%","","O","Missing value",""
"FS","Suite of Food Security Indicators","184","Cook Islands","6121","Value","210041","Prevalence of undernourishment (percent) (3-year average)","20192021","2019-2021","%","","O","Missing value",""
"FS","Suite of Food Security Indicators","184","Cook Islands","6121","Value","210041","Prevalence of undernourishment (percent) (3-year average)","20202022","2020-2022","%","","O","Missing value",""
"FS","Suite of Food Security Indicators","184","Cook Islands","6121","Value","210041","Prevalence of undernourishment (percent) (3-year average)","20212023","2021-2023","%","","O","Missing value",""
"FS","Suite of Food Security Indicators","184","Cook Islands","6121","Value","210041","Prevalence of undernourishment (percent) (3-year average)","20222024","2022-2024","%","","O","Missing value",""
"FS","Suite of Food Security Indicators","188","Costa Rica","6121","Value","210041","Prevalence of undernourishment (percent) (3-year average)","20002002","2000-2002","%","4.6","E","Estimated value",""
"FS","Suite of Food Security Indicators","188","Costa Rica","6121","Value","210041","Prevalence of undernourishment (percent) (3-year average)","20012003","2001-2003","%","4.8","E","Estimated value",""
"FS","Suite of Food Security Indicators","188","Costa Rica","6121","Value","210041","Prevalence of undernourishment (percent) (3-year average)","20022004","2002-2004","%","4.9","E","Estimated value",""
"FS","Suite of Food Security Indicators","188","Costa Rica","6121","Value","210041","Prevalence of undernourishment (percent) (3-year average)","20032005","2003-2005","%","4.5","E","Estimated value",""
"FS","Suite of Food Security Indicators","188","Costa Rica","6121","Value","210041","Prevalence of undernourishment (percent) (3-year average)","20042006","2004-2006","%","3.8","E","Estimated value",""
"FS","Suite of Food Security Indicators","188","Costa Rica","6121","Value","210041","Prevalence of undernourishment (percent) (3-year average)","20052007","2005-2007","%","3.3","E","Estimated value",""
"FS","Suite of Food Security Indicators","188","Costa Rica","6121","Value","210041","Prevalence of undernourishment (percent) (3-year average)","20062008","2006-2008","%","3","E","Estimated value",""
"FS","Suite of Food Security Indicators","188","Costa Rica","6121","Value","210041","Prevalence of undernourishment (percent) (3-year average)","20072009","2007-2009","%","3","E","Estimated value",""
"FS","Suite of Food Security Indicators","188","Costa Rica","6121","Value","210041","Prevalence of undernourishment (percent) (3-year average)","20082010","2008-2010","%","3.1","E","Estimated value",""
"FS","Suite of Food Security Indicators","188","Costa Rica","6121","Value","210041","Prevalence of undernourishment (percent) (3-year average)","20092011","2009-2011","%","3.1","E","Estimated value",""
"FS","Suite of Food Security Indicators","188","Costa Rica","6121","Value","210041","Prevalence of undernourishment (percent) (3-year average)","20102012","2010-2012","%","3.1","E","Estimated value",""
"FS","Suite of Food Security Indicators","188","Costa Rica","6121","Value","210041","Prevalence of undernourishment (percent) (3-year average)","20112013","2011-2013","%","3.1","E","Estimated value",""
"FS","Suite of Food Security Indicators","188","Costa Rica","6121","Value","210041","Prevalence of undernourishment (percent) (3-year average)","20122014","2012-2014","%","2.9","E","Estimated value",""
"FS","Suite of Food Security Indicators","188","Costa Rica","6121","Value","210041","Prevalence of undernourishment (percent) (3-year average)","20132015","2013-2015","%","2.7","E","Estimated value",""
"FS","Suite of Food Security Indicators","188","Costa Rica","6121","Value","210041","Prevalence of undernourishment (percent) (3-year average)","20142016","2014-2016","%","<2.5","E","Estimated value",""
"FS","Suite of Food Security Indicators","188","Costa Rica","6121","Value","210041","Prevalence of undernourishment (percent) (3-year average)","20152017","2015-2017","%","<2.5","E","Estimated value",""
"FS","Suite of Food Security Indicators","188","Costa Rica","6121","Value","210041","Prevalence of undernourishment (percent) (3-year average)","20162018","2016-2018","%","<2.5","E","Estimated value",""
"FS","Suite of Food Security Indicators","188","Costa Rica","6121","Value","210041","Prevalence of undernourishment (percent) (3-year average)","20172019","2017-2019","%","<2.5","E","Estimated value",""
"FS","Suite of Food Security Indicators","188","Costa Rica","6121","Value","210041","Prevalence of undernourishment (percent) (3-year average)","20182020","2018-2020","%","<2.5","E","Estimated value",""
"FS","Suite of Food Security Indicators","188","Costa Rica","6121","Value","210041","Prevalence of undernourishment (percent) (3-year average)","20192021","2019-2021","%","<2.5","E","Estimated value",""
"FS","Suite of Food Security Indicators","188","Costa Rica","6121","Value","210041","Prevalence of undernourishment (percent) (3-year average)","20202022","2020-2022","%","<2.5","E","Estimated value",""
"FS","Suite of Food Security Indicators","188","Costa Rica","6121","Value","210041","Prevalence of undernourishment (percent) (3-year average)","20212023","2021-2023","%","<2.5","E","Estimated value",""
"FS","Suite of Food Security Indicators","188","Costa Rica","6121","Value","210041","Prevalence of undernourishment (percent) (3-year average)","20222024","2022-2024","%","<2.5","E","Estimated value",""
"FS","Suite of Food Security Indicators","384","Côte d'Ivoire","6121","Value","210041","Prevalence of undernourishment (percent) (3-year average)","20002002","2000-2002","%","18.9","E","Estimated value",""
"FS","Suite of Food Security Indicators","384","Côte d'Ivoire","6121","Value","210041","Prevalence of undernourishment (percent) (3-year average)","20012003","2001-2003","%","18.9","E","Estimated value",""
"FS","Suite of Food Security Indicators","384","Côte d'Ivoire","6121","Value","210041","Prevalence of undernourishment (percent) (3-year average)","20022004","2002-2004","%","18.3","E","Estimated value",""
"FS","Suite of Food Security Indicators","384","Côte d'Ivoire","6121","Value","210041","Prevalence of undernourishment (percent) (3-year average)","20032005","2003-2005","%","17.9","E","Estimated value",""
"FS","Suite of Food Security Indicators","384","Côte d'Ivoire","6121","Value","210041","Prevalence of undernourishment (percent) (3-year average)","20042006","2004-2006","%","17.6","E","Estimated value",""
"FS","Suite of Food Security Indicators","384","Côte d'Ivoire","6121","Value","210041","Prevalence of undernourishment (percent) (3-year average)","20052007","2005-2007","%","17.5","E","Estimated value",""
"FS","Suite of Food Security Indicators","384","Côte d'Ivoire","6121","Value","210041","Prevalence of undernourishment (percent) (3-year average)","20062008","2006-2008","%","17.5","E","Estimated value",""
"FS","Suite of Food Security Indicators","384","Côte d'Ivoire","6121","Value","210041","Prevalence of undernourishment (percent) (3-year average)","20072009","2007-2009","%","17.5","E","Estimated value",""
"FS","Suite of Food Security Indicators","384","Côte d'Ivoire","6121","Value","210041","Prevalence of undernourishment (percent) (3-year average)","20082010","2008-2010","%","17.6","E","Estimated value",""
"FS","Suite of Food Security Indicators","384","Côte d'Ivoire","6121","Value","210041","Prevalence of undernourishment (percent) (3-year average)","20092011","2009-2011","%","16.9","E","Estimated value",""
"FS","Suite of Food Security Indicators","384","Côte d'Ivoire","6121","Value","210041","Prevalence of undernourishment (percent) (3-year average)","20102012","2010-2012","%","16","E","Estimated value",""
"FS","Suite of Food Security Indicators","384","Côte d'Ivoire","6121","Value","210041","Prevalence of undernourishment (percent) (3-year average)","20112013","2011-2013","%","15.1","E","Estimated value",""
"FS","Suite of Food Security Indicators","384","Côte d'Ivoire","6121","Value","210041","Prevalence of undernourishment (percent) (3-year average)","20122014","2012-2014","%","15.5","E","Estimated value",""
"FS","Suite of Food Security Indicators","384","Côte d'Ivoire","6121","Value","210041","Prevalence of undernourishment (percent) (3-year average)","20132015","2013-2015","%","14.6","E","Estimated value",""
"FS","Suite of Food Security Indicators","384","Côte d'Ivoire","6121","Value","210041","Prevalence of undernourishment (percent) (3-year average)","20142016","2014-2016","%","13.5","E","Estimated value",""
"FS","Suite of Food Security Indicators","384","Côte d'Ivoire","6121","Value","210041","Prevalence of undernourishment (percent) (3-year average)","20152017","2015-2017","%","11.5","E","Estimated value",""
"FS","Suite of Food Security Indicators","384","Côte d'Ivoire","6121","Value","210041","Prevalence of undernourishment (percent) (3-year average)","20162018","2016-2018","%","10.6","E","Estimated value",""
"FS","Suite of Food Security Indicators","384","Côte d'Ivoire","6121","Value","210041","Prevalence of undernourishment (percent) (3-year average)","20172019","2017-2019","%","9.8","E","Estimated value",""
"FS","Suite of Food Security Indicators","384","Côte d'Ivoire","6121","Value","210041","Prevalence of undernourishment (percent) (3-year average)","20182020","2018-2020","%","9.4","E","Estimated value",""
"FS","Suite of Food Security Indicators","384","Côte d'Ivoire","6121","Value","210041","Prevalence of undernourishment (percent) (3-year average)","20192021","2019-2021","%","9.2","E","Estimated value",""
"FS","Suite of Food Security Indicators","384","Côte d'Ivoire","6121","Value","210041","Prevalence of undernourishment (percent) (3-year average)","20202022","2020-2022","%","9.7","E","Estimated value",""
"FS","Suite of Food Security Indicators","384","Côte d'Ivoire","6121","Value","210041","Prevalence of undernourishment (percent) (3-year average)","20212023","2021-2023","%","10.4","E","Estimated value",""
"FS","Suite of Food Security Indicators","384","Côte d'Ivoire","6121","Value","210041","Prevalence of undernourishment (percent) (3-year average)","20222024","2022-2024","%","11.1","E","Estimated value",""
"FS","Suite of Food Security Indicators","191","Croatia","6121","Value","210041","Prevalence of undernourishment (percent) (3-year average)","20002002","2000-2002","%","10.6","E","Estimated value",""
"FS","Suite of Food Security Indicators","191","Croatia","6121","Value","210041","Prevalence of undernourishment (percent) (3-year average)","20012003","2001-2003","%","7.1","E","Estimated value",""
"FS","Suite of Food Security Indicators","191","Croatia","6121","Value","210041","Prevalence of undernourishment (percent) (3-year average)","20022004","2002-2004","%","5.4","E","Estimated value",""
"FS","Suite of Food Security Indicators","191","Croatia","6121","Value","210041","Prevalence of undernourishment (percent) (3-year average)","20032005","2003-2005","%","4.3","E","Estimated value",""
"FS","Suite of Food Security Indicators","191","Croatia","6121","Value","210041","Prevalence of undernourishment (percent) (3-year average)","20042006","2004-2006","%","3.3","E","Estimated value",""
"FS","Suite of Food Security Indicators","191","Croatia","6121","Value","210041","Prevalence of undernourishment (percent) (3-year average)","20052007","2005-2007","%","2.7","E","Estimated value",""
"FS","Suite of Food Security Indicators","191","Croatia","6121","Value","210041","Prevalence of undernourishment (percent) (3-year average)","20062008","2006-2008","%","<2.5","E","Estimated value",""
"FS","Suite of Food Security Indicators","191","Croatia","6121","Value","210041","Prevalence of undernourishment (percent) (3-year average)","20072009","2007-2009","%","<2.5","E","Estimated value",""
"FS","Suite of Food Security Indicators","191","Croatia","6121","Value","210041","Prevalence of undernourishment (percent) (3-year average)","20082010","2008-2010","%","<2.5","E","Estimated value",""
"FS","Suite of Food Security Indicators","191","Croatia","6121","Value","210041","Prevalence of undernourishment (percent) (3-year average)","20092011","2009-2011","%","2.7","E","Estimated value",""
"FS","Suite of Food Security Indicators","191","Croatia","6121","Value","210041","Prevalence of undernourishment (percent) (3-year average)","20102012","2010-2012","%","2.8","E","Estimated value",""
"FS","Suite of Food Security Indicators","191","Croatia","6121","Value","210041","Prevalence of undernourishment (percent) (3-year average)","20112013","2011-2013","%","<2.5","E","Estimated value",""
"FS","Suite of Food Security Indicators","191","Croatia","6121","Value","210041","Prevalence of undernourishment (percent) (3-year average)","20122014","2012-2014","%","<2.5","E","Estimated value",""
"FS","Suite of Food Security Indicators","191","Croatia","6121","Value","210041","Prevalence of undernourishment (percent) (3-year average)","20132015","2013-2015","%","<2.5","E","Estimated value",""
"FS","Suite of Food Security Indicators","191","Croatia","6121","Value","210041","Prevalence of undernourishment (percent) (3-year average)","20142016","2014-2016","%","<2.5","E","Estimated value",""
"FS","Suite of Food Security Indicators","191","Croatia","6121","Value","210041","Prevalence of undernourishment (percent) (3-year average)","20152017","2015-2017","%","<2.5","E","Estimated value",""
"FS","Suite of Food Security Indicators","191","Croatia","6121","Value","210041","Prevalence of undernourishment (percent) (3-year average)","20162018","2016-2018","%","<2.5","E","Estimated value",""
"FS","Suite of Food Security Indicators","191","Croatia","6121","Value","210041","Prevalence of undernourishment (percent) (3-year average)","20172019","2017-2019","%","<2.5","E","Estimated value",""
"FS","Suite of Food Security Indicators","191","Croatia","6121","Value","210041","Prevalence of undernourishment (percent) (3-year average)","20182020","2018-2020","%","<2.5","E","Estimated value",""
"FS","Suite of Food Security Indicators","191","Croatia","6121","Value","210041","Prevalence of undernourishment (percent) (3-year average)","20192021","2019-2021","%","<2.5","E","Estimated value",""
"FS","Suite of Food Security Indicators","191","Croatia","6121","Value","210041","Prevalence of undernourishment (percent) (3-year average)","20202022","2020-2022","%","<2.5","E","Estimated value",""
"FS","Suite of Food Security Indicators","191","Croatia","6121","Value","210041","Prevalence of undernourishment (percent) (3-year average)","20212023","2021-2023","%","<2.5","E","Estimated value",""
"FS","Suite of Food Security Indicators","191","Croatia","6121","Value","210041","Prevalence of undernourishment (percent) (3-year average)","20222024","2022-2024","%","<2.5","E","Estimated value",""
"FS","Suite of Food Security Indicators","192","Cuba","6121","Value","210041","Prevalence of undernourishment (percent) (3-year average)","20002002","2000-2002","%","<2.5","E","Estimated value",""
"FS","Suite of Food Security Indicators","192","Cuba","6121","Value","210041","Prevalence of undernourishment (percent) (3-year average)","20012003","2001-2003","%","<2.5","E","Estimated value",""
"FS","Suite of Food Security Indicators","192","Cuba","6121","Value","210041","Prevalence of undernourishment (percent) (3-year average)","20022004","2002-2004","%","<2.5","E","Estimated value",""
"FS","Suite of Food Security Indicators","192","Cuba","6121","Value","210041","Prevalence of undernourishment (percent) (3-year average)","20032005","2003-2005","%","<2.5","E","Estimated value",""
"FS","Suite of Food Security Indicators","192","Cuba","6121","Value","210041","Prevalence of undernourishment (percent) (3-year average)","20042006","2004-2006","%","<2.5","E","Estimated value",""
"FS","Suite of Food Security Indicators","192","Cuba","6121","Value","210041","Prevalence of undernourishment (percent) (3-year average)","20052007","2005-2007","%","<2.5","E","Estimated value",""
"FS","Suite of Food Security Indicators","192","Cuba","6121","Value","210041","Prevalence of undernourishment (percent) (3-year average)","20062008","2006-2008","%","","O","Missing value",""
"FS","Suite of Food Security Indicators","192","Cuba","6121","Value","210041","Prevalence of undernourishment (percent) (3-year average)","20072009","2007-2009","%","","O","Missing value",""
"FS","Suite of Food Security Indicators","192","Cuba","6121","Value","210041","Prevalence of undernourishment (percent) (3-year average)","20082010","2008-2010","%","","O","Missing value",""
"FS","Suite of Food Security Indicators","192","Cuba","6121","Value","210041","Prevalence of undernourishment (percent) (3-year average)","20092011","2009-2011","%","","O","Missing value",""
"FS","Suite of Food Security Indicators","192","Cuba","6121","Value","210041","Prevalence of undernourishment (percent) (3-year average)","20102012","2010-2012","%","","O","Missing value",""
"FS","Suite of Food Security Indicators","192","Cuba","6121","Value","210041","Prevalence of undernourishment (percent) (3-year average)","20112013","2011-2013","%","","O","Missing value",""
"FS","Suite of Food Security Indicators","192","Cuba","6121","Value","210041","Prevalence of undernourishment (percent) (3-year average)","20122014","2012-2014","%","","O","Missing value",""
"FS","Suite of Food Security Indicators","192","Cuba","6121","Value","210041","Prevalence of undernourishment (percent) (3-year average)","20132015","2013-2015","%","","O","Missing value",""
"FS","Suite of Food Security Indicators","192","Cuba","6121","Value","210041","Prevalence of undernourishment (percent) (3-year average)","20142016","2014-2016","%","","O","Missing value",""
"FS","Suite of Food Security Indicators","192","Cuba","6121","Value","210041","Prevalence of undernourishment (percent) (3-year average)","20152017","2015-2017","%","","O","Missing value",""
"FS","Suite of Food Security Indicators","192","Cuba","6121","Value","210041","Prevalence of undernourishment (percent) (3-year average)","20162018","2016-2018","%","","O","Missing value",""
"FS","Suite of Food Security Indicators","192","Cuba","6121","Value","210041","Prevalence of undernourishment (percent) (3-year average)","20172019","2017-2019","%","","O","Missing value",""
"FS","Suite of Food Security Indicators","192","Cuba","6121","Value","210041","Prevalence of undernourishment (percent) (3-year average)","20182020","2018-2020","%","","O","Missing value",""
"FS","Suite of Food Security Indicators","192","Cuba","6121","Value","210041","Prevalence of undernourishment (percent) (3-year average)","20192021","2019-2021","%","","O","Missing value",""
"FS","Suite of Food Security Indicators","192","Cuba","6121","Value","210041","Prevalence of undernourishment (percent) (3-year average)","20202022","2020-2022","%","","O","Missing value",""
"FS","Suite of Food Security Indicators","192","Cuba","6121","Value","210041","Prevalence of undernourishment (percent) (3-year average)","20212023","2021-2023","%","","O","Missing value",""
"FS","Suite of Food Security Indicators","192","Cuba","6121","Value","210041","Prevalence of undernourishment (percent) (3-year average)","20222024","2022-2024","%","","O","Missing value",""
"FS","Suite of Food Security Indicators","196","Cyprus","6121","Value","210041","Prevalence of undernourishment (percent) (3-year average)","20002002","2000-2002","%","5.9","E","Estimated value",""
"FS","Suite of Food Security Indicators","196","Cyprus","6121","Value","210041","Prevalence of undernourishment (percent) (3-year average)","20012003","2001-2003","%","6.4","E","Estimated value",""
"FS","Suite of Food Security Indicators","196","Cyprus","6121","Value","210041","Prevalence of undernourishment (percent) (3-year average)","20022004","2002-2004","%","6.3","E","Estimated value",""
"FS","Suite of Food Security Indicators","196","Cyprus","6121","Value","210041","Prevalence of undernourishment (percent) (3-year average)","20032005","2003-2005","%","5.7","E","Estimated value",""
"FS","Suite of Food Security Indicators","196","Cyprus","6121","Value","210041","Prevalence of undernourishment (percent) (3-year average)","20042006","2004-2006","%","4.7","E","Estimated value",""
"FS","Suite of Food Security Indicators","196","Cyprus","6121","Value","210041","Prevalence of undernourishment (percent) (3-year average)","20052007","2005-2007","%","3.8","E","Estimated value",""
"FS","Suite of Food Security Indicators","196","Cyprus","6121","Value","210041","Prevalence of undernourishment (percent) (3-year average)","20062008","2006-2008","%","3","E","Estimated value",""
"FS","Suite of Food Security Indicators","196","Cyprus","6121","Value","210041","Prevalence of undernourishment (percent) (3-year average)","20072009","2007-2009","%","<2.5","E","Estimated value",""
"FS","Suite of Food Security Indicators","196","Cyprus","6121","Value","210041","Prevalence of undernourishment (percent) (3-year average)","20082010","2008-2010","%","<2.5","E","Estimated value",""
"FS","Suite of Food Security Indicators","196","Cyprus","6121","Value","210041","Prevalence of undernourishment (percent) (3-year average)","20092011","2009-2011","%","<2.5","E","Estimated value",""
"FS","Suite of Food Security Indicators","196","Cyprus","6121","Value","210041","Prevalence of undernourishment (percent) (3-year average)","20102012","2010-2012","%","<2.5","E","Estimated value",""
"FS","Suite of Food Security Indicators","196","Cyprus","6121","Value","210041","Prevalence of undernourishment (percent) (3-year average)","20112013","2011-2013","%","<2.5","E","Estimated value",""
"FS","Suite of Food Security Indicators","196","Cyprus","6121","Value","210041","Prevalence of undernourishment (percent) (3-year average)","20122014","2012-2014","%","<2.5","E","Estimated value",""
"FS","Suite of Food Security Indicators","196","Cyprus","6121","Value","210041","Prevalence of undernourishment (percent) (3-year average)","20132015","2013-2015","%","<2.5","E","Estimated value",""
"FS","Suite of Food Security Indicators","196","Cyprus","6121","Value","210041","Prevalence of undernourishment (percent) (3-year average)","20142016","2014-2016","%","<2.5","E","Estimated value",""
"FS","Suite of Food Security Indicators","196","Cyprus","6121","Value","210041","Prevalence of undernourishment (percent) (3-year average)","20152017","2015-2017","%","<2.5","E","Estimated value",""
"FS","Suite of Food Security Indicators","196","Cyprus","6121","Value","210041","Prevalence of undernourishment (percent) (3-year average)","20162018","2016-2018","%","<2.5","E","Estimated value",""
"FS","Suite of Food Security Indicators","196","Cyprus","6121","Value","210041","Prevalence of undernourishment (percent) (3-year average)","20172019","2017-2019","%","<2.5","E","Estimated value",""
"FS","Suite of Food Security Indicators","196","Cyprus","6121","Value","210041","Prevalence of undernourishment (percent) (3-year average)","20182020","2018-2020","%","<2.5","E","Estimated value",""
"FS","Suite of Food Security Indicators","196","Cyprus","6121","Value","210041","Prevalence of undernourishment (percent) (3-year average)","20192021","2019-2021","%","<2.5","E","Estimated value",""
"FS","Suite of Food Security Indicators","196","Cyprus","6121","Value","210041","Prevalence of undernourishment (percent) (3-year average)","20202022","2020-2022","%","<2.5","E","Estimated value",""
"FS","Suite of Food Security Indicators","196","Cyprus","6121","Value","210041","Prevalence of undernourishment (percent) (3-year average)","20212023","2021-2023","%","<2.5","E","Estimated value",""
"FS","Suite of Food Security Indicators","196","Cyprus","6121","Value","210041","Prevalence of undernourishment (percent) (3-year average)","20222024","2022-2024","%","<2.5","E","Estimated value",""
"FS","Suite of Food Security Indicators","203","Czechia","6121","Value","210041","Prevalence of undernourishment (percent) (3-year average)","20002002","2000-2002","%","<2.5","E","Estimated value",""
"FS","Suite of Food Security Indicators","203","Czechia","6121","Value","210041","Prevalence of undernourishment (percent) (3-year average)","20012003","2001-2003","%","<2.5","E","Estimated value",""
"FS","Suite of Food Security Indicators","203","Czechia","6121","Value","210041","Prevalence of undernourishment (percent) (3-year average)","20022004","2002-2004","%","<2.5","E","Estimated value",""
"FS","Suite of Food Security Indicators","203","Czechia","6121","Value","210041","Prevalence of undernourishment (percent) (3-year average)","20032005","2003-2005","%","<2.5","E","Estimated value",""
"FS","Suite of Food Security Indicators","203","Czechia","6121","Value","210041","Prevalence of undernourishment (percent) (3-year average)","20042006","2004-2006","%","<2.5","E","Estimated value",""
"FS","Suite of Food Security Indicators","203","Czechia","6121","Value","210041","Prevalence of undernourishment (percent) (3-year average)","20052007","2005-2007","%","<2.5","E","Estimated value",""
"FS","Suite of Food Security Indicators","203","Czechia","6121","Value","210041","Prevalence of undernourishment (percent) (3-year average)","20062008","2006-2008","%","<2.5","E","Estimated value",""
"FS","Suite of Food Security Indicators","203","Czechia","6121","Value","210041","Prevalence of undernourishment (percent) (3-year average)","20072009","2007-2009","%","<2.5","E","Estimated value",""
"FS","Suite of Food Security Indicators","203","Czechia","6121","Value","210041","Prevalence of undernourishment (percent) (3-year average)","20082010","2008-2010","%","<2.5","E","Estimated value",""
"FS","Suite of Food Security Indicators","203","Czechia","6121","Value","210041","Prevalence of undernourishment (percent) (3-year average)","20092011","2009-2011","%","<2.5","E","Estimated value",""
"FS","Suite of Food Security Indicators","203","Czechia","6121","Value","210041","Prevalence of undernourishment (percent) (3-year average)","20102012","2010-2012","%","<2.5","E","Estimated value",""
"FS","Suite of Food Security Indicators","203","Czechia","6121","Value","210041","Prevalence of undernourishment (percent) (3-year average)","20112013","2011-2013","%","<2.5","E","Estimated value",""
"FS","Suite of Food Security Indicators","203","Czechia","6121","Value","210041","Prevalence of undernourishment (percent) (3-year average)","20122014","2012-2014","%","<2.5","E","Estimated value",""
"FS","Suite of Food Security Indicators","203","Czechia","6121","Value","210041","Prevalence of undernourishment (percent) (3-year average)","20132015","2013-2015","%","<2.5","E","Estimated value",""
"FS","Suite of Food Security Indicators","203","Czechia","6121","Value","210041","Prevalence of undernourishment (percent) (3-year average)","20142016","2014-2016","%","<2.5","E","Estimated value",""
"FS","Suite of Food Security Indicators","203","Czechia","6121","Value","210041","Prevalence of undernourishment (percent) (3-year average)","20152017","2015-2017","%","<2.5","E","Estimated value",""
"FS","Suite of Food Security Indicators","203","Czechia","6121","Value","210041","Prevalence of undernourishment (percent) (3-year average)","20162018","2016-2018","%","<2.5","E","Estimated value",""
"FS","Suite of Food Security Indicators","203","Czechia","6121","Value","210041","Prevalence of undernourishment (percent) (3-year average)","20172019","2017-2019","%","<2.5","E","Estimated value",""
"FS","Suite of Food Security Indicators","203","Czechia","6121","Value","210041","Prevalence of undernourishment (percent) (3-year average)","20182020","2018-2020","%","<2.5","E","Estimated value",""
"FS","Suite of Food Security Indicators","203","Czechia","6121","Value","210041","Prevalence of undernourishment (percent) (3-year average)","20192021","2019-2021","%","<2.5","E","Estimated value",""
"FS","Suite of Food Security Indicators","203","Czechia","6121","Value","210041","Prevalence of undernourishment (percent) (3-year average)","20202022","2020-2022","%","<2.5","E","Estimated value",""
"FS","Suite of Food Security Indicators","203","Czechia","6121","Value","210041","Prevalence of undernourishment (percent) (3-year average)","20212023","2021-2023","%","<2.5","E","Estimated value",""
"FS","Suite of Food Security Indicators","203","Czechia","6121","Value","210041","Prevalence of undernourishment (percent) (3-year average)","20222024","2022-2024","%","<2.5","E","Estimated value",""
"FS","Suite of Food Security Indicators","408","Democratic People's Republic of Korea","6121","Value","210041","Prevalence of undernourishment (percent) (3-year average)","20002002","2000-2002","%","35.9","E","Estimated value",""
"FS","Suite of Food Security Indicators","408","Democratic People's Republic of Korea","6121","Value","210041","Prevalence of undernourishment (percent) (3-year average)","20012003","2001-2003","%","35.2","E","Estimated value",""
"FS","Suite of Food Security Indicators","408","Democratic People's Republic of Korea","6121","Value","210041","Prevalence of undernourishment (percent) (3-year average)","20022004","2002-2004","%","32.9","E","Estimated value",""
"FS","Suite of Food Security Indicators","408","Democratic People's Republic of Korea","6121","Value","210041","Prevalence of undernourishment (percent) (3-year average)","20032005","2003-2005","%","33.2","E","Estimated value",""
"FS","Suite of Food Security Indicators","408","Democratic People's Republic of Korea","6121","Value","210041","Prevalence of undernourishment (percent) (3-year average)","20042006","2004-2006","%","34.5","E","Estimated value",""
"FS","Suite of Food Security Indicators","408","Democratic People's Republic of Korea","6121","Value","210041","Prevalence of undernourishment (percent) (3-year average)","20052007","2005-2007","%","37","E","Estimated value",""
"FS","Suite of Food Security Indicators","408","Democratic People's Republic of Korea","6121","Value","210041","Prevalence of undernourishment (percent) (3-year average)","20062008","2006-2008","%","39.1","E","Estimated value",""
"FS","Suite of Food Security Indicators","408","Democratic People's Republic of Korea","6121","Value","210041","Prevalence of undernourishment (percent) (3-year average)","20072009","2007-2009","%","40.5","E","Estimated value",""
"FS","Suite of Food Security Indicators","408","Democratic People's Republic of Korea","6121","Value","210041","Prevalence of undernourishment (percent) (3-year average)","20082010","2008-2010","%","42","E","Estimated value",""
"FS","Suite of Food Security Indicators","408","Democratic People's Republic of Korea","6121","Value","210041","Prevalence of undernourishment (percent) (3-year average)","20092011","2009-2011","%","42.9","E","Estimated value",""
"FS","Suite of Food Security Indicators","408","Democratic People's Republic of Korea","6121","Value","210041","Prevalence of undernourishment (percent) (3-year average)","20102012","2010-2012","%","43.4","E","Estimated value",""
"FS","Suite of Food Security Indicators","408","Democratic People's Republic of Korea","6121","Value","210041","Prevalence of undernourishment (percent) (3-year average)","20112013","2011-2013","%","43.7","E","Estimated value",""
"FS","Suite of Food Security Indicators","408","Democratic People's Republic of Korea","6121","Value","210041","Prevalence of undernourishment (percent) (3-year average)","20122014","2012-2014","%","43.7","E","Estimated value",""
"FS","Suite of Food Security Indicators","408","Democratic People's Republic of Korea","6121","Value","210041","Prevalence of undernourishment (percent) (3-year average)","20132015","2013-2015","%","44.5","E","Estimated value",""
"FS","Suite of Food Security Indicators","408","Democratic People's Republic of Korea","6121","Value","210041","Prevalence of undernourishment (percent) (3-year average)","20142016","2014-2016","%","45.2","E","Estimated value",""
"FS","Suite of Food Security Indicators","408","Democratic People's Republic of Korea","6121","Value","210041","Prevalence of undernourishment (percent) (3-year average)","20152017","2015-2017","%","46","E","Estimated value",""
"FS","Suite of Food Security Indicators","408","Democratic People's Republic of Korea","6121","Value","210041","Prevalence of undernourishment (percent) (3-year average)","20162018","2016-2018","%","47.5","E","Estimated value",""
"FS","Suite of Food Security Indicators","408","Democratic People's Republic of Korea","6121","Value","210041","Prevalence of undernourishment (percent) (3-year average)","20172019","2017-2019","%","47","E","Estimated value",""
"FS","Suite of Food Security Indicators","408","Democratic People's Republic of Korea","6121","Value","210041","Prevalence of undernourishment (percent) (3-year average)","20182020","2018-2020","%","","O","Missing value",""
"FS","Suite of Food Security Indicators","408","Democratic People's Republic of Korea","6121","Value","210041","Prevalence of undernourishment (percent) (3-year average)","20192021","2019-2021","%","","O","Missing value",""
"FS","Suite of Food Security Indicators","408","Democratic People's Republic of Korea","6121","Value","210041","Prevalence of undernourishment (percent) (3-year average)","20202022","2020-2022","%","","O","Missing value",""
"FS","Suite of Food Security Indicators","408","Democratic People's Republic of Korea","6121","Value","210041","Prevalence of undernourishment (percent) (3-year average)","20212023","2021-2023","%","","O","Missing value",""
"FS","Suite of Food Security Indicators","408","Democratic People's Republic of Korea","6121","Value","210041","Prevalence of undernourishment (percent) (3-year average)","20222024","2022-2024","%","","O","Missing value",""
"FS","Suite of Food Security Indicators","180","Democratic Republic of the Congo","6121","Value","210041","Prevalence of undernourishment (percent) (3-year average)","20002002","2000-2002","%","26.8","E","Estimated value",""
"FS","Suite of Food Security Indicators","180","Democratic Republic of the Congo","6121","Value","210041","Prevalence of undernourishment (percent) (3-year average)","20012003","2001-2003","%","27.2","E","Estimated value",""
"FS","Suite of Food Security Indicators","180","Democratic Republic of the Congo","6121","Value","210041","Prevalence of undernourishment (percent) (3-year average)","20022004","2002-2004","%","27.2","E","Estimated value",""
"FS","Suite of Food Security Indicators","180","Democratic Republic of the Congo","6121","Value","210041","Prevalence of undernourishment (percent) (3-year average)","20032005","2003-2005","%","27.3","E","Estimated value",""
"FS","Suite of Food Security Indicators","180","Democratic Republic of the Congo","6121","Value","210041","Prevalence of undernourishment (percent) (3-year average)","20042006","2004-2006","%","27.3","E","Estimated value",""
"FS","Suite of Food Security Indicators","180","Democratic Republic of the Congo","6121","Value","210041","Prevalence of undernourishment (percent) (3-year average)","20052007","2005-2007","%","27.4","E","Estimated value",""
"FS","Suite of Food Security Indicators","180","Democratic Republic of the Congo","6121","Value","210041","Prevalence of undernourishment (percent) (3-year average)","20062008","2006-2008","%","27.6","E","Estimated value",""
"FS","Suite of Food Security Indicators","180","Democratic Republic of the Congo","6121","Value","210041","Prevalence of undernourishment (percent) (3-year average)","20072009","2007-2009","%","27.7","E","Estimated value",""
"FS","Suite of Food Security Indicators","180","Democratic Republic of the Congo","6121","Value","210041","Prevalence of undernourishment (percent) (3-year average)","20082010","2008-2010","%","28.4","E","Estimated value",""
"FS","Suite of Food Security Indicators","180","Democratic Republic of the Congo","6121","Value","210041","Prevalence of undernourishment (percent) (3-year average)","20092011","2009-2011","%","28.7","E","Estimated value",""
"FS","Suite of Food Security Indicators","180","Democratic Republic of the Congo","6121","Value","210041","Prevalence of undernourishment (percent) (3-year average)","20102012","2010-2012","%","29.6","E","Estimated value",""
"FS","Suite of Food Security Indicators","180","Democratic Republic of the Congo","6121","Value","210041","Prevalence of undernourishment (percent) (3-year average)","20112013","2011-2013","%","30.5","E","Estimated value",""
"FS","Suite of Food Security Indicators","180","Democratic Republic of the Congo","6121","Value","210041","Prevalence of undernourishment (percent) (3-year average)","20122014","2012-2014","%","30.8","E","Estimated value",""
"FS","Suite of Food Security Indicators","180","Democratic Republic of the Congo","6121","Value","210041","Prevalence of undernourishment (percent) (3-year average)","20132015","2013-2015","%","31.1","E","Estimated value",""
"FS","Suite of Food Security Indicators","180","Democratic Republic of the Congo","6121","Value","210041","Prevalence of undernourishment (percent) (3-year average)","20142016","2014-2016","%","31.7","E","Estimated value",""
"FS","Suite of Food Security Indicators","180","Democratic Republic of the Congo","6121","Value","210041","Prevalence of undernourishment (percent) (3-year average)","20152017","2015-2017","%","32.3","E","Estimated value",""
"FS","Suite of Food Security Indicators","180","Democratic Republic of the Congo","6121","Value","210041","Prevalence of undernourishment (percent) (3-year average)","20162018","2016-2018","%","32.7","E","Estimated value",""
"FS","Suite of Food Security Indicators","180","Democratic Republic of the Congo","6121","Value","210041","Prevalence of undernourishment (percent) (3-year average)","20172019","2017-2019","%","32.5","E","Estimated value",""
"FS","Suite of Food Security Indicators","180","Democratic Republic of the Congo","6121","Value","210041","Prevalence of undernourishment (percent) (3-year average)","20182020","2018-2020","%","34.1","E","Estimated value",""
"FS","Suite of Food Security Indicators","180","Democratic Republic of the Congo","6121","Value","210041","Prevalence of undernourishment (percent) (3-year average)","20192021","2019-2021","%","35.2","E","Estimated value",""
"FS","Suite of Food Security Indicators","180","Democratic Republic of the Congo","6121","Value","210041","Prevalence of undernourishment (percent) (3-year average)","20202022","2020-2022","%","36.6","E","Estimated value",""
"FS","Suite of Food Security Indicators","180","Democratic Republic of the Congo","6121","Value","210041","Prevalence of undernourishment (percent) (3-year average)","20212023","2021-2023","%","37.3","E","Estimated value",""
"FS","Suite of Food Security Indicators","180","Democratic Republic of the Congo","6121","Value","210041","Prevalence of undernourishment (percent) (3-year average)","20222024","2022-2024","%","38.5","E","Estimated value",""
"FS","Suite of Food Security Indicators","208","Denmark","6121","Value","210041","Prevalence of undernourishment (percent) (3-year average)","20002002","2000-2002","%","<2.5","E","Estimated value",""
"FS","Suite of Food Security Indicators","208","Denmark","6121","Value","210041","Prevalence of undernourishment (percent) (3-year average)","20012003","2001-2003","%","<2.5","E","Estimated value",""
"FS","Suite of Food Security Indicators","208","Denmark","6121","Value","210041","Prevalence of undernourishment (percent) (3-year average)","20022004","2002-2004","%","<2.5","E","Estimated value",""
"FS","Suite of Food Security Indicators","208","Denmark","6121","Value","210041","Prevalence of undernourishment (percent) (3-year average)","20032005","2003-2005","%","<2.5","E","Estimated value",""
"FS","Suite of Food Security Indicators","208","Denmark","6121","Value","210041","Prevalence of undernourishment (percent) (3-year average)","20042006","2004-2006","%","<2.5","E","Estimated value",""
"FS","Suite of Food Security Indicators","208","Denmark","6121","Value","210041","Prevalence of undernourishment (percent) (3-year average)","20052007","2005-2007","%","<2.5","E","Estimated value",""
"FS","Suite of Food Security Indicators","208","Denmark","6121","Value","210041","Prevalence of undernourishment (percent) (3-year average)","20062008","2006-2008","%","<2.5","E","Estimated value",""
"FS","Suite of Food Security Indicators","208","Denmark","6121","Value","210041","Prevalence of undernourishment (percent) (3-year average)","20072009","2007-2009","%","<2.5","E","Estimated value",""
"FS","Suite of Food Security Indicators","208","Denmark","6121","Value","210041","Prevalence of undernourishment (percent) (3-year average)","20082010","2008-2010","%","<2.5","E","Estimated value",""
"FS","Suite of Food Security Indicators","208","Denmark","6121","Value","210041","Prevalence of undernourishment (percent) (3-year average)","20092011","2009-2011","%","<2.5","E","Estimated value",""
"FS","Suite of Food Security Indicators","208","Denmark","6121","Value","210041","Prevalence of undernourishment (percent) (3-year average)","20102012","2010-2012","%","<2.5","E","Estimated value",""
"FS","Suite of Food Security Indicators","208","Denmark","6121","Value","210041","Prevalence of undernourishment (percent) (3-year average)","20112013","2011-2013","%","<2.5","E","Estimated value",""
"FS","Suite of Food Security Indicators","208","Denmark","6121","Value","210041","Prevalence of undernourishment (percent) (3-year average)","20122014","2012-2014","%","<2.5","E","Estimated value",""
"FS","Suite of Food Security Indicators","208","Denmark","6121","Value","210041","Prevalence of undernourishment (percent) (3-year average)","20132015","2013-2015","%","<2.5","E","Estimated value",""
"FS","Suite of Food Security Indicators","208","Denmark","6121","Value","210041","Prevalence of undernourishment (percent) (3-year average)","20142016","2014-2016","%","<2.5","E","Estimated value",""
"FS","Suite of Food Security Indicators","208","Denmark","6121","Value","210041","Prevalence of undernourishment (percent) (3-year average)","20152017","2015-2017","%","<2.5","E","Estimated value",""
"FS","Suite of Food Security Indicators","208","Denmark","6121","Value","210041","Prevalence of undernourishment (percent) (3-year average)","20162018","2016-2018","%","<2.5","E","Estimated value",""
"FS","Suite of Food Security Indicators","208","Denmark","6121","Value","210041","Prevalence of undernourishment (percent) (3-year average)","20172019","2017-2019","%","<2.5","E","Estimated value",""
"FS","Suite of Food Security Indicators","208","Denmark","6121","Value","210041","Prevalence of undernourishment (percent) (3-year average)","20182020","2018-2020","%","<2.5","E","Estimated value",""
"FS","Suite of Food Security Indicators","208","Denmark","6121","Value","210041","Prevalence of undernourishment (percent) (3-year average)","20192021","2019-2021","%","<2.5","E","Estimated value",""
"FS","Suite of Food Security Indicators","208","Denmark","6121","Value","210041","Prevalence of undernourishment (percent) (3-year average)","20202022","2020-2022","%","<2.5","E","Estimated value",""
"FS","Suite of Food Security Indicators","208","Denmark","6121","Value","210041","Prevalence of undernourishment (percent) (3-year average)","20212023","2021-2023","%","<2.5","E","Estimated value",""
"FS","Suite of Food Security Indicators","208","Denmark","6121","Value","210041","Prevalence of undernourishment (percent) (3-year average)","20222024","2022-2024","%","<2.5","E","Estimated value",""
"FS","Suite of Food Security Indicators","262","Djibouti","6121","Value","210041","Prevalence of undernourishment (percent) (3-year average)","20002002","2000-2002","%","40.8","E","Estimated value",""
"FS","Suite of Food Security Indicators","262","Djibouti","6121","Value","210041","Prevalence of undernourishment (percent) (3-year average)","20012003","2001-2003","%","39.4","E","Estimated value",""
"FS","Suite of Food Security Indicators","262","Djibouti","6121","Value","210041","Prevalence of undernourishment (percent) (3-year average)","20022004","2002-2004","%","36.5","E","Estimated value",""
"FS","Suite of Food Security Indicators","262","Djibouti","6121","Value","210041","Prevalence of undernourishment (percent) (3-year average)","20032005","2003-2005","%","32.7","E","Estimated value",""
"FS","Suite of Food Security Indicators","262","Djibouti","6121","Value","210041","Prevalence of undernourishment (percent) (3-year average)","20042006","2004-2006","%","28.9","E","Estimated value",""
"FS","Suite of Food Security Indicators","262","Djibouti","6121","Value","210041","Prevalence of undernourishment (percent) (3-year average)","20052007","2005-2007","%","24.6","E","Estimated value",""
"FS","Suite of Food Security Indicators","262","Djibouti","6121","Value","210041","Prevalence of undernourishment (percent) (3-year average)","20062008","2006-2008","%","22.1","E","Estimated value",""
"FS","Suite of Food Security Indicators","262","Djibouti","6121","Value","210041","Prevalence of undernourishment (percent) (3-year average)","20072009","2007-2009","%","20.2","E","Estimated value",""
"FS","Suite of Food Security Indicators","262","Djibouti","6121","Value","210041","Prevalence of undernourishment (percent) (3-year average)","20082010","2008-2010","%","20","E","Estimated value",""
"FS","Suite of Food Security Indicators","262","Djibouti","6121","Value","210041","Prevalence of undernourishment (percent) (3-year average)","20092011","2009-2011","%","19.5","E","Estimated value",""
"FS","Suite of Food Security Indicators","262","Djibouti","6121","Value","210041","Prevalence of undernourishment (percent) (3-year average)","20102012","2010-2012","%","18.8","E","Estimated value",""
"FS","Suite of Food Security Indicators","262","Djibouti","6121","Value","210041","Prevalence of undernourishment (percent) (3-year average)","20112013","2011-2013","%","17.4","E","Estimated value",""
"FS","Suite of Food Security Indicators","262","Djibouti","6121","Value","210041","Prevalence of undernourishment (percent) (3-year average)","20122014","2012-2014","%","15.7","E","Estimated value",""
"FS","Suite of Food Security Indicators","262","Djibouti","6121","Value","210041","Prevalence of undernourishment (percent) (3-year average)","20132015","2013-2015","%","14.1","E","Estimated value",""
"FS","Suite of Food Security Indicators","262","Djibouti","6121","Value","210041","Prevalence of undernourishment (percent) (3-year average)","20142016","2014-2016","%","13.1","E","Estimated value",""
"FS","Suite of Food Security Indicators","262","Djibouti","6121","Value","210041","Prevalence of undernourishment (percent) (3-year average)","20152017","2015-2017","%","12.7","E","Estimated value",""
"FS","Suite of Food Security Indicators","262","Djibouti","6121","Value","210041","Prevalence of undernourishment (percent) (3-year average)","20162018","2016-2018","%","12.6","E","Estimated value",""
"FS","Suite of Food Security Indicators","262","Djibouti","6121","Value","210041","Prevalence of undernourishment (percent) (3-year average)","20172019","2017-2019","%","12.2","E","Estimated value",""
"FS","Suite of Food Security Indicators","262","Djibouti","6121","Value","210041","Prevalence of undernourishment (percent) (3-year average)","20182020","2018-2020","%","11.9","E","Estimated value",""
"FS","Suite of Food Security Indicators","262","Djibouti","6121","Value","210041","Prevalence of undernourishment (percent) (3-year average)","20192021","2019-2021","%","12","E","Estimated value",""
"FS","Suite of Food Security Indicators","262","Djibouti","6121","Value","210041","Prevalence of undernourishment (percent) (3-year average)","20202022","2020-2022","%","12.2","E","Estimated value",""
"FS","Suite of Food Security Indicators","262","Djibouti","6121","Value","210041","Prevalence of undernourishment (percent) (3-year average)","20212023","2021-2023","%","12.5","E","Estimated value",""
"FS","Suite of Food Security Indicators","262","Djibouti","6121","Value","210041","Prevalence of undernourishment (percent) (3-year average)","20222024","2022-2024","%","12.9","E","Estimated value",""
"FS","Suite of Food Security Indicators","212","Dominica","6121","Value","210041","Prevalence of undernourishment (percent) (3-year average)","20002002","2000-2002","%","3.7","E","Estimated value",""
"FS","Suite of Food Security Indicators","212","Dominica","6121","Value","210041","Prevalence of undernourishment (percent) (3-year average)","20012003","2001-2003","%","4.1","E","Estimated value",""
"FS","Suite of Food Security Indicators","212","Dominica","6121","Value","210041","Prevalence of undernourishment (percent) (3-year average)","20022004","2002-2004","%","4.6","E","Estimated value",""
"FS","Suite of Food Security Indicators","212","Dominica","6121","Value","210041","Prevalence of undernourishment (percent) (3-year average)","20032005","2003-2005","%","4.8","E","Estimated value",""
"FS","Suite of Food Security Indicators","212","Dominica","6121","Value","210041","Prevalence of undernourishment (percent) (3-year average)","20042006","2004-2006","%","5.1","E","Estimated value",""
"FS","Suite of Food Security Indicators","212","Dominica","6121","Value","210041","Prevalence of undernourishment (percent) (3-year average)","20052007","2005-2007","%","4.6","E","Estimated value",""
"FS","Suite of Food Security Indicators","212","Dominica","6121","Value","210041","Prevalence of undernourishment (percent) (3-year average)","20062008","2006-2008","%","4.2","E","Estimated value",""
"FS","Suite of Food Security Indicators","212","Dominica","6121","Value","210041","Prevalence of undernourishment (percent) (3-year average)","20072009","2007-2009","%","3.7","E","Estimated value",""
"FS","Suite of Food Security Indicators","212","Dominica","6121","Value","210041","Prevalence of undernourishment (percent) (3-year average)","20082010","2008-2010","%","4.1","E","Estimated value",""
"FS","Suite of Food Security Indicators","212","Dominica","6121","Value","210041","Prevalence of undernourishment (percent) (3-year average)","20092011","2009-2011","%","4.4","E","Estimated value",""
"FS","Suite of Food Security Indicators","212","Dominica","6121","Value","210041","Prevalence of undernourishment (percent) (3-year average)","20102012","2010-2012","%","4.7","E","Estimated value",""
"FS","Suite of Food Security Indicators","212","Dominica","6121","Value","210041","Prevalence of undernourishment (percent) (3-year average)","20112013","2011-2013","%","4.7","E","Estimated value",""
"FS","Suite of Food Security Indicators","212","Dominica","6121","Value","210041","Prevalence of undernourishment (percent) (3-year average)","20122014","2012-2014","%","4.6","E","Estimated value",""
"FS","Suite of Food Security Indicators","212","Dominica","6121","Value","210041","Prevalence of undernourishment (percent) (3-year average)","20132015","2013-2015","%","4.4","E","Estimated value",""
"FS","Suite of Food Security Indicators","212","Dominica","6121","Value","210041","Prevalence of undernourishment (percent) (3-year average)","20142016","2014-2016","%","4.6","E","Estimated value",""
"FS","Suite of Food Security Indicators","212","Dominica","6121","Value","210041","Prevalence of undernourishment (percent) (3-year average)","20152017","2015-2017","%","4.9","E","Estimated value",""
"FS","Suite of Food Security Indicators","212","Dominica","6121","Value","210041","Prevalence of undernourishment (percent) (3-year average)","20162018","2016-2018","%","5.5","E","Estimated value",""
"FS","Suite of Food Security Indicators","212","Dominica","6121","Value","210041","Prevalence of undernourishment (percent) (3-year average)","20172019","2017-2019","%","5.5","E","Estimated value",""
"FS","Suite of Food Security Indicators","212","Dominica","6121","Value","210041","Prevalence of undernourishment (percent) (3-year average)","20182020","2018-2020","%","5.5","E","Estimated value",""
"FS","Suite of Food Security Indicators","212","Dominica","6121","Value","210041","Prevalence of undernourishment (percent) (3-year average)","20192021","2019-2021","%","5.2","E","Estimated value",""
"FS","Suite of Food Security Indicators","212","Dominica","6121","Value","210041","Prevalence of undernourishment (percent) (3-year average)","20202022","2020-2022","%","5.1","E","Estimated value",""
"FS","Suite of Food Security Indicators","212","Dominica","6121","Value","210041","Prevalence of undernourishment (percent) (3-year average)","20212023","2021-2023","%","4.4","E","Estimated value",""
"FS","Suite of Food Security Indicators","212","Dominica","6121","Value","210041","Prevalence of undernourishment (percent) (3-year average)","20222024","2022-2024","%","3.6","E","Estimated value",""
"FS","Suite of Food Security Indicators","214","Dominican Republic","6121","Value","210041","Prevalence of undernourishment (percent) (3-year average)","20002002","2000-2002","%","19.7","E","Estimated value",""
"FS","Suite of Food Security Indicators","214","Dominican Republic","6121","Value","210041","Prevalence of undernourishment (percent) (3-year average)","20012003","2001-2003","%","21.7","E","Estimated value",""
"FS","Suite of Food Security Indicators","214","Dominican Republic","6121","Value","210041","Prevalence of undernourishment (percent) (3-year average)","20022004","2002-2004","%","23.1","E","Estimated value",""
"FS","Suite of Food Security Indicators","214","Dominican Republic","6121","Value","210041","Prevalence of undernourishment (percent) (3-year average)","20032005","2003-2005","%","23.9","E","Estimated value",""
"FS","Suite of Food Security Indicators","214","Dominican Republic","6121","Value","210041","Prevalence of undernourishment (percent) (3-year average)","20042006","2004-2006","%","21.3","E","Estimated value",""
"FS","Suite of Food Security Indicators","214","Dominican Republic","6121","Value","210041","Prevalence of undernourishment (percent) (3-year average)","20052007","2005-2007","%","18.9","E","Estimated value",""
"FS","Suite of Food Security Indicators","214","Dominican Republic","6121","Value","210041","Prevalence of undernourishment (percent) (3-year average)","20062008","2006-2008","%","16.7","E","Estimated value",""
"FS","Suite of Food Security Indicators","214","Dominican Republic","6121","Value","210041","Prevalence of undernourishment (percent) (3-year average)","20072009","2007-2009","%","14.7","E","Estimated value",""
"FS","Suite of Food Security Indicators","214","Dominican Republic","6121","Value","210041","Prevalence of undernourishment (percent) (3-year average)","20082010","2008-2010","%","13.5","E","Estimated value",""
"FS","Suite of Food Security Indicators","214","Dominican Republic","6121","Value","210041","Prevalence of undernourishment (percent) (3-year average)","20092011","2009-2011","%","12.4","E","Estimated value",""
"FS","Suite of Food Security Indicators","214","Dominican Republic","6121","Value","210041","Prevalence of undernourishment (percent) (3-year average)","20102012","2010-2012","%","11.6","E","Estimated value",""
"FS","Suite of Food Security Indicators","214","Dominican Republic","6121","Value","210041","Prevalence of undernourishment (percent) (3-year average)","20112013","2011-2013","%","10.4","E","Estimated value",""
"FS","Suite of Food Security Indicators","214","Dominican Republic","6121","Value","210041","Prevalence of undernourishment (percent) (3-year average)","20122014","2012-2014","%","9.1","E","Estimated value",""
"FS","Suite of Food Security Indicators","214","Dominican Republic","6121","Value","210041","Prevalence of undernourishment (percent) (3-year average)","20132015","2013-2015","%","8.4","E","Estimated value",""
"FS","Suite of Food Security Indicators","214","Dominican Republic","6121","Value","210041","Prevalence of undernourishment (percent) (3-year average)","20142016","2014-2016","%","7.4","E","Estimated value",""
"FS","Suite of Food Security Indicators","214","Dominican Republic","6121","Value","210041","Prevalence of undernourishment (percent) (3-year average)","20152017","2015-2017","%","6.7","E","Estimated value",""
"FS","Suite of Food Security Indicators","214","Dominican Republic","6121","Value","210041","Prevalence of undernourishment (percent) (3-year average)","20162018","2016-2018","%","5.9","E","Estimated value",""
"FS","Suite of Food Security Indicators","214","Dominican Republic","6121","Value","210041","Prevalence of undernourishment (percent) (3-year average)","20172019","2017-2019","%","5.6","E","Estimated value",""
"FS","Suite of Food Security Indicators","214","Dominican Republic","6121","Value","210041","Prevalence of undernourishment (percent) (3-year average)","20182020","2018-2020","%","6.1","E","Estimated value",""
"FS","Suite of Food Security Indicators","214","Dominican Republic","6121","Value","210041","Prevalence of undernourishment (percent) (3-year average)","20192021","2019-2021","%","5.9","E","Estimated value",""
"FS","Suite of Food Security Indicators","214","Dominican Republic","6121","Value","210041","Prevalence of undernourishment (percent) (3-year average)","20202022","2020-2022","%","5.5","E","Estimated value",""
"FS","Suite of Food Security Indicators","214","Dominican Republic","6121","Value","210041","Prevalence of undernourishment (percent) (3-year average)","20212023","2021-2023","%","4.4","E","Estimated value",""
"FS","Suite of Food Security Indicators","214","Dominican Republic","6121","Value","210041","Prevalence of undernourishment (percent) (3-year average)","20222024","2022-2024","%","3.6","E","Estimated value",""
"FS","Suite of Food Security Indicators","218","Ecuador","6121","Value","210041","Prevalence of undernourishment (percent) (3-year average)","20002002","2000-2002","%","20","E","Estimated value",""
"FS","Suite of Food Security Indicators","218","Ecuador","6121","Value","210041","Prevalence of undernourishment (percent) (3-year average)","20012003","2001-2003","%","21.8","E","Estimated value",""
"FS","Suite of Food Security Indicators","218","Ecuador","6121","Value","210041","Prevalence of undernourishment (percent) (3-year average)","20022004","2002-2004","%","21.2","E","Estimated value",""
"FS","Suite of Food Security Indicators","218","Ecuador","6121","Value","210041","Prevalence of undernourishment (percent) (3-year average)","20032005","2003-2005","%","20","E","Estimated value",""
"FS","Suite of Food Security Indicators","218","Ecuador","6121","Value","210041","Prevalence of undernourishment (percent) (3-year average)","20042006","2004-2006","%","17.4","E","Estimated value",""
"FS","Suite of Food Security Indicators","218","Ecuador","6121","Value","210041","Prevalence of undernourishment (percent) (3-year average)","20052007","2005-2007","%","15","E","Estimated value",""
"FS","Suite of Food Security Indicators","218","Ecuador","6121","Value","210041","Prevalence of undernourishment (percent) (3-year average)","20062008","2006-2008","%","12.9","E","Estimated value",""
"FS","Suite of Food Security Indicators","218","Ecuador","6121","Value","210041","Prevalence of undernourishment (percent) (3-year average)","20072009","2007-2009","%","11.1","E","Estimated value",""
"FS","Suite of Food Security Indicators","218","Ecuador","6121","Value","210041","Prevalence of undernourishment (percent) (3-year average)","20082010","2008-2010","%","9.5","E","Estimated value",""
"FS","Suite of Food Security Indicators","218","Ecuador","6121","Value","210041","Prevalence of undernourishment (percent) (3-year average)","20092011","2009-2011","%","8.4","E","Estimated value",""
"FS","Suite of Food Security Indicators","218","Ecuador","6121","Value","210041","Prevalence of undernourishment (percent) (3-year average)","20102012","2010-2012","%","8","E","Estimated value",""
"FS","Suite of Food Security Indicators","218","Ecuador","6121","Value","210041","Prevalence of undernourishment (percent) (3-year average)","20112013","2011-2013","%","8.5","E","Estimated value",""
"FS","Suite of Food Security Indicators","218","Ecuador","6121","Value","210041","Prevalence of undernourishment (percent) (3-year average)","20122014","2012-2014","%","8.5","E","Estimated value",""
"FS","Suite of Food Security Indicators","218","Ecuador","6121","Value","210041","Prevalence of undernourishment (percent) (3-year average)","20132015","2013-2015","%","8.5","E","Estimated value",""
"FS","Suite of Food Security Indicators","218","Ecuador","6121","Value","210041","Prevalence of undernourishment (percent) (3-year average)","20142016","2014-2016","%","8.8","E","Estimated value",""
"FS","Suite of Food Security Indicators","218","Ecuador","6121","Value","210041","Prevalence of undernourishment (percent) (3-year average)","20152017","2015-2017","%","9.5","E","Estimated value",""
"FS","Suite of Food Security Indicators","218","Ecuador","6121","Value","210041","Prevalence of undernourishment (percent) (3-year average)","20162018","2016-2018","%","10.4","E","Estimated value",""
"FS","Suite of Food Security Indicators","218","Ecuador","6121","Value","210041","Prevalence of undernourishment (percent) (3-year average)","20172019","2017-2019","%","11.3","E","Estimated value",""
"FS","Suite of Food Security Indicators","218","Ecuador","6121","Value","210041","Prevalence of undernourishment (percent) (3-year average)","20182020","2018-2020","%","12.7","E","Estimated value",""
"FS","Suite of Food Security Indicators","218","Ecuador","6121","Value","210041","Prevalence of undernourishment (percent) (3-year average)","20192021","2019-2021","%","13.4","E","Estimated value",""
"FS","Suite of Food Security Indicators","218","Ecuador","6121","Value","210041","Prevalence of undernourishment (percent) (3-year average)","20202022","2020-2022","%","13.6","E","Estimated value",""
"FS","Suite of Food Security Indicators","218","Ecuador","6121","Value","210041","Prevalence of undernourishment (percent) (3-year average)","20212023","2021-2023","%","12.8","E","Estimated value",""
"FS","Suite of Food Security Indicators","218","Ecuador","6121","Value","210041","Prevalence of undernourishment (percent) (3-year average)","20222024","2022-2024","%","12.1","E","Estimated value",""
"FS","Suite of Food Security Indicators","818","Egypt","6121","Value","210041","Prevalence of undernourishment (percent) (3-year average)","20002002","2000-2002","%","4.8","E","Estimated value",""
"FS","Suite of Food Security Indicators","818","Egypt","6121","Value","210041","Prevalence of undernourishment (percent) (3-year average)","20012003","2001-2003","%","5","E","Estimated value",""
"FS","Suite of Food Security Indicators","818","Egypt","6121","Value","210041","Prevalence of undernourishment (percent) (3-year average)","20022004","2002-2004","%","5.5","E","Estimated value",""
"FS","Suite of Food Security Indicators","818","Egypt","6121","Value","210041","Prevalence of undernourishment (percent) (3-year average)","20032005","2003-2005","%","5.8","E","Estimated value",""
"FS","Suite of Food Security Indicators","818","Egypt","6121","Value","210041","Prevalence of undernourishment (percent) (3-year average)","20042006","2004-2006","%","5.8","E","Estimated value",""
"FS","Suite of Food Security Indicators","818","Egypt","6121","Value","210041","Prevalence of undernourishment (percent) (3-year average)","20052007","2005-2007","%","5.4","E","Estimated value",""
"FS","Suite of Food Security Indicators","818","Egypt","6121","Value","210041","Prevalence of undernourishment (percent) (3-year average)","20062008","2006-2008","%","5.1","E","Estimated value",""
"FS","Suite of Food Security Indicators","818","Egypt","6121","Value","210041","Prevalence of undernourishment (percent) (3-year average)","20072009","2007-2009","%","5","E","Estimated value",""
"FS","Suite of Food Security Indicators","818","Egypt","6121","Value","210041","Prevalence of undernourishment (percent) (3-year average)","20082010","2008-2010","%","4.9","E","Estimated value",""
"FS","Suite of Food Security Indicators","818","Egypt","6121","Value","210041","Prevalence of undernourishment (percent) (3-year average)","20092011","2009-2011","%","5.1","E","Estimated value",""
"FS","Suite of Food Security Indicators","818","Egypt","6121","Value","210041","Prevalence of undernourishment (percent) (3-year average)","20102012","2010-2012","%","5.2","E","Estimated value",""
"FS","Suite of Food Security Indicators","818","Egypt","6121","Value","210041","Prevalence of undernourishment (percent) (3-year average)","20112013","2011-2013","%","5.7","E","Estimated value",""
"FS","Suite of Food Security Indicators","818","Egypt","6121","Value","210041","Prevalence of undernourishment (percent) (3-year average)","20122014","2012-2014","%","6.1","E","Estimated value",""
"FS","Suite of Food Security Indicators","818","Egypt","6121","Value","210041","Prevalence of undernourishment (percent) (3-year average)","20132015","2013-2015","%","6.4","E","Estimated value",""
"FS","Suite of Food Security Indicators","818","Egypt","6121","Value","210041","Prevalence of undernourishment (percent) (3-year average)","20142016","2014-2016","%","6.5","E","Estimated value",""
"FS","Suite of Food Security Indicators","818","Egypt","6121","Value","210041","Prevalence of undernourishment (percent) (3-year average)","20152017","2015-2017","%","6.6","E","Estimated value",""
"FS","Suite of Food Security Indicators","818","Egypt","6121","Value","210041","Prevalence of undernourishment (percent) (3-year average)","20162018","2016-2018","%","6.6","E","Estimated value",""
"FS","Suite of Food Security Indicators","818","Egypt","6121","Value","210041","Prevalence of undernourishment (percent) (3-year average)","20172019","2017-2019","%","6.4","E","Estimated value",""
"FS","Suite of Food Security Indicators","818","Egypt","6121","Value","210041","Prevalence of undernourishment (percent) (3-year average)","20182020","2018-2020","%","6.6","E","Estimated value",""
"FS","Suite of Food Security Indicators","818","Egypt","6121","Value","210041","Prevalence of undernourishment (percent) (3-year average)","20192021","2019-2021","%","7.1","E","Estimated value",""
"FS","Suite of Food Security Indicators","818","Egypt","6121","Value","210041","Prevalence of undernourishment (percent) (3-year average)","20202022","2020-2022","%","7.9","E","Estimated value",""
"FS","Suite of Food Security Indicators","818","Egypt","6121","Value","210041","Prevalence of undernourishment (percent) (3-year average)","20212023","2021-2023","%","8.8","E","Estimated value",""
"FS","Suite of Food Security Indicators","818","Egypt","6121","Value","210041","Prevalence of undernourishment (percent) (3-year average)","20222024","2022-2024","%","9.4","E","Estimated value",""
"FS","Suite of Food Security Indicators","222","El Salvador","6121","Value","210041","Prevalence of undernourishment (percent) (3-year average)","20002002","2000-2002","%","6.9","E","Estimated value",""
"FS","Suite of Food Security Indicators","222","El Salvador","6121","Value","210041","Prevalence of undernourishment (percent) (3-year average)","20012003","2001-2003","%","6.9","E","Estimated value",""
"FS","Suite of Food Security Indicators","222","El Salvador","6121","Value","210041","Prevalence of undernourishment (percent) (3-year average)","20022004","2002-2004","%","7.6","E","Estimated value",""
"FS","Suite of Food Security Indicators","222","El Salvador","6121","Value","210041","Prevalence of undernourishment (percent) (3-year average)","20032005","2003-2005","%","8.4","E","Estimated value",""
"FS","Suite of Food Security Indicators","222","El Salvador","6121","Value","210041","Prevalence of undernourishment (percent) (3-year average)","20042006","2004-2006","%","8.9","E","Estimated value",""
"FS","Suite of Food Security Indicators","222","El Salvador","6121","Value","210041","Prevalence of undernourishment (percent) (3-year average)","20052007","2005-2007","%","9.2","E","Estimated value",""
"FS","Suite of Food Security Indicators","222","El Salvador","6121","Value","210041","Prevalence of undernourishment (percent) (3-year average)","20062008","2006-2008","%","9.4","E","Estimated value",""
"FS","Suite of Food Security Indicators","222","El Salvador","6121","Value","210041","Prevalence of undernourishment (percent) (3-year average)","20072009","2007-2009","%","9.7","E","Estimated value",""
"FS","Suite of Food Security Indicators","222","El Salvador","6121","Value","210041","Prevalence of undernourishment (percent) (3-year average)","20082010","2008-2010","%","9.5","E","Estimated value",""
"FS","Suite of Food Security Indicators","222","El Salvador","6121","Value","210041","Prevalence of undernourishment (percent) (3-year average)","20092011","2009-2011","%","9.3","E","Estimated value",""
"FS","Suite of Food Security Indicators","222","El Salvador","6121","Value","210041","Prevalence of undernourishment (percent) (3-year average)","20102012","2010-2012","%","9","E","Estimated value",""
"FS","Suite of Food Security Indicators","222","El Salvador","6121","Value","210041","Prevalence of undernourishment (percent) (3-year average)","20112013","2011-2013","%","9.1","E","Estimated value",""
"FS","Suite of Food Security Indicators","222","El Salvador","6121","Value","210041","Prevalence of undernourishment (percent) (3-year average)","20122014","2012-2014","%","9.2","E","Estimated value",""
"FS","Suite of Food Security Indicators","222","El Salvador","6121","Value","210041","Prevalence of undernourishment (percent) (3-year average)","20132015","2013-2015","%","9.4","E","Estimated value",""
"FS","Suite of Food Security Indicators","222","El Salvador","6121","Value","210041","Prevalence of undernourishment (percent) (3-year average)","20142016","2014-2016","%","9.1","E","Estimated value",""
"FS","Suite of Food Security Indicators","222","El Salvador","6121","Value","210041","Prevalence of undernourishment (percent) (3-year average)","20152017","2015-2017","%","8.4","E","Estimated value",""
"FS","Suite of Food Security Indicators","222","El Salvador","6121","Value","210041","Prevalence of undernourishment (percent) (3-year average)","20162018","2016-2018","%","7.6","E","Estimated value",""
"FS","Suite of Food Security Indicators","222","El Salvador","6121","Value","210041","Prevalence of undernourishment (percent) (3-year average)","20172019","2017-2019","%","6.8","E","Estimated value",""
"FS","Suite of Food Security Indicators","222","El Salvador","6121","Value","210041","Prevalence of undernourishment (percent) (3-year average)","20182020","2018-2020","%","6.8","E","Estimated value",""
"FS","Suite of Food Security Indicators","222","El Salvador","6121","Value","210041","Prevalence of undernourishment (percent) (3-year average)","20192021","2019-2021","%","6.6","E","Estimated value",""
"FS","Suite of Food Security Indicators","222","El Salvador","6121","Value","210041","Prevalence of undernourishment (percent) (3-year average)","20202022","2020-2022","%","7","E","Estimated value",""
"FS","Suite of Food Security Indicators","222","El Salvador","6121","Value","210041","Prevalence of undernourishment (percent) (3-year average)","20212023","2021-2023","%","6.8","E","Estimated value",""
"FS","Suite of Food Security Indicators","222","El Salvador","6121","Value","210041","Prevalence of undernourishment (percent) (3-year average)","20222024","2022-2024","%","6.7","E","Estimated value",""
"FS","Suite of Food Security Indicators","226","Equatorial Guinea","6121","Value","210041","Prevalence of undernourishment (percent) (3-year average)","20002002","2000-2002","%","","O","Missing value",""
"FS","Suite of Food Security Indicators","226","Equatorial Guinea","6121","Value","210041","Prevalence of undernourishment (percent) (3-year average)","20012003","2001-2003","%","","O","Missing value",""
"FS","Suite of Food Security Indicators","226","Equatorial Guinea","6121","Value","210041","Prevalence of undernourishment (percent) (3-year average)","20022004","2002-2004","%","","O","Missing value",""
"FS","Suite of Food Security Indicators","226","Equatorial Guinea","6121","Value","210041","Prevalence of undernourishment (percent) (3-year average)","20032005","2003-2005","%","","O","Missing value",""
"FS","Suite of Food Security Indicators","226","Equatorial Guinea","6121","Value","210041","Prevalence of undernourishment (percent) (3-year average)","20042006","2004-2006","%","","O","Missing value",""
"FS","Suite of Food Security Indicators","226","Equatorial Guinea","6121","Value","210041","Prevalence of undernourishment (percent) (3-year average)","20052007","2005-2007","%","","O","Missing value",""
"FS","Suite of Food Security Indicators","226","Equatorial Guinea","6121","Value","210041","Prevalence of undernourishment (percent) (3-year average)","20062008","2006-2008","%","","O","Missing value",""
"FS","Suite of Food Security Indicators","226","Equatorial Guinea","6121","Value","210041","Prevalence of undernourishment (percent) (3-year average)","20072009","2007-2009","%","","O","Missing value",""
"FS","Suite of Food Security Indicators","226","Equatorial Guinea","6121","Value","210041","Prevalence of undernourishment (percent) (3-year average)","20082010","2008-2010","%","","O","Missing value",""
"FS","Suite of Food Security Indicators","226","Equatorial Guinea","6121","Value","210041","Prevalence of undernourishment (percent) (3-year average)","20092011","2009-2011","%","","O","Missing value",""
"FS","Suite of Food Security Indicators","226","Equatorial Guinea","6121","Value","210041","Prevalence of undernourishment (percent) (3-year average)","20102012","2010-2012","%","","O","Missing value",""
"FS","Suite of Food Security Indicators","226","Equatorial Guinea","6121","Value","210041","Prevalence of undernourishment (percent) (3-year average)","20112013","2011-2013","%","","O","Missing value",""
"FS","Suite of Food Security Indicators","226","Equatorial Guinea","6121","Value","210041","Prevalence of undernourishment (percent) (3-year average)","20122014","2012-2014","%","","O","Missing value",""
"FS","Suite of Food Security Indicators","226","Equatorial Guinea","6121","Value","210041","Prevalence of undernourishment (percent) (3-year average)","20132015","2013-2015","%","","O","Missing value",""
"FS","Suite of Food Security Indicators","226","Equatorial Guinea","6121","Value","210041","Prevalence of undernourishment (percent) (3-year average)","20142016","2014-2016","%","","O","Missing value",""
"FS","Suite of Food Security Indicators","226","Equatorial Guinea","6121","Value","210041","Prevalence of undernourishment (percent) (3-year average)","20152017","2015-2017","%","","O","Missing value",""
"FS","Suite of Food Security Indicators","226","Equatorial Guinea","6121","Value","210041","Prevalence of undernourishment (percent) (3-year average)","20162018","2016-2018","%","","O","Missing value",""
"FS","Suite of Food Security Indicators","226","Equatorial Guinea","6121","Value","210041","Prevalence of undernourishment (percent) (3-year average)","20172019","2017-2019","%","","O","Missing value",""
"FS","Suite of Food Security Indicators","226","Equatorial Guinea","6121","Value","210041","Prevalence of undernourishment (percent) (3-year average)","20182020","2018-2020","%","","O","Missing value",""
"FS","Suite of Food Security Indicators","226","Equatorial Guinea","6121","Value","210041","Prevalence of undernourishment (percent) (3-year average)","20192021","2019-2021","%","","O","Missing value",""
"FS","Suite of Food Security Indicators","226","Equatorial Guinea","6121","Value","210041","Prevalence of undernourishment (percent) (3-year average)","20202022","2020-2022","%","","O","Missing value",""
"FS","Suite of Food Security Indicators","226","Equatorial Guinea","6121","Value","210041","Prevalence of undernourishment (percent) (3-year average)","20212023","2021-2023","%","","O","Missing value",""
"FS","Suite of Food Security Indicators","226","Equatorial Guinea","6121","Value","210041","Prevalence of undernourishment (percent) (3-year average)","20222024","2022-2024","%","","O","Missing value",""
"FS","Suite of Food Security Indicators","232","Eritrea","6121","Value","210041","Prevalence of undernourishment (percent) (3-year average)","20002002","2000-2002","%","","O","Missing value",""
"FS","Suite of Food Security Indicators","232","Eritrea","6121","Value","210041","Prevalence of undernourishment (percent) (3-year average)","20012003","2001-2003","%","","O","Missing value",""
"FS","Suite of Food Security Indicators","232","Eritrea","6121","Value","210041","Prevalence of undernourishment (percent) (3-year average)","20022004","2002-2004","%","","O","Missing value",""
"FS","Suite of Food Security Indicators","232","Eritrea","6121","Value","210041","Prevalence of undernourishment (percent) (3-year average)","20032005","2003-2005","%","","O","Missing value",""
"FS","Suite of Food Security Indicators","232","Eritrea","6121","Value","210041","Prevalence of undernourishment (percent) (3-year average)","20042006","2004-2006","%","","O","Missing value",""
"FS","Suite of Food Security Indicators","232","Eritrea","6121","Value","210041","Prevalence of undernourishment (percent) (3-year average)","20052007","2005-2007","%","","O","Missing value",""
"FS","Suite of Food Security Indicators","232","Eritrea","6121","Value","210041","Prevalence of undernourishment (percent) (3-year average)","20062008","2006-2008","%","","O","Missing value",""
"FS","Suite of Food Security Indicators","232","Eritrea","6121","Value","210041","Prevalence of undernourishment (percent) (3-year average)","20072009","2007-2009","%","","O","Missing value",""
"FS","Suite of Food Security Indicators","232","Eritrea","6121","Value","210041","Prevalence of undernourishment (percent) (3-year average)","20082010","2008-2010","%","","O","Missing value",""
"FS","Suite of Food Security Indicators","232","Eritrea","6121","Value","210041","Prevalence of undernourishment (percent) (3-year average)","20092011","2009-2011","%","","O","Missing value",""
"FS","Suite of Food Security Indicators","232","Eritrea","6121","Value","210041","Prevalence of undernourishment (percent) (3-year average)","20102012","2010-2012","%","","O","Missing value",""
"FS","Suite of Food Security Indicators","232","Eritrea","6121","Value","210041","Prevalence of undernourishment (percent) (3-year average)","20112013","2011-2013","%","","O","Missing value",""
"FS","Suite of Food Security Indicators","232","Eritrea","6121","Value","210041","Prevalence of undernourishment (percent) (3-year average)","20122014","2012-2014","%","","O","Missing value",""
"FS","Suite of Food Security Indicators","232","Eritrea","6121","Value","210041","Prevalence of undernourishment (percent) (3-year average)","20132015","2013-2015","%","","O","Missing value",""
"FS","Suite of Food Security Indicators","232","Eritrea","6121","Value","210041","Prevalence of undernourishment (percent) (3-year average)","20142016","2014-2016","%","","O","Missing value",""
"FS","Suite of Food Security Indicators","232","Eritrea","6121","Value","210041","Prevalence of undernourishment (percent) (3-year average)","20152017","2015-2017","%","","O","Missing value",""
"FS","Suite of Food Security Indicators","232","Eritrea","6121","Value","210041","Prevalence of undernourishment (percent) (3-year average)","20162018","2016-2018","%","","O","Missing value",""
"FS","Suite of Food Security Indicators","232","Eritrea","6121","Value","210041","Prevalence of undernourishment (percent) (3-year average)","20172019","2017-2019","%","","O","Missing value",""
"FS","Suite of Food Security Indicators","232","Eritrea","6121","Value","210041","Prevalence of undernourishment (percent) (3-year average)","20182020","2018-2020","%","","O","Missing value",""
"FS","Suite of Food Security Indicators","232","Eritrea","6121","Value","210041","Prevalence of undernourishment (percent) (3-year average)","20192021","2019-2021","%","","O","Missing value",""
"FS","Suite of Food Security Indicators","232","Eritrea","6121","Value","210041","Prevalence of undernourishment (percent) (3-year average)","20202022","2020-2022","%","","O","Missing value",""
"FS","Suite of Food Security Indicators","232","Eritrea","6121","Value","210041","Prevalence of undernourishment (percent) (3-year average)","20212023","2021-2023","%","","O","Missing value",""
"FS","Suite of Food Security Indicators","232","Eritrea","6121","Value","210041","Prevalence of undernourishment (percent) (3-year average)","20222024","2022-2024","%","","O","Missing value",""
"FS","Suite of Food Security Indicators","233","Estonia","6121","Value","210041","Prevalence of undernourishment (percent) (3-year average)","20002002","2000-2002","%","3.6","E","Estimated value",""
"FS","Suite of Food Security Indicators","233","Estonia","6121","Value","210041","Prevalence of undernourishment (percent) (3-year average)","20012003","2001-2003","%","3.5","E","Estimated value",""
"FS","Suite of Food Security Indicators","233","Estonia","6121","Value","210041","Prevalence of undernourishment (percent) (3-year average)","20022004","2002-2004","%","3.4","E","Estimated value",""
"FS","Suite of Food Security Indicators","233","Estonia","6121","Value","210041","Prevalence of undernourishment (percent) (3-year average)","20032005","2003-2005","%","2.9","E","Estimated value",""
"FS","Suite of Food Security Indicators","233","Estonia","6121","Value","210041","Prevalence of undernourishment (percent) (3-year average)","20042006","2004-2006","%","<2.5","E","Estimated value",""
"FS","Suite of Food Security Indicators","233","Estonia","6121","Value","210041","Prevalence of undernourishment (percent) (3-year average)","20052007","2005-2007","%","<2.5","E","Estimated value",""
"FS","Suite of Food Security Indicators","233","Estonia","6121","Value","210041","Prevalence of undernourishment (percent) (3-year average)","20062008","2006-2008","%","<2.5","E","Estimated value",""
"FS","Suite of Food Security Indicators","233","Estonia","6121","Value","210041","Prevalence of undernourishment (percent) (3-year average)","20072009","2007-2009","%","<2.5","E","Estimated value",""
"FS","Suite of Food Security Indicators","233","Estonia","6121","Value","210041","Prevalence of undernourishment (percent) (3-year average)","20082010","2008-2010","%","<2.5","E","Estimated value",""
"FS","Suite of Food Security Indicators","233","Estonia","6121","Value","210041","Prevalence of undernourishment (percent) (3-year average)","20092011","2009-2011","%","<2.5","E","Estimated value",""
"FS","Suite of Food Security Indicators","233","Estonia","6121","Value","210041","Prevalence of undernourishment (percent) (3-year average)","20102012","2010-2012","%","<2.5","E","Estimated value",""
"FS","Suite of Food Security Indicators","233","Estonia","6121","Value","210041","Prevalence of undernourishment (percent) (3-year average)","20112013","2011-2013","%","<2.5","E","Estimated value",""
"FS","Suite of Food Security Indicators","233","Estonia","6121","Value","210041","Prevalence of undernourishment (percent) (3-year average)","20122014","2012-2014","%","<2.5","E","Estimated value",""
"FS","Suite of Food Security Indicators","233","Estonia","6121","Value","210041","Prevalence of undernourishment (percent) (3-year average)","20132015","2013-2015","%","<2.5","E","Estimated value",""
"FS","Suite of Food Security Indicators","233","Estonia","6121","Value","210041","Prevalence of undernourishment (percent) (3-year average)","20142016","2014-2016","%","<2.5","E","Estimated value",""
"FS","Suite of Food Security Indicators","233","Estonia","6121","Value","210041","Prevalence of undernourishment (percent) (3-year average)","20152017","2015-2017","%","<2.5","E","Estimated value",""
"FS","Suite of Food Security Indicators","233","Estonia","6121","Value","210041","Prevalence of undernourishment (percent) (3-year average)","20162018","2016-2018","%","<2.5","E","Estimated value",""
"FS","Suite of Food Security Indicators","233","Estonia","6121","Value","210041","Prevalence of undernourishment (percent) (3-year average)","20172019","2017-2019","%","<2.5","E","Estimated value",""
"FS","Suite of Food Security Indicators","233","Estonia","6121","Value","210041","Prevalence of undernourishment (percent) (3-year average)","20182020","2018-2020","%","<2.5","E","Estimated value",""
"FS","Suite of Food Security Indicators","233","Estonia","6121","Value","210041","Prevalence of undernourishment (percent) (3-year average)","20192021","2019-2021","%","<2.5","E","Estimated value",""
"FS","Suite of Food Security Indicators","233","Estonia","6121","Value","210041","Prevalence of undernourishment (percent) (3-year average)","20202022","2020-2022","%","<2.5","E","Estimated value",""
"FS","Suite of Food Security Indicators","233","Estonia","6121","Value","210041","Prevalence of undernourishment (percent) (3-year average)","20212023","2021-2023","%","<2.5","E","Estimated value",""
"FS","Suite of Food Security Indicators","233","Estonia","6121","Value","210041","Prevalence of undernourishment (percent) (3-year average)","20222024","2022-2024","%","<2.5","E","Estimated value",""
"FS","Suite of Food Security Indicators","748","Eswatini","6121","Value","210041","Prevalence of undernourishment (percent) (3-year average)","20002002","2000-2002","%","9.8","E","Estimated value",""
"FS","Suite of Food Security Indicators","748","Eswatini","6121","Value","210041","Prevalence of undernourishment (percent) (3-year average)","20012003","2001-2003","%","9.2","E","Estimated value",""
"FS","Suite of Food Security Indicators","748","Eswatini","6121","Value","210041","Prevalence of undernourishment (percent) (3-year average)","20022004","2002-2004","%","8.8","E","Estimated value",""
"FS","Suite of Food Security Indicators","748","Eswatini","6121","Value","210041","Prevalence of undernourishment (percent) (3-year average)","20032005","2003-2005","%","9.7","E","Estimated value",""
"FS","Suite of Food Security Indicators","748","Eswatini","6121","Value","210041","Prevalence of undernourishment (percent) (3-year average)","20042006","2004-2006","%","11.7","E","Estimated value",""
"FS","Suite of Food Security Indicators","748","Eswatini","6121","Value","210041","Prevalence of undernourishment (percent) (3-year average)","20052007","2005-2007","%","13.9","E","Estimated value",""
"FS","Suite of Food Security Indicators","748","Eswatini","6121","Value","210041","Prevalence of undernourishment (percent) (3-year average)","20062008","2006-2008","%","16.4","E","Estimated value",""
"FS","Suite of Food Security Indicators","748","Eswatini","6121","Value","210041","Prevalence of undernourishment (percent) (3-year average)","20072009","2007-2009","%","19.6","E","Estimated value",""
"FS","Suite of Food Security Indicators","748","Eswatini","6121","Value","210041","Prevalence of undernourishment (percent) (3-year average)","20082010","2008-2010","%","23.3","E","Estimated value",""
"FS","Suite of Food Security Indicators","748","Eswatini","6121","Value","210041","Prevalence of undernourishment (percent) (3-year average)","20092011","2009-2011","%","24.9","E","Estimated value",""
"FS","Suite of Food Security Indicators","748","Eswatini","6121","Value","210041","Prevalence of undernourishment (percent) (3-year average)","20102012","2010-2012","%","24","E","Estimated value",""
"FS","Suite of Food Security Indicators","748","Eswatini","6121","Value","210041","Prevalence of undernourishment (percent) (3-year average)","20112013","2011-2013","%","20.4","E","Estimated value",""
"FS","Suite of Food Security Indicators","748","Eswatini","6121","Value","210041","Prevalence of undernourishment (percent) (3-year average)","20122014","2012-2014","%","17.5","E","Estimated value",""
"FS","Suite of Food Security Indicators","748","Eswatini","6121","Value","210041","Prevalence of undernourishment (percent) (3-year average)","20132015","2013-2015","%","16.2","E","Estimated value",""
"FS","Suite of Food Security Indicators","748","Eswatini","6121","Value","210041","Prevalence of undernourishment (percent) (3-year average)","20142016","2014-2016","%","16.2","E","Estimated value",""
"FS","Suite of Food Security Indicators","748","Eswatini","6121","Value","210041","Prevalence of undernourishment (percent) (3-year average)","20152017","2015-2017","%","16.3","E","Estimated value",""
"FS","Suite of Food Security Indicators","748","Eswatini","6121","Value","210041","Prevalence of undernourishment (percent) (3-year average)","20162018","2016-2018","%","15","E","Estimated value",""
"FS","Suite of Food Security Indicators","748","Eswatini","6121","Value","210041","Prevalence of undernourishment (percent) (3-year average)","20172019","2017-2019","%","13.4","E","Estimated value",""
"FS","Suite of Food Security Indicators","748","Eswatini","6121","Value","210041","Prevalence of undernourishment (percent) (3-year average)","20182020","2018-2020","%","11.7","E","Estimated value",""
"FS","Suite of Food Security Indicators","748","Eswatini","6121","Value","210041","Prevalence of undernourishment (percent) (3-year average)","20192021","2019-2021","%","11.4","E","Estimated value",""
"FS","Suite of Food Security Indicators","748","Eswatini","6121","Value","210041","Prevalence of undernourishment (percent) (3-year average)","20202022","2020-2022","%","11.6","E","Estimated value",""
"FS","Suite of Food Security Indicators","748","Eswatini","6121","Value","210041","Prevalence of undernourishment (percent) (3-year average)","20212023","2021-2023","%","13.1","E","Estimated value",""
"FS","Suite of Food Security Indicators","748","Eswatini","6121","Value","210041","Prevalence of undernourishment (percent) (3-year average)","20222024","2022-2024","%","14.7","E","Estimated value",""
"FS","Suite of Food Security Indicators","231","Ethiopia","6121","Value","210041","Prevalence of undernourishment (percent) (3-year average)","20002002","2000-2002","%","46.1","E","Estimated value",""
"FS","Suite of Food Security Indicators","231","Ethiopia","6121","Value","210041","Prevalence of undernourishment (percent) (3-year average)","20012003","2001-2003","%","43.2","E","Estimated value",""
"FS","Suite of Food Security Indicators","231","Ethiopia","6121","Value","210041","Prevalence of undernourishment (percent) (3-year average)","20022004","2002-2004","%","41.6","E","Estimated value",""
"FS","Suite of Food Security Indicators","231","Ethiopia","6121","Value","210041","Prevalence of undernourishment (percent) (3-year average)","20032005","2003-2005","%","39.1","E","Estimated value",""
"FS","Suite of Food Security Indicators","231","Ethiopia","6121","Value","210041","Prevalence of undernourishment (percent) (3-year average)","20042006","2004-2006","%","36.4","E","Estimated value",""
"FS","Suite of Food Security Indicators","231","Ethiopia","6121","Value","210041","Prevalence of undernourishment (percent) (3-year average)","20052007","2005-2007","%","32.7","E","Estimated value",""
"FS","Suite of Food Security Indicators","231","Ethiopia","6121","Value","210041","Prevalence of undernourishment (percent) (3-year average)","20062008","2006-2008","%","29.4","E","Estimated value",""
"FS","Suite of Food Security Indicators","231","Ethiopia","6121","Value","210041","Prevalence of undernourishment (percent) (3-year average)","20072009","2007-2009","%","26.3","E","Estimated value",""
"FS","Suite of Food Security Indicators","231","Ethiopia","6121","Value","210041","Prevalence of undernourishment (percent) (3-year average)","20082010","2008-2010","%","23.9","E","Estimated value",""
"FS","Suite of Food Security Indicators","231","Ethiopia","6121","Value","210041","Prevalence of undernourishment (percent) (3-year average)","20092011","2009-2011","%","22.4","E","Estimated value",""
"FS","Suite of Food Security Indicators","231","Ethiopia","6121","Value","210041","Prevalence of undernourishment (percent) (3-year average)","20102012","2010-2012","%","21.2","E","Estimated value",""
"FS","Suite of Food Security Indicators","231","Ethiopia","6121","Value","210041","Prevalence of undernourishment (percent) (3-year average)","20112013","2011-2013","%","19.8","E","Estimated value",""
"FS","Suite of Food Security Indicators","231","Ethiopia","6121","Value","210041","Prevalence of undernourishment (percent) (3-year average)","20122014","2012-2014","%","17.7","E","Estimated value",""
"FS","Suite of Food Security Indicators","231","Ethiopia","6121","Value","210041","Prevalence of undernourishment (percent) (3-year average)","20132015","2013-2015","%","15.2","E","Estimated value",""
"FS","Suite of Food Security Indicators","231","Ethiopia","6121","Value","210041","Prevalence of undernourishment (percent) (3-year average)","20142016","2014-2016","%","13.6","E","Estimated value",""
"FS","Suite of Food Security Indicators","231","Ethiopia","6121","Value","210041","Prevalence of undernourishment (percent) (3-year average)","20152017","2015-2017","%","13","E","Estimated value",""
"FS","Suite of Food Security Indicators","231","Ethiopia","6121","Value","210041","Prevalence of undernourishment (percent) (3-year average)","20162018","2016-2018","%","14.1","E","Estimated value",""
"FS","Suite of Food Security Indicators","231","Ethiopia","6121","Value","210041","Prevalence of undernourishment (percent) (3-year average)","20172019","2017-2019","%","16.1","E","Estimated value",""
"FS","Suite of Food Security Indicators","231","Ethiopia","6121","Value","210041","Prevalence of undernourishment (percent) (3-year average)","20182020","2018-2020","%","18.5","E","Estimated value",""
"FS","Suite of Food Security Indicators","231","Ethiopia","6121","Value","210041","Prevalence of undernourishment (percent) (3-year average)","20192021","2019-2021","%","20.3","E","Estimated value",""
"FS","Suite of Food Security Indicators","231","Ethiopia","6121","Value","210041","Prevalence of undernourishment (percent) (3-year average)","20202022","2020-2022","%","20.6","E","Estimated value",""
"FS","Suite of Food Security Indicators","231","Ethiopia","6121","Value","210041","Prevalence of undernourishment (percent) (3-year average)","20212023","2021-2023","%","20.2","E","Estimated value",""
"FS","Suite of Food Security Indicators","231","Ethiopia","6121","Value","210041","Prevalence of undernourishment (percent) (3-year average)","20222024","2022-2024","%","19.7","E","Estimated value",""
"FS","Suite of Food Security Indicators","242","Fiji","6121","Value","210041","Prevalence of undernourishment (percent) (3-year average)","20002002","2000-2002","%","3.6","E","Estimated value",""
"FS","Suite of Food Security Indicators","242","Fiji","6121","Value","210041","Prevalence of undernourishment (percent) (3-year average)","20012003","2001-2003","%","3.5","E","Estimated value",""
"FS","Suite of Food Security Indicators","242","Fiji","6121","Value","210041","Prevalence of undernourishment (percent) (3-year average)","20022004","2002-2004","%","3.6","E","Estimated value",""
"FS","Suite of Food Security Indicators","242","Fiji","6121","Value","210041","Prevalence of undernourishment (percent) (3-year average)","20032005","2003-2005","%","4","E","Estimated value",""
"FS","Suite of Food Security Indicators","242","Fiji","6121","Value","210041","Prevalence of undernourishment (percent) (3-year average)","20042006","2004-2006","%","4.5","E","Estimated value",""
"FS","Suite of Food Security Indicators","242","Fiji","6121","Value","210041","Prevalence of undernourishment (percent) (3-year average)","20052007","2005-2007","%","5","E","Estimated value",""
"FS","Suite of Food Security Indicators","242","Fiji","6121","Value","210041","Prevalence of undernourishment (percent) (3-year average)","20062008","2006-2008","%","5.6","E","Estimated value",""
"FS","Suite of Food Security Indicators","242","Fiji","6121","Value","210041","Prevalence of undernourishment (percent) (3-year average)","20072009","2007-2009","%","6.2","E","Estimated value",""
"FS","Suite of Food Security Indicators","242","Fiji","6121","Value","210041","Prevalence of undernourishment (percent) (3-year average)","20082010","2008-2010","%","6.8","E","Estimated value",""
"FS","Suite of Food Security Indicators","242","Fiji","6121","Value","210041","Prevalence of undernourishment (percent) (3-year average)","20092011","2009-2011","%","7","E","Estimated value",""
"FS","Suite of Food Security Indicators","242","Fiji","6121","Value","210041","Prevalence of undernourishment (percent) (3-year average)","20102012","2010-2012","%","7.3","E","Estimated value",""
"FS","Suite of Food Security Indicators","242","Fiji","6121","Value","210041","Prevalence of undernourishment (percent) (3-year average)","20112013","2011-2013","%","7.3","E","Estimated value",""
"FS","Suite of Food Security Indicators","242","Fiji","6121","Value","210041","Prevalence of undernourishment (percent) (3-year average)","20122014","2012-2014","%","7.2","E","Estimated value",""
"FS","Suite of Food Security Indicators","242","Fiji","6121","Value","210041","Prevalence of undernourishment (percent) (3-year average)","20132015","2013-2015","%","7","E","Estimated value",""
"FS","Suite of Food Security Indicators","242","Fiji","6121","Value","210041","Prevalence of undernourishment (percent) (3-year average)","20142016","2014-2016","%","7.2","E","Estimated value",""
"FS","Suite of Food Security Indicators","242","Fiji","6121","Value","210041","Prevalence of undernourishment (percent) (3-year average)","20152017","2015-2017","%","7.5","E","Estimated value",""
"FS","Suite of Food Security Indicators","242","Fiji","6121","Value","210041","Prevalence of undernourishment (percent) (3-year average)","20162018","2016-2018","%","7.3","E","Estimated value",""
"FS","Suite of Food Security Indicators","242","Fiji","6121","Value","210041","Prevalence of undernourishment (percent) (3-year average)","20172019","2017-2019","%","6.4","E","Estimated value",""
"FS","Suite of Food Security Indicators","242","Fiji","6121","Value","210041","Prevalence of undernourishment (percent) (3-year average)","20182020","2018-2020","%","5.6","E","Estimated value",""
"FS","Suite of Food Security Indicators","242","Fiji","6121","Value","210041","Prevalence of undernourishment (percent) (3-year average)","20192021","2019-2021","%","6.2","E","Estimated value",""
"FS","Suite of Food Security Indicators","242","Fiji","6121","Value","210041","Prevalence of undernourishment (percent) (3-year average)","20202022","2020-2022","%","6.7","E","Estimated value",""
"FS","Suite of Food Security Indicators","242","Fiji","6121","Value","210041","Prevalence of undernourishment (percent) (3-year average)","20212023","2021-2023","%","7.3","E","Estimated value",""
"FS","Suite of Food Security Indicators","242","Fiji","6121","Value","210041","Prevalence of undernourishment (percent) (3-year average)","20222024","2022-2024","%","6.8","E","Estimated value",""
"FS","Suite of Food Security Indicators","246","Finland","6121","Value","210041","Prevalence of undernourishment (percent) (3-year average)","20002002","2000-2002","%","<2.5","E","Estimated value",""
"FS","Suite of Food Security Indicators","246","Finland","6121","Value","210041","Prevalence of undernourishment (percent) (3-year average)","20012003","2001-2003","%","<2.5","E","Estimated value",""
"FS","Suite of Food Security Indicators","246","Finland","6121","Value","210041","Prevalence of undernourishment (percent) (3-year average)","20022004","2002-2004","%","<2.5","E","Estimated value",""
"FS","Suite of Food Security Indicators","246","Finland","6121","Value","210041","Prevalence of undernourishment (percent) (3-year average)","20032005","2003-2005","%","<2.5","E","Estimated value",""
"FS","Suite of Food Security Indicators","246","Finland","6121","Value","210041","Prevalence of undernourishment (percent) (3-year average)","20042006","2004-2006","%","<2.5","E","Estimated value",""
"FS","Suite of Food Security Indicators","246","Finland","6121","Value","210041","Prevalence of undernourishment (percent) (3-year average)","20052007","2005-2007","%","<2.5","E","Estimated value",""
"FS","Suite of Food Security Indicators","246","Finland","6121","Value","210041","Prevalence of undernourishment (percent) (3-year average)","20062008","2006-2008","%","<2.5","E","Estimated value",""
"FS","Suite of Food Security Indicators","246","Finland","6121","Value","210041","Prevalence of undernourishment (percent) (3-year average)","20072009","2007-2009","%","<2.5","E","Estimated value",""
"FS","Suite of Food Security Indicators","246","Finland","6121","Value","210041","Prevalence of undernourishment (percent) (3-year average)","20082010","2008-2010","%","<2.5","E","Estimated value",""
"FS","Suite of Food Security Indicators","246","Finland","6121","Value","210041","Prevalence of undernourishment (percent) (3-year average)","20092011","2009-2011","%","<2.5","E","Estimated value",""
"FS","Suite of Food Security Indicators","246","Finland","6121","Value","210041","Prevalence of undernourishment (percent) (3-year average)","20102012","2010-2012","%","<2.5","E","Estimated value",""
"FS","Suite of Food Security Indicators","246","Finland","6121","Value","210041","Prevalence of undernourishment (percent) (3-year average)","20112013","2011-2013","%","<2.5","E","Estimated value",""
"FS","Suite of Food Security Indicators","246","Finland","6121","Value","210041","Prevalence of undernourishment (percent) (3-year average)","20122014","2012-2014","%","<2.5","E","Estimated value",""
"FS","Suite of Food Security Indicators","246","Finland","6121","Value","210041","Prevalence of undernourishment (percent) (3-year average)","20132015","2013-2015","%","<2.5","E","Estimated value",""
"FS","Suite of Food Security Indicators","246","Finland","6121","Value","210041","Prevalence of undernourishment (percent) (3-year average)","20142016","2014-2016","%","<2.5","E","Estimated value",""
"FS","Suite of Food Security Indicators","246","Finland","6121","Value","210041","Prevalence of undernourishment (percent) (3-year average)","20152017","2015-2017","%","<2.5","E","Estimated value",""
"FS","Suite of Food Security Indicators","246","Finland","6121","Value","210041","Prevalence of undernourishment (percent) (3-year average)","20162018","2016-2018","%","<2.5","E","Estimated value",""
"FS","Suite of Food Security Indicators","246","Finland","6121","Value","210041","Prevalence of undernourishment (percent) (3-year average)","20172019","2017-2019","%","<2.5","E","Estimated value",""
"FS","Suite of Food Security Indicators","246","Finland","6121","Value","210041","Prevalence of undernourishment (percent) (3-year average)","20182020","2018-2020","%","<2.5","E","Estimated value",""
"FS","Suite of Food Security Indicators","246","Finland","6121","Value","210041","Prevalence of undernourishment (percent) (3-year average)","20192021","2019-2021","%","<2.5","E","Estimated value",""
"FS","Suite of Food Security Indicators","246","Finland","6121","Value","210041","Prevalence of undernourishment (percent) (3-year average)","20202022","2020-2022","%","<2.5","E","Estimated value",""
"FS","Suite of Food Security Indicators","246","Finland","6121","Value","210041","Prevalence of undernourishment (percent) (3-year average)","20212023","2021-2023","%","<2.5","E","Estimated value",""
"FS","Suite of Food Security Indicators","246","Finland","6121","Value","210041","Prevalence of undernourishment (percent) (3-year average)","20222024","2022-2024","%","<2.5","E","Estimated value",""
"FS","Suite of Food Security Indicators","250","France","6121","Value","210041","Prevalence of undernourishment (percent) (3-year average)","20002002","2000-2002","%","<2.5","E","Estimated value",""
"FS","Suite of Food Security Indicators","250","France","6121","Value","210041","Prevalence of undernourishment (percent) (3-year average)","20012003","2001-2003","%","<2.5","E","Estimated value",""
"FS","Suite of Food Security Indicators","250","France","6121","Value","210041","Prevalence of undernourishment (percent) (3-year average)","20022004","2002-2004","%","<2.5","E","Estimated value",""
"FS","Suite of Food Security Indicators","250","France","6121","Value","210041","Prevalence of undernourishment (percent) (3-year average)","20032005","2003-2005","%","<2.5","E","Estimated value",""
"FS","Suite of Food Security Indicators","250","France","6121","Value","210041","Prevalence of undernourishment (percent) (3-year average)","20042006","2004-2006","%","<2.5","E","Estimated value",""
"FS","Suite of Food Security Indicators","250","France","6121","Value","210041","Prevalence of undernourishment (percent) (3-year average)","20052007","2005-2007","%","<2.5","E","Estimated value",""
"FS","Suite of Food Security Indicators","250","France","6121","Value","210041","Prevalence of undernourishment (percent) (3-year average)","20062008","2006-2008","%","<2.5","E","Estimated value",""
"FS","Suite of Food Security Indicators","250","France","6121","Value","210041","Prevalence of undernourishment (percent) (3-year average)","20072009","2007-2009","%","<2.5","E","Estimated value",""
"FS","Suite of Food Security Indicators","250","France","6121","Value","210041","Prevalence of undernourishment (percent) (3-year average)","20082010","2008-2010","%","<2.5","E","Estimated value",""
"FS","Suite of Food Security Indicators","250","France","6121","Value","210041","Prevalence of undernourishment (percent) (3-year average)","20092011","2009-2011","%","<2.5","E","Estimated value",""
"FS","Suite of Food Security Indicators","250","France","6121","Value","210041","Prevalence of undernourishment (percent) (3-year average)","20102012","2010-2012","%","<2.5","E","Estimated value",""
"FS","Suite of Food Security Indicators","250","France","6121","Value","210041","Prevalence of undernourishment (percent) (3-year average)","20112013","2011-2013","%","<2.5","E","Estimated value",""
"FS","Suite of Food Security Indicators","250","France","6121","Value","210041","Prevalence of undernourishment (percent) (3-year average)","20122014","2012-2014","%","<2.5","E","Estimated value",""
"FS","Suite of Food Security Indicators","250","France","6121","Value","210041","Prevalence of undernourishment (percent) (3-year average)","20132015","2013-2015","%","<2.5","E","Estimated value",""
"FS","Suite of Food Security Indicators","250","France","6121","Value","210041","Prevalence of undernourishment (percent) (3-year average)","20142016","2014-2016","%","<2.5","E","Estimated value",""
"FS","Suite of Food Security Indicators","250","France","6121","Value","210041","Prevalence of undernourishment (percent) (3-year average)","20152017","2015-2017","%","<2.5","E","Estimated value",""
"FS","Suite of Food Security Indicators","250","France","6121","Value","210041","Prevalence of undernourishment (percent) (3-year average)","20162018","2016-2018","%","<2.5","E","Estimated value",""
"FS","Suite of Food Security Indicators","250","France","6121","Value","210041","Prevalence of undernourishment (percent) (3-year average)","20172019","2017-2019","%","<2.5","E","Estimated value",""
"FS","Suite of Food Security Indicators","250","France","6121","Value","210041","Prevalence of undernourishment (percent) (3-year average)","20182020","2018-2020","%","<2.5","E","Estimated value",""
"FS","Suite of Food Security Indicators","250","France","6121","Value","210041","Prevalence of undernourishment (percent) (3-year average)","20192021","2019-2021","%","<2.5","E","Estimated value",""
"FS","Suite of Food Security Indicators","250","France","6121","Value","210041","Prevalence of undernourishment (percent) (3-year average)","20202022","2020-2022","%","<2.5","E","Estimated value",""
"FS","Suite of Food Security Indicators","250","France","6121","Value","210041","Prevalence of undernourishment (percent) (3-year average)","20212023","2021-2023","%","<2.5","E","Estimated value",""
"FS","Suite of Food Security Indicators","250","France","6121","Value","210041","Prevalence of undernourishment (percent) (3-year average)","20222024","2022-2024","%","<2.5","E","Estimated value",""
"FS","Suite of Food Security Indicators","258","French Polynesia","6121","Value","210041","Prevalence of undernourishment (percent) (3-year average)","20002002","2000-2002","%","6.3","E","Estimated value",""
"FS","Suite of Food Security Indicators","258","French Polynesia","6121","Value","210041","Prevalence of undernourishment (percent) (3-year average)","20012003","2001-2003","%","6.1","E","Estimated value",""
"FS","Suite of Food Security Indicators","258","French Polynesia","6121","Value","210041","Prevalence of undernourishment (percent) (3-year average)","20022004","2002-2004","%","5.8","E","Estimated value",""
"FS","Suite of Food Security Indicators","258","French Polynesia","6121","Value","210041","Prevalence of undernourishment (percent) (3-year average)","20032005","2003-2005","%","5.7","E","Estimated value",""
"FS","Suite of Food Security Indicators","258","French Polynesia","6121","Value","210041","Prevalence of undernourishment (percent) (3-year average)","20042006","2004-2006","%","5.6","E","Estimated value",""
"FS","Suite of Food Security Indicators","258","French Polynesia","6121","Value","210041","Prevalence of undernourishment (percent) (3-year average)","20052007","2005-2007","%","5.6","E","Estimated value",""
"FS","Suite of Food Security Indicators","258","French Polynesia","6121","Value","210041","Prevalence of undernourishment (percent) (3-year average)","20062008","2006-2008","%","5.6","E","Estimated value",""
"FS","Suite of Food Security Indicators","258","French Polynesia","6121","Value","210041","Prevalence of undernourishment (percent) (3-year average)","20072009","2007-2009","%","5.6","E","Estimated value",""
"FS","Suite of Food Security Indicators","258","French Polynesia","6121","Value","210041","Prevalence of undernourishment (percent) (3-year average)","20082010","2008-2010","%","5.1","E","Estimated value",""
"FS","Suite of Food Security Indicators","258","French Polynesia","6121","Value","210041","Prevalence of undernourishment (percent) (3-year average)","20092011","2009-2011","%","4.8","E","Estimated value",""
"FS","Suite of Food Security Indicators","258","French Polynesia","6121","Value","210041","Prevalence of undernourishment (percent) (3-year average)","20102012","2010-2012","%","4.4","E","Estimated value",""
"FS","Suite of Food Security Indicators","258","French Polynesia","6121","Value","210041","Prevalence of undernourishment (percent) (3-year average)","20112013","2011-2013","%","4.5","E","Estimated value",""
"FS","Suite of Food Security Indicators","258","French Polynesia","6121","Value","210041","Prevalence of undernourishment (percent) (3-year average)","20122014","2012-2014","%","4.7","E","Estimated value",""
"FS","Suite of Food Security Indicators","258","French Polynesia","6121","Value","210041","Prevalence of undernourishment (percent) (3-year average)","20132015","2013-2015","%","5","E","Estimated value",""
"FS","Suite of Food Security Indicators","258","French Polynesia","6121","Value","210041","Prevalence of undernourishment (percent) (3-year average)","20142016","2014-2016","%","5.4","E","Estimated value",""
"FS","Suite of Food Security Indicators","258","French Polynesia","6121","Value","210041","Prevalence of undernourishment (percent) (3-year average)","20152017","2015-2017","%","5.9","E","Estimated value",""
"FS","Suite of Food Security Indicators","258","French Polynesia","6121","Value","210041","Prevalence of undernourishment (percent) (3-year average)","20162018","2016-2018","%","6.4","E","Estimated value",""
"FS","Suite of Food Security Indicators","258","French Polynesia","6121","Value","210041","Prevalence of undernourishment (percent) (3-year average)","20172019","2017-2019","%","6.4","E","Estimated value",""
"FS","Suite of Food Security Indicators","258","French Polynesia","6121","Value","210041","Prevalence of undernourishment (percent) (3-year average)","20182020","2018-2020","%","6","E","Estimated value",""
"FS","Suite of Food Security Indicators","258","French Polynesia","6121","Value","210041","Prevalence of undernourishment (percent) (3-year average)","20192021","2019-2021","%","5.3","E","Estimated value",""
"FS","Suite of Food Security Indicators","258","French Polynesia","6121","Value","210041","Prevalence of undernourishment (percent) (3-year average)","20202022","2020-2022","%","5","E","Estimated value",""
"FS","Suite of Food Security Indicators","258","French Polynesia","6121","Value","210041","Prevalence of undernourishment (percent) (3-year average)","20212023","2021-2023","%","4.6","E","Estimated value",""
"FS","Suite of Food Security Indicators","258","French Polynesia","6121","Value","210041","Prevalence of undernourishment (percent) (3-year average)","20222024","2022-2024","%","3.8","E","Estimated value",""
"FS","Suite of Food Security Indicators","266","Gabon","6121","Value","210041","Prevalence of undernourishment (percent) (3-year average)","20002002","2000-2002","%","10.6","E","Estimated value",""
"FS","Suite of Food Security Indicators","266","Gabon","6121","Value","210041","Prevalence of undernourishment (percent) (3-year average)","20012003","2001-2003","%","12","E","Estimated value",""
"FS","Suite of Food Security Indicators","266","Gabon","6121","Value","210041","Prevalence of undernourishment (percent) (3-year average)","20022004","2002-2004","%","13.1","E","Estimated value",""
"FS","Suite of Food Security Indicators","266","Gabon","6121","Value","210041","Prevalence of undernourishment (percent) (3-year average)","20032005","2003-2005","%","13.8","E","Estimated value",""
"FS","Suite of Food Security Indicators","266","Gabon","6121","Value","210041","Prevalence of undernourishment (percent) (3-year average)","20042006","2004-2006","%","14.3","E","Estimated value",""
"FS","Suite of Food Security Indicators","266","Gabon","6121","Value","210041","Prevalence of undernourishment (percent) (3-year average)","20052007","2005-2007","%","14.5","E","Estimated value",""
"FS","Suite of Food Security Indicators","266","Gabon","6121","Value","210041","Prevalence of undernourishment (percent) (3-year average)","20062008","2006-2008","%","14.4","E","Estimated value",""
"FS","Suite of Food Security Indicators","266","Gabon","6121","Value","210041","Prevalence of undernourishment (percent) (3-year average)","20072009","2007-2009","%","14.3","E","Estimated value",""
"FS","Suite of Food Security Indicators","266","Gabon","6121","Value","210041","Prevalence of undernourishment (percent) (3-year average)","20082010","2008-2010","%","14.4","E","Estimated value",""
"FS","Suite of Food Security Indicators","266","Gabon","6121","Value","210041","Prevalence of undernourishment (percent) (3-year average)","20092011","2009-2011","%","14","E","Estimated value",""
"FS","Suite of Food Security Indicators","266","Gabon","6121","Value","210041","Prevalence of undernourishment (percent) (3-year average)","20102012","2010-2012","%","13.5","E","Estimated value",""
"FS","Suite of Food Security Indicators","266","Gabon","6121","Value","210041","Prevalence of undernourishment (percent) (3-year average)","20112013","2011-2013","%","13","E","Estimated value",""
"FS","Suite of Food Security Indicators","266","Gabon","6121","Value","210041","Prevalence of undernourishment (percent) (3-year average)","20122014","2012-2014","%","13.1","E","Estimated value",""
"FS","Suite of Food Security Indicators","266","Gabon","6121","Value","210041","Prevalence of undernourishment (percent) (3-year average)","20132015","2013-2015","%","13.3","E","Estimated value",""
"FS","Suite of Food Security Indicators","266","Gabon","6121","Value","210041","Prevalence of undernourishment (percent) (3-year average)","20142016","2014-2016","%","14.1","E","Estimated value",""
"FS","Suite of Food Security Indicators","266","Gabon","6121","Value","210041","Prevalence of undernourishment (percent) (3-year average)","20152017","2015-2017","%","15.3","E","Estimated value",""
"FS","Suite of Food Security Indicators","266","Gabon","6121","Value","210041","Prevalence of undernourishment (percent) (3-year average)","20162018","2016-2018","%","16.4","E","Estimated value",""
"FS","Suite of Food Security Indicators","266","Gabon","6121","Value","210041","Prevalence of undernourishment (percent) (3-year average)","20172019","2017-2019","%","17.5","E","Estimated value",""
"FS","Suite of Food Security Indicators","266","Gabon","6121","Value","210041","Prevalence of undernourishment (percent) (3-year average)","20182020","2018-2020","%","18.6","E","Estimated value",""
"FS","Suite of Food Security Indicators","266","Gabon","6121","Value","210041","Prevalence of undernourishment (percent) (3-year average)","20192021","2019-2021","%","19.7","E","Estimated value",""
"FS","Suite of Food Security Indicators","266","Gabon","6121","Value","210041","Prevalence of undernourishment (percent) (3-year average)","20202022","2020-2022","%","21.3","E","Estimated value",""
"FS","Suite of Food Security Indicators","266","Gabon","6121","Value","210041","Prevalence of undernourishment (percent) (3-year average)","20212023","2021-2023","%","23.5","E","Estimated value",""
"FS","Suite of Food Security Indicators","266","Gabon","6121","Value","210041","Prevalence of undernourishment (percent) (3-year average)","20222024","2022-2024","%","25.3","E","Estimated value",""
"FS","Suite of Food Security Indicators","270","Gambia","6121","Value","210041","Prevalence of undernourishment (percent) (3-year average)","20002002","2000-2002","%","16.9","E","Estimated value",""
"FS","Suite of Food Security Indicators","270","Gambia","6121","Value","210041","Prevalence of undernourishment (percent) (3-year average)","20012003","2001-2003","%","18.9","E","Estimated value",""
"FS","Suite of Food Security Indicators","270","Gambia","6121","Value","210041","Prevalence of undernourishment (percent) (3-year average)","20022004","2002-2004","%","19.9","E","Estimated value",""
"FS","Suite of Food Security Indicators","270","Gambia","6121","Value","210041","Prevalence of undernourishment (percent) (3-year average)","20032005","2003-2005","%","19.1","E","Estimated value",""
"FS","Suite of Food Security Indicators","270","Gambia","6121","Value","210041","Prevalence of undernourishment (percent) (3-year average)","20042006","2004-2006","%","17.6","E","Estimated value",""
"FS","Suite of Food Security Indicators","270","Gambia","6121","Value","210041","Prevalence of undernourishment (percent) (3-year average)","20052007","2005-2007","%","15.5","E","Estimated value",""
"FS","Suite of Food Security Indicators","270","Gambia","6121","Value","210041","Prevalence of undernourishment (percent) (3-year average)","20062008","2006-2008","%","13.7","E","Estimated value",""
"FS","Suite of Food Security Indicators","270","Gambia","6121","Value","210041","Prevalence of undernourishment (percent) (3-year average)","20072009","2007-2009","%","12","E","Estimated value",""
"FS","Suite of Food Security Indicators","270","Gambia","6121","Value","210041","Prevalence of undernourishment (percent) (3-year average)","20082010","2008-2010","%","10.5","E","Estimated value",""
"FS","Suite of Food Security Indicators","270","Gambia","6121","Value","210041","Prevalence of undernourishment (percent) (3-year average)","20092011","2009-2011","%","9.7","E","Estimated value",""
"FS","Suite of Food Security Indicators","270","Gambia","6121","Value","210041","Prevalence of undernourishment (percent) (3-year average)","20102012","2010-2012","%","9.5","E","Estimated value",""
"FS","Suite of Food Security Indicators","270","Gambia","6121","Value","210041","Prevalence of undernourishment (percent) (3-year average)","20112013","2011-2013","%","10.2","E","Estimated value",""
"FS","Suite of Food Security Indicators","270","Gambia","6121","Value","210041","Prevalence of undernourishment (percent) (3-year average)","20122014","2012-2014","%","11.1","E","Estimated value",""
"FS","Suite of Food Security Indicators","270","Gambia","6121","Value","210041","Prevalence of undernourishment (percent) (3-year average)","20132015","2013-2015","%","11.9","E","Estimated value",""
"FS","Suite of Food Security Indicators","270","Gambia","6121","Value","210041","Prevalence of undernourishment (percent) (3-year average)","20142016","2014-2016","%","12.6","E","Estimated value",""
"FS","Suite of Food Security Indicators","270","Gambia","6121","Value","210041","Prevalence of undernourishment (percent) (3-year average)","20152017","2015-2017","%","12.8","E","Estimated value",""
"FS","Suite of Food Security Indicators","270","Gambia","6121","Value","210041","Prevalence of undernourishment (percent) (3-year average)","20162018","2016-2018","%","14.2","E","Estimated value",""
"FS","Suite of Food Security Indicators","270","Gambia","6121","Value","210041","Prevalence of undernourishment (percent) (3-year average)","20172019","2017-2019","%","15","E","Estimated value",""
"FS","Suite of Food Security Indicators","270","Gambia","6121","Value","210041","Prevalence of undernourishment (percent) (3-year average)","20182020","2018-2020","%","16.8","E","Estimated value",""
"FS","Suite of Food Security Indicators","270","Gambia","6121","Value","210041","Prevalence of undernourishment (percent) (3-year average)","20192021","2019-2021","%","18","E","Estimated value",""
"FS","Suite of Food Security Indicators","270","Gambia","6121","Value","210041","Prevalence of undernourishment (percent) (3-year average)","20202022","2020-2022","%","18.9","E","Estimated value",""
"FS","Suite of Food Security Indicators","270","Gambia","6121","Value","210041","Prevalence of undernourishment (percent) (3-year average)","20212023","2021-2023","%","18.3","E","Estimated value",""
"FS","Suite of Food Security Indicators","270","Gambia","6121","Value","210041","Prevalence of undernourishment (percent) (3-year average)","20222024","2022-2024","%","16.8","E","Estimated value",""
"FS","Suite of Food Security Indicators","268","Georgia","6121","Value","210041","Prevalence of undernourishment (percent) (3-year average)","20002002","2000-2002","%","6.6","E","Estimated value",""
"FS","Suite of Food Security Indicators","268","Georgia","6121","Value","210041","Prevalence of undernourishment (percent) (3-year average)","20012003","2001-2003","%","5","E","Estimated value",""
"FS","Suite of Food Security Indicators","268","Georgia","6121","Value","210041","Prevalence of undernourishment (percent) (3-year average)","20022004","2002-2004","%","4.3","E","Estimated value",""
"FS","Suite of Food Security Indicators","268","Georgia","6121","Value","210041","Prevalence of undernourishment (percent) (3-year average)","20032005","2003-2005","%","4.3","E","Estimated value",""
"FS","Suite of Food Security Indicators","268","Georgia","6121","Value","210041","Prevalence of undernourishment (percent) (3-year average)","20042006","2004-2006","%","4.8","E","Estimated value",""
"FS","Suite of Food Security Indicators","268","Georgia","6121","Value","210041","Prevalence of undernourishment (percent) (3-year average)","20052007","2005-2007","%","5.3","E","Estimated value",""
"FS","Suite of Food Security Indicators","268","Georgia","6121","Value","210041","Prevalence of undernourishment (percent) (3-year average)","20062008","2006-2008","%","5.9","E","Estimated value",""
"FS","Suite of Food Security Indicators","268","Georgia","6121","Value","210041","Prevalence of undernourishment (percent) (3-year average)","20072009","2007-2009","%","6.7","E","Estimated value",""
"FS","Suite of Food Security Indicators","268","Georgia","6121","Value","210041","Prevalence of undernourishment (percent) (3-year average)","20082010","2008-2010","%","7.6","E","Estimated value",""
"FS","Suite of Food Security Indicators","268","Georgia","6121","Value","210041","Prevalence of undernourishment (percent) (3-year average)","20092011","2009-2011","%","8","E","Estimated value",""
"FS","Suite of Food Security Indicators","268","Georgia","6121","Value","210041","Prevalence of undernourishment (percent) (3-year average)","20102012","2010-2012","%","8.1","E","Estimated value",""
"FS","Suite of Food Security Indicators","268","Georgia","6121","Value","210041","Prevalence of undernourishment (percent) (3-year average)","20112013","2011-2013","%","7.8","E","Estimated value",""
"FS","Suite of Food Security Indicators","268","Georgia","6121","Value","210041","Prevalence of undernourishment (percent) (3-year average)","20122014","2012-2014","%","7.4","E","Estimated value",""
"FS","Suite of Food Security Indicators","268","Georgia","6121","Value","210041","Prevalence of undernourishment (percent) (3-year average)","20132015","2013-2015","%","6.6","E","Estimated value",""
"FS","Suite of Food Security Indicators","268","Georgia","6121","Value","210041","Prevalence of undernourishment (percent) (3-year average)","20142016","2014-2016","%","6.5","E","Estimated value",""
"FS","Suite of Food Security Indicators","268","Georgia","6121","Value","210041","Prevalence of undernourishment (percent) (3-year average)","20152017","2015-2017","%","6.6","E","Estimated value",""
"FS","Suite of Food Security Indicators","268","Georgia","6121","Value","210041","Prevalence of undernourishment (percent) (3-year average)","20162018","2016-2018","%","6.4","E","Estimated value",""
"FS","Suite of Food Security Indicators","268","Georgia","6121","Value","210041","Prevalence of undernourishment (percent) (3-year average)","20172019","2017-2019","%","5.4","E","Estimated value",""
"FS","Suite of Food Security Indicators","268","Georgia","6121","Value","210041","Prevalence of undernourishment (percent) (3-year average)","20182020","2018-2020","%","5.3","E","Estimated value",""
"FS","Suite of Food Security Indicators","268","Georgia","6121","Value","210041","Prevalence of undernourishment (percent) (3-year average)","20192021","2019-2021","%","5.1","E","Estimated value",""
"FS","Suite of Food Security Indicators","268","Georgia","6121","Value","210041","Prevalence of undernourishment (percent) (3-year average)","20202022","2020-2022","%","4.8","E","Estimated value",""
"FS","Suite of Food Security Indicators","268","Georgia","6121","Value","210041","Prevalence of undernourishment (percent) (3-year average)","20212023","2021-2023","%","2.9","E","Estimated value",""
"FS","Suite of Food Security Indicators","268","Georgia","6121","Value","210041","Prevalence of undernourishment (percent) (3-year average)","20222024","2022-2024","%","<2.5","E","Estimated value",""
"FS","Suite of Food Security Indicators","276","Germany","6121","Value","210041","Prevalence of undernourishment (percent) (3-year average)","20002002","2000-2002","%","<2.5","E","Estimated value",""
"FS","Suite of Food Security Indicators","276","Germany","6121","Value","210041","Prevalence of undernourishment (percent) (3-year average)","20012003","2001-2003","%","<2.5","E","Estimated value",""
"FS","Suite of Food Security Indicators","276","Germany","6121","Value","210041","Prevalence of undernourishment (percent) (3-year average)","20022004","2002-2004","%","<2.5","E","Estimated value",""
"FS","Suite of Food Security Indicators","276","Germany","6121","Value","210041","Prevalence of undernourishment (percent) (3-year average)","20032005","2003-2005","%","<2.5","E","Estimated value",""
"FS","Suite of Food Security Indicators","276","Germany","6121","Value","210041","Prevalence of undernourishment (percent) (3-year average)","20042006","2004-2006","%","<2.5","E","Estimated value",""
"FS","Suite of Food Security Indicators","276","Germany","6121","Value","210041","Prevalence of undernourishment (percent) (3-year average)","20052007","2005-2007","%","<2.5","E","Estimated value",""
"FS","Suite of Food Security Indicators","276","Germany","6121","Value","210041","Prevalence of undernourishment (percent) (3-year average)","20062008","2006-2008","%","<2.5","E","Estimated value",""
"FS","Suite of Food Security Indicators","276","Germany","6121","Value","210041","Prevalence of undernourishment (percent) (3-year average)","20072009","2007-2009","%","<2.5","E","Estimated value",""
"FS","Suite of Food Security Indicators","276","Germany","6121","Value","210041","Prevalence of undernourishment (percent) (3-year average)","20082010","2008-2010","%","<2.5","E","Estimated value",""
"FS","Suite of Food Security Indicators","276","Germany","6121","Value","210041","Prevalence of undernourishment (percent) (3-year average)","20092011","2009-2011","%","<2.5","E","Estimated value",""
"FS","Suite of Food Security Indicators","276","Germany","6121","Value","210041","Prevalence of undernourishment (percent) (3-year average)","20102012","2010-2012","%","<2.5","E","Estimated value",""
"FS","Suite of Food Security Indicators","276","Germany","6121","Value","210041","Prevalence of undernourishment (percent) (3-year average)","20112013","2011-2013","%","<2.5","E","Estimated value",""
"FS","Suite of Food Security Indicators","276","Germany","6121","Value","210041","Prevalence of undernourishment (percent) (3-year average)","20122014","2012-2014","%","<2.5","E","Estimated value",""
"FS","Suite of Food Security Indicators","276","Germany","6121","Value","210041","Prevalence of undernourishment (percent) (3-year average)","20132015","2013-2015","%","<2.5","E","Estimated value",""
"FS","Suite of Food Security Indicators","276","Germany","6121","Value","210041","Prevalence of undernourishment (percent) (3-year average)","20142016","2014-2016","%","<2.5","E","Estimated value",""
"FS","Suite of Food Security Indicators","276","Germany","6121","Value","210041","Prevalence of undernourishment (percent) (3-year average)","20152017","2015-2017","%","<2.5","E","Estimated value",""
"FS","Suite of Food Security Indicators","276","Germany","6121","Value","210041","Prevalence of undernourishment (percent) (3-year average)","20162018","2016-2018","%","<2.5","E","Estimated value",""
"FS","Suite of Food Security Indicators","276","Germany","6121","Value","210041","Prevalence of undernourishment (percent) (3-year average)","20172019","2017-2019","%","<2.5","E","Estimated value",""
"FS","Suite of Food Security Indicators","276","Germany","6121","Value","210041","Prevalence of undernourishment (percent) (3-year average)","20182020","2018-2020","%","<2.5","E","Estimated value",""
"FS","Suite of Food Security Indicators","276","Germany","6121","Value","210041","Prevalence of undernourishment (percent) (3-year average)","20192021","2019-2021","%","<2.5","E","Estimated value",""
"FS","Suite of Food Security Indicators","276","Germany","6121","Value","210041","Prevalence of undernourishment (percent) (3-year average)","20202022","2020-2022","%","<2.5","E","Estimated value",""
"FS","Suite of Food Security Indicators","276","Germany","6121","Value","210041","Prevalence of undernourishment (percent) (3-year average)","20212023","2021-2023","%","<2.5","E","Estimated value",""
"FS","Suite of Food Security Indicators","276","Germany","6121","Value","210041","Prevalence of undernourishment (percent) (3-year average)","20222024","2022-2024","%","<2.5","E","Estimated value",""
"FS","Suite of Food Security Indicators","288","Ghana","6121","Value","210041","Prevalence of undernourishment (percent) (3-year average)","20002002","2000-2002","%","14.8","E","Estimated value",""
"FS","Suite of Food Security Indicators","288","Ghana","6121","Value","210041","Prevalence of undernourishment (percent) (3-year average)","20012003","2001-2003","%","13.4","E","Estimated value",""
"FS","Suite of Food Security Indicators","288","Ghana","6121","Value","210041","Prevalence of undernourishment (percent) (3-year average)","20022004","2002-2004","%","12.6","E","Estimated value",""
"FS","Suite of Food Security Indicators","288","Ghana","6121","Value","210041","Prevalence of undernourishment (percent) (3-year average)","20032005","2003-2005","%","12","E","Estimated value",""
"FS","Suite of Food Security Indicators","288","Ghana","6121","Value","210041","Prevalence of undernourishment (percent) (3-year average)","20042006","2004-2006","%","11.1","E","Estimated value",""
"FS","Suite of Food Security Indicators","288","Ghana","6121","Value","210041","Prevalence of undernourishment (percent) (3-year average)","20052007","2005-2007","%","10.4","E","Estimated value",""
"FS","Suite of Food Security Indicators","288","Ghana","6121","Value","210041","Prevalence of undernourishment (percent) (3-year average)","20062008","2006-2008","%","9.2","E","Estimated value",""
"FS","Suite of Food Security Indicators","288","Ghana","6121","Value","210041","Prevalence of undernourishment (percent) (3-year average)","20072009","2007-2009","%","8.1","E","Estimated value",""
"FS","Suite of Food Security Indicators","288","Ghana","6121","Value","210041","Prevalence of undernourishment (percent) (3-year average)","20082010","2008-2010","%","6.9","E","Estimated value",""
"FS","Suite of Food Security Indicators","288","Ghana","6121","Value","210041","Prevalence of undernourishment (percent) (3-year average)","20092011","2009-2011","%","6.9","E","Estimated value",""
"FS","Suite of Food Security Indicators","288","Ghana","6121","Value","210041","Prevalence of undernourishment (percent) (3-year average)","20102012","2010-2012","%","7.3","E","Estimated value",""
"FS","Suite of Food Security Indicators","288","Ghana","6121","Value","210041","Prevalence of undernourishment (percent) (3-year average)","20112013","2011-2013","%","7.7","E","Estimated value",""
"FS","Suite of Food Security Indicators","288","Ghana","6121","Value","210041","Prevalence of undernourishment (percent) (3-year average)","20122014","2012-2014","%","8","E","Estimated value",""
"FS","Suite of Food Security Indicators","288","Ghana","6121","Value","210041","Prevalence of undernourishment (percent) (3-year average)","20132015","2013-2015","%","8.7","E","Estimated value",""
"FS","Suite of Food Security Indicators","288","Ghana","6121","Value","210041","Prevalence of undernourishment (percent) (3-year average)","20142016","2014-2016","%","9.4","E","Estimated value",""
"FS","Suite of Food Security Indicators","288","Ghana","6121","Value","210041","Prevalence of undernourishment (percent) (3-year average)","20152017","2015-2017","%","9.5","E","Estimated value",""
"FS","Suite of Food Security Indicators","288","Ghana","6121","Value","210041","Prevalence of undernourishment (percent) (3-year average)","20162018","2016-2018","%","8.8","E","Estimated value",""
"FS","Suite of Food Security Indicators","288","Ghana","6121","Value","210041","Prevalence of undernourishment (percent) (3-year average)","20172019","2017-2019","%","7.5","E","Estimated value",""
"FS","Suite of Food Security Indicators","288","Ghana","6121","Value","210041","Prevalence of undernourishment (percent) (3-year average)","20182020","2018-2020","%","6.6","E","Estimated value",""
"FS","Suite of Food Security Indicators","288","Ghana","6121","Value","210041","Prevalence of undernourishment (percent) (3-year average)","20192021","2019-2021","%","5.7","E","Estimated value",""
"FS","Suite of Food Security Indicators","288","Ghana","6121","Value","210041","Prevalence of undernourishment (percent) (3-year average)","20202022","2020-2022","%","5.6","E","Estimated value",""
"FS","Suite of Food Security Indicators","288","Ghana","6121","Value","210041","Prevalence of undernourishment (percent) (3-year average)","20212023","2021-2023","%","5.9","E","Estimated value",""
"FS","Suite of Food Security Indicators","288","Ghana","6121","Value","210041","Prevalence of undernourishment (percent) (3-year average)","20222024","2022-2024","%","6.3","E","Estimated value",""
"FS","Suite of Food Security Indicators","300","Greece","6121","Value","210041","Prevalence of undernourishment (percent) (3-year average)","20002002","2000-2002","%","<2.5","E","Estimated value",""
"FS","Suite of Food Security Indicators","300","Greece","6121","Value","210041","Prevalence of undernourishment (percent) (3-year average)","20012003","2001-2003","%","<2.5","E","Estimated value",""
"FS","Suite of Food Security Indicators","300","Greece","6121","Value","210041","Prevalence of undernourishment (percent) (3-year average)","20022004","2002-2004","%","<2.5","E","Estimated value",""
"FS","Suite of Food Security Indicators","300","Greece","6121","Value","210041","Prevalence of undernourishment (percent) (3-year average)","20032005","2003-2005","%","<2.5","E","Estimated value",""
"FS","Suite of Food Security Indicators","300","Greece","6121","Value","210041","Prevalence of undernourishment (percent) (3-year average)","20042006","2004-2006","%","<2.5","E","Estimated value",""
"FS","Suite of Food Security Indicators","300","Greece","6121","Value","210041","Prevalence of undernourishment (percent) (3-year average)","20052007","2005-2007","%","<2.5","E","Estimated value",""
"FS","Suite of Food Security Indicators","300","Greece","6121","Value","210041","Prevalence of undernourishment (percent) (3-year average)","20062008","2006-2008","%","<2.5","E","Estimated value",""
"FS","Suite of Food Security Indicators","300","Greece","6121","Value","210041","Prevalence of undernourishment (percent) (3-year average)","20072009","2007-2009","%","<2.5","E","Estimated value",""
"FS","Suite of Food Security Indicators","300","Greece","6121","Value","210041","Prevalence of undernourishment (percent) (3-year average)","20082010","2008-2010","%","<2.5","E","Estimated value",""
"FS","Suite of Food Security Indicators","300","Greece","6121","Value","210041","Prevalence of undernourishment (percent) (3-year average)","20092011","2009-2011","%","<2.5","E","Estimated value",""
"FS","Suite of Food Security Indicators","300","Greece","6121","Value","210041","Prevalence of undernourishment (percent) (3-year average)","20102012","2010-2012","%","<2.5","E","Estimated value",""
"FS","Suite of Food Security Indicators","300","Greece","6121","Value","210041","Prevalence of undernourishment (percent) (3-year average)","20112013","2011-2013","%","<2.5","E","Estimated value",""
"FS","Suite of Food Security Indicators","300","Greece","6121","Value","210041","Prevalence of undernourishment (percent) (3-year average)","20122014","2012-2014","%","<2.5","E","Estimated value",""
"FS","Suite of Food Security Indicators","300","Greece","6121","Value","210041","Prevalence of undernourishment (percent) (3-year average)","20132015","2013-2015","%","<2.5","E","Estimated value",""
"FS","Suite of Food Security Indicators","300","Greece","6121","Value","210041","Prevalence of undernourishment (percent) (3-year average)","20142016","2014-2016","%","<2.5","E","Estimated value",""
"FS","Suite of Food Security Indicators","300","Greece","6121","Value","210041","Prevalence of undernourishment (percent) (3-year average)","20152017","2015-2017","%","<2.5","E","Estimated value",""
"FS","Suite of Food Security Indicators","300","Greece","6121","Value","210041","Prevalence of undernourishment (percent) (3-year average)","20162018","2016-2018","%","<2.5","E","Estimated value",""
"FS","Suite of Food Security Indicators","300","Greece","6121","Value","210041","Prevalence of undernourishment (percent) (3-year average)","20172019","2017-2019","%","<2.5","E","Estimated value",""
"FS","Suite of Food Security Indicators","300","Greece","6121","Value","210041","Prevalence of undernourishment (percent) (3-year average)","20182020","2018-2020","%","<2.5","E","Estimated value",""
"FS","Suite of Food Security Indicators","300","Greece","6121","Value","210041","Prevalence of undernourishment (percent) (3-year average)","20192021","2019-2021","%","<2.5","E","Estimated value",""
"FS","Suite of Food Security Indicators","300","Greece","6121","Value","210041","Prevalence of undernourishment (percent) (3-year average)","20202022","2020-2022","%","<2.5","E","Estimated value",""
"FS","Suite of Food Security Indicators","300","Greece","6121","Value","210041","Prevalence of undernourishment (percent) (3-year average)","20212023","2021-2023","%","<2.5","E","Estimated value",""
"FS","Suite of Food Security Indicators","300","Greece","6121","Value","210041","Prevalence of undernourishment (percent) (3-year average)","20222024","2022-2024","%","<2.5","E","Estimated value",""
"FS","Suite of Food Security Indicators","304","Greenland","6121","Value","210041","Prevalence of undernourishment (percent) (3-year average)","20002002","2000-2002","%","","O","Missing value",""
"FS","Suite of Food Security Indicators","304","Greenland","6121","Value","210041","Prevalence of undernourishment (percent) (3-year average)","20012003","2001-2003","%","","O","Missing value",""
"FS","Suite of Food Security Indicators","304","Greenland","6121","Value","210041","Prevalence of undernourishment (percent) (3-year average)","20022004","2002-2004","%","","O","Missing value",""
"FS","Suite of Food Security Indicators","304","Greenland","6121","Value","210041","Prevalence of undernourishment (percent) (3-year average)","20032005","2003-2005","%","","O","Missing value",""
"FS","Suite of Food Security Indicators","304","Greenland","6121","Value","210041","Prevalence of undernourishment (percent) (3-year average)","20042006","2004-2006","%","","O","Missing value",""
"FS","Suite of Food Security Indicators","304","Greenland","6121","Value","210041","Prevalence of undernourishment (percent) (3-year average)","20052007","2005-2007","%","","O","Missing value",""
"FS","Suite of Food Security Indicators","304","Greenland","6121","Value","210041","Prevalence of undernourishment (percent) (3-year average)","20062008","2006-2008","%","","O","Missing value",""
"FS","Suite of Food Security Indicators","304","Greenland","6121","Value","210041","Prevalence of undernourishment (percent) (3-year average)","20072009","2007-2009","%","","O","Missing value",""
"FS","Suite of Food Security Indicators","304","Greenland","6121","Value","210041","Prevalence of undernourishment (percent) (3-year average)","20082010","2008-2010","%","","O","Missing value",""
"FS","Suite of Food Security Indicators","304","Greenland","6121","Value","210041","Prevalence of undernourishment (percent) (3-year average)","20092011","2009-2011","%","","O","Missing value",""
"FS","Suite of Food Security Indicators","304","Greenland","6121","Value","210041","Prevalence of undernourishment (percent) (3-year average)","20102012","2010-2012","%","","O","Missing value",""
"FS","Suite of Food Security Indicators","304","Greenland","6121","Value","210041","Prevalence of undernourishment (percent) (3-year average)","20112013","2011-2013","%","","O","Missing value",""
"FS","Suite of Food Security Indicators","304","Greenland","6121","Value","210041","Prevalence of undernourishment (percent) (3-year average)","20122014","2012-2014","%","","O","Missing value",""
"FS","Suite of Food Security Indicators","304","Greenland","6121","Value","210041","Prevalence of undernourishment (percent) (3-year average)","20132015","2013-2015","%","","O","Missing value",""
"FS","Suite of Food Security Indicators","304","Greenland","6121","Value","210041","Prevalence of undernourishment (percent) (3-year average)","20142016","2014-2016","%","","O","Missing value",""
"FS","Suite of Food Security Indicators","304","Greenland","6121","Value","210041","Prevalence of undernourishment (percent) (3-year average)","20152017","2015-2017","%","","O","Missing value",""
"FS","Suite of Food Security Indicators","304","Greenland","6121","Value","210041","Prevalence of undernourishment (percent) (3-year average)","20162018","2016-2018","%","","O","Missing value",""
"FS","Suite of Food Security Indicators","304","Greenland","6121","Value","210041","Prevalence of undernourishment (percent) (3-year average)","20172019","2017-2019","%","","O","Missing value",""
"FS","Suite of Food Security Indicators","304","Greenland","6121","Value","210041","Prevalence of undernourishment (percent) (3-year average)","20182020","2018-2020","%","","O","Missing value",""
"FS","Suite of Food Security Indicators","304","Greenland","6121","Value","210041","Prevalence of undernourishment (percent) (3-year average)","20192021","2019-2021","%","","O","Missing value",""
"FS","Suite of Food Security Indicators","304","Greenland","6121","Value","210041","Prevalence of undernourishment (percent) (3-year average)","20202022","2020-2022","%","","O","Missing value",""
"FS","Suite of Food Security Indicators","304","Greenland","6121","Value","210041","Prevalence of undernourishment (percent) (3-year average)","20212023","2021-2023","%","","O","Missing value",""
"FS","Suite of Food Security Indicators","304","Greenland","6121","Value","210041","Prevalence of undernourishment (percent) (3-year average)","20222024","2022-2024","%","","O","Missing value",""
"FS","Suite of Food Security Indicators","308","Grenada","6121","Value","210041","Prevalence of undernourishment (percent) (3-year average)","20002002","2000-2002","%","","O","Missing value",""
"FS","Suite of Food Security Indicators","308","Grenada","6121","Value","210041","Prevalence of undernourishment (percent) (3-year average)","20012003","2001-2003","%","","O","Missing value",""
"FS","Suite of Food Security Indicators","308","Grenada","6121","Value","210041","Prevalence of undernourishment (percent) (3-year average)","20022004","2002-2004","%","","O","Missing value",""
"FS","Suite of Food Security Indicators","308","Grenada","6121","Value","210041","Prevalence of undernourishment (percent) (3-year average)","20032005","2003-2005","%","","O","Missing value",""
"FS","Suite of Food Security Indicators","308","Grenada","6121","Value","210041","Prevalence of undernourishment (percent) (3-year average)","20042006","2004-2006","%","","O","Missing value",""
"FS","Suite of Food Security Indicators","308","Grenada","6121","Value","210041","Prevalence of undernourishment (percent) (3-year average)","20052007","2005-2007","%","","O","Missing value",""
"FS","Suite of Food Security Indicators","308","Grenada","6121","Value","210041","Prevalence of undernourishment (percent) (3-year average)","20062008","2006-2008","%","","O","Missing value",""
"FS","Suite of Food Security Indicators","308","Grenada","6121","Value","210041","Prevalence of undernourishment (percent) (3-year average)","20072009","2007-2009","%","","O","Missing value",""
"FS","Suite of Food Security Indicators","308","Grenada","6121","Value","210041","Prevalence of undernourishment (percent) (3-year average)","20082010","2008-2010","%","","O","Missing value",""
"FS","Suite of Food Security Indicators","308","Grenada","6121","Value","210041","Prevalence of undernourishment (percent) (3-year average)","20092011","2009-2011","%","","O","Missing value",""
"FS","Suite of Food Security Indicators","308","Grenada","6121","Value","210041","Prevalence of undernourishment (percent) (3-year average)","20102012","2010-2012","%","","O","Missing value",""
"FS","Suite of Food Security Indicators","308","Grenada","6121","Value","210041","Prevalence of undernourishment (percent) (3-year average)","20112013","2011-2013","%","","O","Missing value",""
"FS","Suite of Food Security Indicators","308","Grenada","6121","Value","210041","Prevalence of undernourishment (percent) (3-year average)","20122014","2012-2014","%","","O","Missing value",""
"FS","Suite of Food Security Indicators","308","Grenada","6121","Value","210041","Prevalence of undernourishment (percent) (3-year average)","20132015","2013-2015","%","","O","Missing value",""
"FS","Suite of Food Security Indicators","308","Grenada","6121","Value","210041","Prevalence of undernourishment (percent) (3-year average)","20142016","2014-2016","%","","O","Missing value",""
"FS","Suite of Food Security Indicators","308","Grenada","6121","Value","210041","Prevalence of undernourishment (percent) (3-year average)","20152017","2015-2017","%","","O","Missing value",""
"FS","Suite of Food Security Indicators","308","Grenada","6121","Value","210041","Prevalence of undernourishment (percent) (3-year average)","20162018","2016-2018","%","","O","Missing value",""
"FS","Suite of Food Security Indicators","308","Grenada","6121","Value","210041","Prevalence of undernourishment (percent) (3-year average)","20172019","2017-2019","%","","O","Missing value",""
"FS","Suite of Food Security Indicators","308","Grenada","6121","Value","210041","Prevalence of undernourishment (percent) (3-year average)","20182020","2018-2020","%","","O","Missing value",""
"FS","Suite of Food Security Indicators","308","Grenada","6121","Value","210041","Prevalence of undernourishment (percent) (3-year average)","20192021","2019-2021","%","","O","Missing value",""
"FS","Suite of Food Security Indicators","308","Grenada","6121","Value","210041","Prevalence of undernourishment (percent) (3-year average)","20202022","2020-2022","%","","O","Missing value",""
"FS","Suite of Food Security Indicators","308","Grenada","6121","Value","210041","Prevalence of undernourishment (percent) (3-year average)","20212023","2021-2023","%","","O","Missing value",""
"FS","Suite of Food Security Indicators","308","Grenada","6121","Value","210041","Prevalence of undernourishment (percent) (3-year average)","20222024","2022-2024","%","","O","Missing value",""
"FS","Suite of Food Security Indicators","320","Guatemala","6121","Value","210041","Prevalence of undernourishment (percent) (3-year average)","20002002","2000-2002","%","22.4","E","Estimated value",""
"FS","Suite of Food Security Indicators","320","Guatemala","6121","Value","210041","Prevalence of undernourishment (percent) (3-year average)","20012003","2001-2003","%","20.1","E","Estimated value",""
"FS","Suite of Food Security Indicators","320","Guatemala","6121","Value","210041","Prevalence of undernourishment (percent) (3-year average)","20022004","2002-2004","%","19.2","E","Estimated value",""
"FS","Suite of Food Security Indicators","320","Guatemala","6121","Value","210041","Prevalence of undernourishment (percent) (3-year average)","20032005","2003-2005","%","19.5","E","Estimated value",""
"FS","Suite of Food Security Indicators","320","Guatemala","6121","Value","210041","Prevalence of undernourishment (percent) (3-year average)","20042006","2004-2006","%","19.2","E","Estimated value",""
"FS","Suite of Food Security Indicators","320","Guatemala","6121","Value","210041","Prevalence of undernourishment (percent) (3-year average)","20052007","2005-2007","%","18.1","E","Estimated value",""
"FS","Suite of Food Security Indicators","320","Guatemala","6121","Value","210041","Prevalence of undernourishment (percent) (3-year average)","20062008","2006-2008","%","18.5","E","Estimated value",""
"FS","Suite of Food Security Indicators","320","Guatemala","6121","Value","210041","Prevalence of undernourishment (percent) (3-year average)","20072009","2007-2009","%","18.1","E","Estimated value",""
"FS","Suite of Food Security Indicators","320","Guatemala","6121","Value","210041","Prevalence of undernourishment (percent) (3-year average)","20082010","2008-2010","%","17.3","E","Estimated value",""
"FS","Suite of Food Security Indicators","320","Guatemala","6121","Value","210041","Prevalence of undernourishment (percent) (3-year average)","20092011","2009-2011","%","15.6","E","Estimated value",""
"FS","Suite of Food Security Indicators","320","Guatemala","6121","Value","210041","Prevalence of undernourishment (percent) (3-year average)","20102012","2010-2012","%","15","E","Estimated value",""
"FS","Suite of Food Security Indicators","320","Guatemala","6121","Value","210041","Prevalence of undernourishment (percent) (3-year average)","20112013","2011-2013","%","15.4","E","Estimated value",""
"FS","Suite of Food Security Indicators","320","Guatemala","6121","Value","210041","Prevalence of undernourishment (percent) (3-year average)","20122014","2012-2014","%","15.8","E","Estimated value",""
"FS","Suite of Food Security Indicators","320","Guatemala","6121","Value","210041","Prevalence of undernourishment (percent) (3-year average)","20132015","2013-2015","%","15.9","E","Estimated value",""
"FS","Suite of Food Security Indicators","320","Guatemala","6121","Value","210041","Prevalence of undernourishment (percent) (3-year average)","20142016","2014-2016","%","15.4","E","Estimated value",""
"FS","Suite of Food Security Indicators","320","Guatemala","6121","Value","210041","Prevalence of undernourishment (percent) (3-year average)","20152017","2015-2017","%","14.6","E","Estimated value",""
"FS","Suite of Food Security Indicators","320","Guatemala","6121","Value","210041","Prevalence of undernourishment (percent) (3-year average)","20162018","2016-2018","%","14.3","E","Estimated value",""
"FS","Suite of Food Security Indicators","320","Guatemala","6121","Value","210041","Prevalence of undernourishment (percent) (3-year average)","20172019","2017-2019","%","14","E","Estimated value",""
"FS","Suite of Food Security Indicators","320","Guatemala","6121","Value","210041","Prevalence of undernourishment (percent) (3-year average)","20182020","2018-2020","%","14","E","Estimated value",""
"FS","Suite of Food Security Indicators","320","Guatemala","6121","Value","210041","Prevalence of undernourishment (percent) (3-year average)","20192021","2019-2021","%","13.5","E","Estimated value",""
"FS","Suite of Food Security Indicators","320","Guatemala","6121","Value","210041","Prevalence of undernourishment (percent) (3-year average)","20202022","2020-2022","%","12.9","E","Estimated value",""
"FS","Suite of Food Security Indicators","320","Guatemala","6121","Value","210041","Prevalence of undernourishment (percent) (3-year average)","20212023","2021-2023","%","12.1","E","Estimated value",""
"FS","Suite of Food Security Indicators","320","Guatemala","6121","Value","210041","Prevalence of undernourishment (percent) (3-year average)","20222024","2022-2024","%","11.8","E","Estimated value",""
"FS","Suite of Food Security Indicators","324","Guinea","6121","Value","210041","Prevalence of undernourishment (percent) (3-year average)","20002002","2000-2002","%","18","E","Estimated value",""
"FS","Suite of Food Security Indicators","324","Guinea","6121","Value","210041","Prevalence of undernourishment (percent) (3-year average)","20012003","2001-2003","%","17.8","E","Estimated value",""
"FS","Suite of Food Security Indicators","324","Guinea","6121","Value","210041","Prevalence of undernourishment (percent) (3-year average)","20022004","2002-2004","%","16.9","E","Estimated value",""
"FS","Suite of Food Security Indicators","324","Guinea","6121","Value","210041","Prevalence of undernourishment (percent) (3-year average)","20032005","2003-2005","%","16.4","E","Estimated value",""
"FS","Suite of Food Security Indicators","324","Guinea","6121","Value","210041","Prevalence of undernourishment (percent) (3-year average)","20042006","2004-2006","%","16.4","E","Estimated value",""
"FS","Suite of Food Security Indicators","324","Guinea","6121","Value","210041","Prevalence of undernourishment (percent) (3-year average)","20052007","2005-2007","%","16.8","E","Estimated value",""
"FS","Suite of Food Security Indicators","324","Guinea","6121","Value","210041","Prevalence of undernourishment (percent) (3-year average)","20062008","2006-2008","%","17.2","E","Estimated value",""
"FS","Suite of Food Security Indicators","324","Guinea","6121","Value","210041","Prevalence of undernourishment (percent) (3-year average)","20072009","2007-2009","%","17.7","E","Estimated value",""
"FS","Suite of Food Security Indicators","324","Guinea","6121","Value","210041","Prevalence of undernourishment (percent) (3-year average)","20082010","2008-2010","%","18.4","E","Estimated value",""
"FS","Suite of Food Security Indicators","324","Guinea","6121","Value","210041","Prevalence of undernourishment (percent) (3-year average)","20092011","2009-2011","%","18.1","E","Estimated value",""
"FS","Suite of Food Security Indicators","324","Guinea","6121","Value","210041","Prevalence of undernourishment (percent) (3-year average)","20102012","2010-2012","%","17.2","E","Estimated value",""
"FS","Suite of Food Security Indicators","324","Guinea","6121","Value","210041","Prevalence of undernourishment (percent) (3-year average)","20112013","2011-2013","%","15.5","E","Estimated value",""
"FS","Suite of Food Security Indicators","324","Guinea","6121","Value","210041","Prevalence of undernourishment (percent) (3-year average)","20122014","2012-2014","%","14.2","E","Estimated value",""
"FS","Suite of Food Security Indicators","324","Guinea","6121","Value","210041","Prevalence of undernourishment (percent) (3-year average)","20132015","2013-2015","%","13.6","E","Estimated value",""
"FS","Suite of Food Security Indicators","324","Guinea","6121","Value","210041","Prevalence of undernourishment (percent) (3-year average)","20142016","2014-2016","%","13.6","E","Estimated value",""
"FS","Suite of Food Security Indicators","324","Guinea","6121","Value","210041","Prevalence of undernourishment (percent) (3-year average)","20152017","2015-2017","%","14","E","Estimated value",""
"FS","Suite of Food Security Indicators","324","Guinea","6121","Value","210041","Prevalence of undernourishment (percent) (3-year average)","20162018","2016-2018","%","14","E","Estimated value",""
"FS","Suite of Food Security Indicators","324","Guinea","6121","Value","210041","Prevalence of undernourishment (percent) (3-year average)","20172019","2017-2019","%","13.4","E","Estimated value",""
"FS","Suite of Food Security Indicators","324","Guinea","6121","Value","210041","Prevalence of undernourishment (percent) (3-year average)","20182020","2018-2020","%","12.5","E","Estimated value",""
"FS","Suite of Food Security Indicators","324","Guinea","6121","Value","210041","Prevalence of undernourishment (percent) (3-year average)","20192021","2019-2021","%","11.1","E","Estimated value",""
"FS","Suite of Food Security Indicators","324","Guinea","6121","Value","210041","Prevalence of undernourishment (percent) (3-year average)","20202022","2020-2022","%","10.4","E","Estimated value",""
"FS","Suite of Food Security Indicators","324","Guinea","6121","Value","210041","Prevalence of undernourishment (percent) (3-year average)","20212023","2021-2023","%","10.4","E","Estimated value",""
"FS","Suite of Food Security Indicators","324","Guinea","6121","Value","210041","Prevalence of undernourishment (percent) (3-year average)","20222024","2022-2024","%","11.4","E","Estimated value",""
"FS","Suite of Food Security Indicators","624","Guinea-Bissau","6121","Value","210041","Prevalence of undernourishment (percent) (3-year average)","20002002","2000-2002","%","15.6","E","Estimated value",""
"FS","Suite of Food Security Indicators","624","Guinea-Bissau","6121","Value","210041","Prevalence of undernourishment (percent) (3-year average)","20012003","2001-2003","%","16","E","Estimated value",""
"FS","Suite of Food Security Indicators","624","Guinea-Bissau","6121","Value","210041","Prevalence of undernourishment (percent) (3-year average)","20022004","2002-2004","%","16.9","E","Estimated value",""
"FS","Suite of Food Security Indicators","624","Guinea-Bissau","6121","Value","210041","Prevalence of undernourishment (percent) (3-year average)","20032005","2003-2005","%","18","E","Estimated value",""
"FS","Suite of Food Security Indicators","624","Guinea-Bissau","6121","Value","210041","Prevalence of undernourishment (percent) (3-year average)","20042006","2004-2006","%","18.6","E","Estimated value",""
"FS","Suite of Food Security Indicators","624","Guinea-Bissau","6121","Value","210041","Prevalence of undernourishment (percent) (3-year average)","20052007","2005-2007","%","19.3","E","Estimated value",""
"FS","Suite of Food Security Indicators","624","Guinea-Bissau","6121","Value","210041","Prevalence of undernourishment (percent) (3-year average)","20062008","2006-2008","%","20","E","Estimated value",""
"FS","Suite of Food Security Indicators","624","Guinea-Bissau","6121","Value","210041","Prevalence of undernourishment (percent) (3-year average)","20072009","2007-2009","%","20.7","E","Estimated value",""
"FS","Suite of Food Security Indicators","624","Guinea-Bissau","6121","Value","210041","Prevalence of undernourishment (percent) (3-year average)","20082010","2008-2010","%","21.5","E","Estimated value",""
"FS","Suite of Food Security Indicators","624","Guinea-Bissau","6121","Value","210041","Prevalence of undernourishment (percent) (3-year average)","20092011","2009-2011","%","22.6","E","Estimated value",""
"FS","Suite of Food Security Indicators","624","Guinea-Bissau","6121","Value","210041","Prevalence of undernourishment (percent) (3-year average)","20102012","2010-2012","%","23.7","E","Estimated value",""
"FS","Suite of Food Security Indicators","624","Guinea-Bissau","6121","Value","210041","Prevalence of undernourishment (percent) (3-year average)","20112013","2011-2013","%","25.1","E","Estimated value",""
"FS","Suite of Food Security Indicators","624","Guinea-Bissau","6121","Value","210041","Prevalence of undernourishment (percent) (3-year average)","20122014","2012-2014","%","29.1","E","Estimated value",""
"FS","Suite of Food Security Indicators","624","Guinea-Bissau","6121","Value","210041","Prevalence of undernourishment (percent) (3-year average)","20132015","2013-2015","%","30.1","E","Estimated value",""
"FS","Suite of Food Security Indicators","624","Guinea-Bissau","6121","Value","210041","Prevalence of undernourishment (percent) (3-year average)","20142016","2014-2016","%","28","E","Estimated value",""
"FS","Suite of Food Security Indicators","624","Guinea-Bissau","6121","Value","210041","Prevalence of undernourishment (percent) (3-year average)","20152017","2015-2017","%","19.8","E","Estimated value",""
"FS","Suite of Food Security Indicators","624","Guinea-Bissau","6121","Value","210041","Prevalence of undernourishment (percent) (3-year average)","20162018","2016-2018","%","13.6","E","Estimated value",""
"FS","Suite of Food Security Indicators","624","Guinea-Bissau","6121","Value","210041","Prevalence of undernourishment (percent) (3-year average)","20172019","2017-2019","%","12.4","E","Estimated value",""
"FS","Suite of Food Security Indicators","624","Guinea-Bissau","6121","Value","210041","Prevalence of undernourishment (percent) (3-year average)","20182020","2018-2020","%","13.1","E","Estimated value",""
"FS","Suite of Food Security Indicators","624","Guinea-Bissau","6121","Value","210041","Prevalence of undernourishment (percent) (3-year average)","20192021","2019-2021","%","16.7","E","Estimated value",""
"FS","Suite of Food Security Indicators","624","Guinea-Bissau","6121","Value","210041","Prevalence of undernourishment (percent) (3-year average)","20202022","2020-2022","%","19.5","E","Estimated value",""
"FS","Suite of Food Security Indicators","624","Guinea-Bissau","6121","Value","210041","Prevalence of undernourishment (percent) (3-year average)","20212023","2021-2023","%","22","E","Estimated value",""
"FS","Suite of Food Security Indicators","624","Guinea-Bissau","6121","Value","210041","Prevalence of undernourishment (percent) (3-year average)","20222024","2022-2024","%","22.1","E","Estimated value",""
"FS","Suite of Food Security Indicators","328","Guyana","6121","Value","210041","Prevalence of undernourishment (percent) (3-year average)","20002002","2000-2002","%","5.7","E","Estimated value",""
"FS","Suite of Food Security Indicators","328","Guyana","6121","Value","210041","Prevalence of undernourishment (percent) (3-year average)","20012003","2001-2003","%","5.7","E","Estimated value",""
"FS","Suite of Food Security Indicators","328","Guyana","6121","Value","210041","Prevalence of undernourishment (percent) (3-year average)","20022004","2002-2004","%","6.1","E","Estimated value",""
"FS","Suite of Food Security Indicators","328","Guyana","6121","Value","210041","Prevalence of undernourishment (percent) (3-year average)","20032005","2003-2005","%","6.6","E","Estimated value",""
"FS","Suite of Food Security Indicators","328","Guyana","6121","Value","210041","Prevalence of undernourishment (percent) (3-year average)","20042006","2004-2006","%","7.1","E","Estimated value",""
"FS","Suite of Food Security Indicators","328","Guyana","6121","Value","210041","Prevalence of undernourishment (percent) (3-year average)","20052007","2005-2007","%","7.6","E","Estimated value",""
"FS","Suite of Food Security Indicators","328","Guyana","6121","Value","210041","Prevalence of undernourishment (percent) (3-year average)","20062008","2006-2008","%","8.2","E","Estimated value",""
"FS","Suite of Food Security Indicators","328","Guyana","6121","Value","210041","Prevalence of undernourishment (percent) (3-year average)","20072009","2007-2009","%","8.8","E","Estimated value",""
"FS","Suite of Food Security Indicators","328","Guyana","6121","Value","210041","Prevalence of undernourishment (percent) (3-year average)","20082010","2008-2010","%","9.5","E","Estimated value",""
"FS","Suite of Food Security Indicators","328","Guyana","6121","Value","210041","Prevalence of undernourishment (percent) (3-year average)","20092011","2009-2011","%","9.7","E","Estimated value",""
"FS","Suite of Food Security Indicators","328","Guyana","6121","Value","210041","Prevalence of undernourishment (percent) (3-year average)","20102012","2010-2012","%","8.9","E","Estimated value",""
"FS","Suite of Food Security Indicators","328","Guyana","6121","Value","210041","Prevalence of undernourishment (percent) (3-year average)","20112013","2011-2013","%","8","E","Estimated value",""
"FS","Suite of Food Security Indicators","328","Guyana","6121","Value","210041","Prevalence of undernourishment (percent) (3-year average)","20122014","2012-2014","%","6.9","E","Estimated value",""
"FS","Suite of Food Security Indicators","328","Guyana","6121","Value","210041","Prevalence of undernourishment (percent) (3-year average)","20132015","2013-2015","%","5.7","E","Estimated value",""
"FS","Suite of Food Security Indicators","328","Guyana","6121","Value","210041","Prevalence of undernourishment (percent) (3-year average)","20142016","2014-2016","%","4.4","E","Estimated value",""
"FS","Suite of Food Security Indicators","328","Guyana","6121","Value","210041","Prevalence of undernourishment (percent) (3-year average)","20152017","2015-2017","%","3.4","E","Estimated value",""
"FS","Suite of Food Security Indicators","328","Guyana","6121","Value","210041","Prevalence of undernourishment (percent) (3-year average)","20162018","2016-2018","%","3.1","E","Estimated value",""
"FS","Suite of Food Security Indicators","328","Guyana","6121","Value","210041","Prevalence of undernourishment (percent) (3-year average)","20172019","2017-2019","%","2.9","E","Estimated value",""
"FS","Suite of Food Security Indicators","328","Guyana","6121","Value","210041","Prevalence of undernourishment (percent) (3-year average)","20182020","2018-2020","%","2.7","E","Estimated value",""
"FS","Suite of Food Security Indicators","328","Guyana","6121","Value","210041","Prevalence of undernourishment (percent) (3-year average)","20192021","2019-2021","%","2.5","E","Estimated value",""
"FS","Suite of Food Security Indicators","328","Guyana","6121","Value","210041","Prevalence of undernourishment (percent) (3-year average)","20202022","2020-2022","%","<2.5","E","Estimated value",""
"FS","Suite of Food Security Indicators","328","Guyana","6121","Value","210041","Prevalence of undernourishment (percent) (3-year average)","20212023","2021-2023","%","<2.5","E","Estimated value",""
"FS","Suite of Food Security Indicators","328","Guyana","6121","Value","210041","Prevalence of undernourishment (percent) (3-year average)","20222024","2022-2024","%","<2.5","E","Estimated value",""
"FS","Suite of Food Security Indicators","332","Haiti","6121","Value","210041","Prevalence of undernourishment (percent) (3-year average)","20002002","2000-2002","%","48","E","Estimated value",""
"FS","Suite of Food Security Indicators","332","Haiti","6121","Value","210041","Prevalence of undernourishment (percent) (3-year average)","20012003","2001-2003","%","50.1","E","Estimated value",""
"FS","Suite of Food Security Indicators","332","Haiti","6121","Value","210041","Prevalence of undernourishment (percent) (3-year average)","20022004","2002-2004","%","50.2","E","Estimated value",""
"FS","Suite of Food Security Indicators","332","Haiti","6121","Value","210041","Prevalence of undernourishment (percent) (3-year average)","20032005","2003-2005","%","49.7","E","Estimated value",""
"FS","Suite of Food Security Indicators","332","Haiti","6121","Value","210041","Prevalence of undernourishment (percent) (3-year average)","20042006","2004-2006","%","47.7","E","Estimated value",""
"FS","Suite of Food Security Indicators","332","Haiti","6121","Value","210041","Prevalence of undernourishment (percent) (3-year average)","20052007","2005-2007","%","45.9","E","Estimated value",""
"FS","Suite of Food Security Indicators","332","Haiti","6121","Value","210041","Prevalence of undernourishment (percent) (3-year average)","20062008","2006-2008","%","44","E","Estimated value",""
"FS","Suite of Food Security Indicators","332","Haiti","6121","Value","210041","Prevalence of undernourishment (percent) (3-year average)","20072009","2007-2009","%","42.2","E","Estimated value",""
"FS","Suite of Food Security Indicators","332","Haiti","6121","Value","210041","Prevalence of undernourishment (percent) (3-year average)","20082010","2008-2010","%","40.4","E","Estimated value",""
"FS","Suite of Food Security Indicators","332","Haiti","6121","Value","210041","Prevalence of undernourishment (percent) (3-year average)","20092011","2009-2011","%","39.5","E","Estimated value",""
"FS","Suite of Food Security Indicators","332","Haiti","6121","Value","210041","Prevalence of undernourishment (percent) (3-year average)","20102012","2010-2012","%","39.7","E","Estimated value",""
"FS","Suite of Food Security Indicators","332","Haiti","6121","Value","210041","Prevalence of undernourishment (percent) (3-year average)","20112013","2011-2013","%","39.8","E","Estimated value",""
"FS","Suite of Food Security Indicators","332","Haiti","6121","Value","210041","Prevalence of undernourishment (percent) (3-year average)","20122014","2012-2014","%","39","E","Estimated value",""
"FS","Suite of Food Security Indicators","332","Haiti","6121","Value","210041","Prevalence of undernourishment (percent) (3-year average)","20132015","2013-2015","%","37.8","E","Estimated value",""
"FS","Suite of Food Security Indicators","332","Haiti","6121","Value","210041","Prevalence of undernourishment (percent) (3-year average)","20142016","2014-2016","%","37.9","E","Estimated value",""
"FS","Suite of Food Security Indicators","332","Haiti","6121","Value","210041","Prevalence of undernourishment (percent) (3-year average)","20152017","2015-2017","%","38.7","E","Estimated value",""
"FS","Suite of Food Security Indicators","332","Haiti","6121","Value","210041","Prevalence of undernourishment (percent) (3-year average)","20162018","2016-2018","%","40.3","E","Estimated value",""
"FS","Suite of Food Security Indicators","332","Haiti","6121","Value","210041","Prevalence of undernourishment (percent) (3-year average)","20172019","2017-2019","%","41.2","E","Estimated value",""
"FS","Suite of Food Security Indicators","332","Haiti","6121","Value","210041","Prevalence of undernourishment (percent) (3-year average)","20182020","2018-2020","%","42.6","E","Estimated value",""
"FS","Suite of Food Security Indicators","332","Haiti","6121","Value","210041","Prevalence of undernourishment (percent) (3-year average)","20192021","2019-2021","%","43.6","E","Estimated value",""
"FS","Suite of Food Security Indicators","332","Haiti","6121","Value","210041","Prevalence of undernourishment (percent) (3-year average)","20202022","2020-2022","%","47.8","E","Estimated value",""
"FS","Suite of Food Security Indicators","332","Haiti","6121","Value","210041","Prevalence of undernourishment (percent) (3-year average)","20212023","2021-2023","%","51.1","E","Estimated value",""
"FS","Suite of Food Security Indicators","332","Haiti","6121","Value","210041","Prevalence of undernourishment (percent) (3-year average)","20222024","2022-2024","%","54.2","E","Estimated value",""
"FS","Suite of Food Security Indicators","340","Honduras","6121","Value","210041","Prevalence of undernourishment (percent) (3-year average)","20002002","2000-2002","%","21.1","E","Estimated value",""
"FS","Suite of Food Security Indicators","340","Honduras","6121","Value","210041","Prevalence of undernourishment (percent) (3-year average)","20012003","2001-2003","%","20.4","E","Estimated value",""
"FS","Suite of Food Security Indicators","340","Honduras","6121","Value","210041","Prevalence of undernourishment (percent) (3-year average)","20022004","2002-2004","%","20","E","Estimated value",""
"FS","Suite of Food Security Indicators","340","Honduras","6121","Value","210041","Prevalence of undernourishment (percent) (3-year average)","20032005","2003-2005","%","19.3","E","Estimated value",""
"FS","Suite of Food Security Indicators","340","Honduras","6121","Value","210041","Prevalence of undernourishment (percent) (3-year average)","20042006","2004-2006","%","18.1","E","Estimated value",""
"FS","Suite of Food Security Indicators","340","Honduras","6121","Value","210041","Prevalence of undernourishment (percent) (3-year average)","20052007","2005-2007","%","16.9","E","Estimated value",""
"FS","Suite of Food Security Indicators","340","Honduras","6121","Value","210041","Prevalence of undernourishment (percent) (3-year average)","20062008","2006-2008","%","15.9","E","Estimated value",""
"FS","Suite of Food Security Indicators","340","Honduras","6121","Value","210041","Prevalence of undernourishment (percent) (3-year average)","20072009","2007-2009","%","14.9","E","Estimated value",""
"FS","Suite of Food Security Indicators","340","Honduras","6121","Value","210041","Prevalence of undernourishment (percent) (3-year average)","20082010","2008-2010","%","14","E","Estimated value",""
"FS","Suite of Food Security Indicators","340","Honduras","6121","Value","210041","Prevalence of undernourishment (percent) (3-year average)","20092011","2009-2011","%","13.2","E","Estimated value",""
"FS","Suite of Food Security Indicators","340","Honduras","6121","Value","210041","Prevalence of undernourishment (percent) (3-year average)","20102012","2010-2012","%","12.9","E","Estimated value",""
"FS","Suite of Food Security Indicators","340","Honduras","6121","Value","210041","Prevalence of undernourishment (percent) (3-year average)","20112013","2011-2013","%","13","E","Estimated value",""
"FS","Suite of Food Security Indicators","340","Honduras","6121","Value","210041","Prevalence of undernourishment (percent) (3-year average)","20122014","2012-2014","%","13.7","E","Estimated value",""
"FS","Suite of Food Security Indicators","340","Honduras","6121","Value","210041","Prevalence of undernourishment (percent) (3-year average)","20132015","2013-2015","%","14.2","E","Estimated value",""
"FS","Suite of Food Security Indicators","340","Honduras","6121","Value","210041","Prevalence of undernourishment (percent) (3-year average)","20142016","2014-2016","%","14.2","E","Estimated value",""
"FS","Suite of Food Security Indicators","340","Honduras","6121","Value","210041","Prevalence of undernourishment (percent) (3-year average)","20152017","2015-2017","%","13.7","E","Estimated value",""
"FS","Suite of Food Security Indicators","340","Honduras","6121","Value","210041","Prevalence of undernourishment (percent) (3-year average)","20162018","2016-2018","%","13.2","E","Estimated value",""
"FS","Suite of Food Security Indicators","340","Honduras","6121","Value","210041","Prevalence of undernourishment (percent) (3-year average)","20172019","2017-2019","%","13.1","E","Estimated value",""
"FS","Suite of Food Security Indicators","340","Honduras","6121","Value","210041","Prevalence of undernourishment (percent) (3-year average)","20182020","2018-2020","%","13.5","E","Estimated value",""
"FS","Suite of Food Security Indicators","340","Honduras","6121","Value","210041","Prevalence of undernourishment (percent) (3-year average)","20192021","2019-2021","%","13.7","E","Estimated value",""
"FS","Suite of Food Security Indicators","340","Honduras","6121","Value","210041","Prevalence of undernourishment (percent) (3-year average)","20202022","2020-2022","%","14.1","E","Estimated value",""
"FS","Suite of Food Security Indicators","340","Honduras","6121","Value","210041","Prevalence of undernourishment (percent) (3-year average)","20212023","2021-2023","%","14","E","Estimated value",""
"FS","Suite of Food Security Indicators","340","Honduras","6121","Value","210041","Prevalence of undernourishment (percent) (3-year average)","20222024","2022-2024","%","14.8","E","Estimated value",""
"FS","Suite of Food Security Indicators","348","Hungary","6121","Value","210041","Prevalence of undernourishment (percent) (3-year average)","20002002","2000-2002","%","<2.5","E","Estimated value",""
"FS","Suite of Food Security Indicators","348","Hungary","6121","Value","210041","Prevalence of undernourishment (percent) (3-year average)","20012003","2001-2003","%","<2.5","E","Estimated value",""
"FS","Suite of Food Security Indicators","348","Hungary","6121","Value","210041","Prevalence of undernourishment (percent) (3-year average)","20022004","2002-2004","%","<2.5","E","Estimated value",""
"FS","Suite of Food Security Indicators","348","Hungary","6121","Value","210041","Prevalence of undernourishment (percent) (3-year average)","20032005","2003-2005","%","2.5","E","Estimated value",""
"FS","Suite of Food Security Indicators","348","Hungary","6121","Value","210041","Prevalence of undernourishment (percent) (3-year average)","20042006","2004-2006","%","2.5","E","Estimated value",""
"FS","Suite of Food Security Indicators","348","Hungary","6121","Value","210041","Prevalence of undernourishment (percent) (3-year average)","20052007","2005-2007","%","<2.5","E","Estimated value",""
"FS","Suite of Food Security Indicators","348","Hungary","6121","Value","210041","Prevalence of undernourishment (percent) (3-year average)","20062008","2006-2008","%","<2.5","E","Estimated value",""
"FS","Suite of Food Security Indicators","348","Hungary","6121","Value","210041","Prevalence of undernourishment (percent) (3-year average)","20072009","2007-2009","%","<2.5","E","Estimated value",""
"FS","Suite of Food Security Indicators","348","Hungary","6121","Value","210041","Prevalence of undernourishment (percent) (3-year average)","20082010","2008-2010","%","<2.5","E","Estimated value",""
"FS","Suite of Food Security Indicators","348","Hungary","6121","Value","210041","Prevalence of undernourishment (percent) (3-year average)","20092011","2009-2011","%","<2.5","E","Estimated value",""
"FS","Suite of Food Security Indicators","348","Hungary","6121","Value","210041","Prevalence of undernourishment (percent) (3-year average)","20102012","2010-2012","%","<2.5","E","Estimated value",""
"FS","Suite of Food Security Indicators","348","Hungary","6121","Value","210041","Prevalence of undernourishment (percent) (3-year average)","20112013","2011-2013","%","<2.5","E","Estimated value",""
"FS","Suite of Food Security Indicators","348","Hungary","6121","Value","210041","Prevalence of undernourishment (percent) (3-year average)","20122014","2012-2014","%","<2.5","E","Estimated value",""
"FS","Suite of Food Security Indicators","348","Hungary","6121","Value","210041","Prevalence of undernourishment (percent) (3-year average)","20132015","2013-2015","%","<2.5","E","Estimated value",""
"FS","Suite of Food Security Indicators","348","Hungary","6121","Value","210041","Prevalence of undernourishment (percent) (3-year average)","20142016","2014-2016","%","<2.5","E","Estimated value",""
"FS","Suite of Food Security Indicators","348","Hungary","6121","Value","210041","Prevalence of undernourishment (percent) (3-year average)","20152017","2015-2017","%","<2.5","E","Estimated value",""
"FS","Suite of Food Security Indicators","348","Hungary","6121","Value","210041","Prevalence of undernourishment (percent) (3-year average)","20162018","2016-2018","%","<2.5","E","Estimated value",""
"FS","Suite of Food Security Indicators","348","Hungary","6121","Value","210041","Prevalence of undernourishment (percent) (3-year average)","20172019","2017-2019","%","<2.5","E","Estimated value",""
"FS","Suite of Food Security Indicators","348","Hungary","6121","Value","210041","Prevalence of undernourishment (percent) (3-year average)","20182020","2018-2020","%","<2.5","E","Estimated value",""
"FS","Suite of Food Security Indicators","348","Hungary","6121","Value","210041","Prevalence of undernourishment (percent) (3-year average)","20192021","2019-2021","%","<2.5","E","Estimated value",""
"FS","Suite of Food Security Indicators","348","Hungary","6121","Value","210041","Prevalence of undernourishment (percent) (3-year average)","20202022","2020-2022","%","<2.5","E","Estimated value",""
"FS","Suite of Food Security Indicators","348","Hungary","6121","Value","210041","Prevalence of undernourishment (percent) (3-year average)","20212023","2021-2023","%","<2.5","E","Estimated value",""
"FS","Suite of Food Security Indicators","348","Hungary","6121","Value","210041","Prevalence of undernourishment (percent) (3-year average)","20222024","2022-2024","%","<2.5","E","Estimated value",""
"FS","Suite of Food Security Indicators","352","Iceland","6121","Value","210041","Prevalence of undernourishment (percent) (3-year average)","20002002","2000-2002","%","<2.5","E","Estimated value",""
"FS","Suite of Food Security Indicators","352","Iceland","6121","Value","210041","Prevalence of undernourishment (percent) (3-year average)","20012003","2001-2003","%","<2.5","E","Estimated value",""
"FS","Suite of Food Security Indicators","352","Iceland","6121","Value","210041","Prevalence of undernourishment (percent) (3-year average)","20022004","2002-2004","%","<2.5","E","Estimated value",""
"FS","Suite of Food Security Indicators","352","Iceland","6121","Value","210041","Prevalence of undernourishment (percent) (3-year average)","20032005","2003-2005","%","<2.5","E","Estimated value",""
"FS","Suite of Food Security Indicators","352","Iceland","6121","Value","210041","Prevalence of undernourishment (percent) (3-year average)","20042006","2004-2006","%","<2.5","E","Estimated value",""
"FS","Suite of Food Security Indicators","352","Iceland","6121","Value","210041","Prevalence of undernourishment (percent) (3-year average)","20052007","2005-2007","%","<2.5","E","Estimated value",""
"FS","Suite of Food Security Indicators","352","Iceland","6121","Value","210041","Prevalence of undernourishment (percent) (3-year average)","20062008","2006-2008","%","<2.5","E","Estimated value",""
"FS","Suite of Food Security Indicators","352","Iceland","6121","Value","210041","Prevalence of undernourishment (percent) (3-year average)","20072009","2007-2009","%","<2.5","E","Estimated value",""
"FS","Suite of Food Security Indicators","352","Iceland","6121","Value","210041","Prevalence of undernourishment (percent) (3-year average)","20082010","2008-2010","%","<2.5","E","Estimated value",""
"FS","Suite of Food Security Indicators","352","Iceland","6121","Value","210041","Prevalence of undernourishment (percent) (3-year average)","20092011","2009-2011","%","<2.5","E","Estimated value",""
"FS","Suite of Food Security Indicators","352","Iceland","6121","Value","210041","Prevalence of undernourishment (percent) (3-year average)","20102012","2010-2012","%","<2.5","E","Estimated value",""
"FS","Suite of Food Security Indicators","352","Iceland","6121","Value","210041","Prevalence of undernourishment (percent) (3-year average)","20112013","2011-2013","%","<2.5","E","Estimated value",""
"FS","Suite of Food Security Indicators","352","Iceland","6121","Value","210041","Prevalence of undernourishment (percent) (3-year average)","20122014","2012-2014","%","<2.5","E","Estimated value",""
"FS","Suite of Food Security Indicators","352","Iceland","6121","Value","210041","Prevalence of undernourishment (percent) (3-year average)","20132015","2013-2015","%","<2.5","E","Estimated value",""
"FS","Suite of Food Security Indicators","352","Iceland","6121","Value","210041","Prevalence of undernourishment (percent) (3-year average)","20142016","2014-2016","%","<2.5","E","Estimated value",""
"FS","Suite of Food Security Indicators","352","Iceland","6121","Value","210041","Prevalence of undernourishment (percent) (3-year average)","20152017","2015-2017","%","<2.5","E","Estimated value",""
"FS","Suite of Food Security Indicators","352","Iceland","6121","Value","210041","Prevalence of undernourishment (percent) (3-year average)","20162018","2016-2018","%","<2.5","E","Estimated value",""
"FS","Suite of Food Security Indicators","352","Iceland","6121","Value","210041","Prevalence of undernourishment (percent) (3-year average)","20172019","2017-2019","%","<2.5","E","Estimated value",""
"FS","Suite of Food Security Indicators","352","Iceland","6121","Value","210041","Prevalence of undernourishment (percent) (3-year average)","20182020","2018-2020","%","<2.5","E","Estimated value",""
"FS","Suite of Food Security Indicators","352","Iceland","6121","Value","210041","Prevalence of undernourishment (percent) (3-year average)","20192021","2019-2021","%","<2.5","E","Estimated value",""
"FS","Suite of Food Security Indicators","352","Iceland","6121","Value","210041","Prevalence of undernourishment (percent) (3-year average)","20202022","2020-2022","%","<2.5","E","Estimated value",""
"FS","Suite of Food Security Indicators","352","Iceland","6121","Value","210041","Prevalence of undernourishment (percent) (3-year average)","20212023","2021-2023","%","<2.5","E","Estimated value",""
"FS","Suite of Food Security Indicators","352","Iceland","6121","Value","210041","Prevalence of undernourishment (percent) (3-year average)","20222024","2022-2024","%","<2.5","E","Estimated value",""
"FS","Suite of Food Security Indicators","356","India","6121","Value","210041","Prevalence of undernourishment (percent) (3-year average)","20002002","2000-2002","%","18.1","E","Estimated value",""
"FS","Suite of Food Security Indicators","356","India","6121","Value","210041","Prevalence of undernourishment (percent) (3-year average)","20012003","2001-2003","%","19.7","E","Estimated value",""
"FS","Suite of Food Security Indicators","356","India","6121","Value","210041","Prevalence of undernourishment (percent) (3-year average)","20022004","2002-2004","%","21.2","E","Estimated value",""
"FS","Suite of Food Security Indicators","356","India","6121","Value","210041","Prevalence of undernourishment (percent) (3-year average)","20032005","2003-2005","%","21.7","E","Estimated value",""
"FS","Suite of Food Security Indicators","356","India","6121","Value","210041","Prevalence of undernourishment (percent) (3-year average)","20042006","2004-2006","%","21.1","E","Estimated value",""
"FS","Suite of Food Security Indicators","356","India","6121","Value","210041","Prevalence of undernourishment (percent) (3-year average)","20052007","2005-2007","%","18.9","E","Estimated value",""
"FS","Suite of Food Security Indicators","356","India","6121","Value","210041","Prevalence of undernourishment (percent) (3-year average)","20062008","2006-2008","%","16.6","E","Estimated value",""
"FS","Suite of Food Security Indicators","356","India","6121","Value","210041","Prevalence of undernourishment (percent) (3-year average)","20072009","2007-2009","%","15.3","E","Estimated value",""
"FS","Suite of Food Security Indicators","356","India","6121","Value","210041","Prevalence of undernourishment (percent) (3-year average)","20082010","2008-2010","%","15","E","Estimated value",""
"FS","Suite of Food Security Indicators","356","India","6121","Value","210041","Prevalence of undernourishment (percent) (3-year average)","20092011","2009-2011","%","14.6","E","Estimated value",""
"FS","Suite of Food Security Indicators","356","India","6121","Value","210041","Prevalence of undernourishment (percent) (3-year average)","20102012","2010-2012","%","14.2","E","Estimated value",""
"FS","Suite of Food Security Indicators","356","India","6121","Value","210041","Prevalence of undernourishment (percent) (3-year average)","20112013","2011-2013","%","13.4","E","Estimated value",""
"FS","Suite of Food Security Indicators","356","India","6121","Value","210041","Prevalence of undernourishment (percent) (3-year average)","20122014","2012-2014","%","12.8","E","Estimated value",""
"FS","Suite of Food Security Indicators","356","India","6121","Value","210041","Prevalence of undernourishment (percent) (3-year average)","20132015","2013-2015","%","12.6","E","Estimated value",""
"FS","Suite of Food Security Indicators","356","India","6121","Value","210041","Prevalence of undernourishment (percent) (3-year average)","20142016","2014-2016","%","12.1","E","Estimated value",""
"FS","Suite of Food Security Indicators","356","India","6121","Value","210041","Prevalence of undernourishment (percent) (3-year average)","20152017","2015-2017","%","11.6","E","Estimated value",""
"FS","Suite of Food Security Indicators","356","India","6121","Value","210041","Prevalence of undernourishment (percent) (3-year average)","20162018","2016-2018","%","10.6","E","Estimated value",""
"FS","Suite of Food Security Indicators","356","India","6121","Value","210041","Prevalence of undernourishment (percent) (3-year average)","20172019","2017-2019","%","10.5","E","Estimated value",""
"FS","Suite of Food Security Indicators","356","India","6121","Value","210041","Prevalence of undernourishment (percent) (3-year average)","20182020","2018-2020","%","11.8","E","Estimated value",""
"FS","Suite of Food Security Indicators","356","India","6121","Value","210041","Prevalence of undernourishment (percent) (3-year average)","20192021","2019-2021","%","13.4","E","Estimated value",""
"FS","Suite of Food Security Indicators","356","India","6121","Value","210041","Prevalence of undernourishment (percent) (3-year average)","20202022","2020-2022","%","14.3","E","Estimated value",""
"FS","Suite of Food Security Indicators","356","India","6121","Value","210041","Prevalence of undernourishment (percent) (3-year average)","20212023","2021-2023","%","13.5","E","Estimated value",""
"FS","Suite of Food Security Indicators","356","India","6121","Value","210041","Prevalence of undernourishment (percent) (3-year average)","20222024","2022-2024","%","12","E","Estimated value",""
"FS","Suite of Food Security Indicators","360","Indonesia","6121","Value","210041","Prevalence of undernourishment (percent) (3-year average)","20002002","2000-2002","%","18.1","E","Estimated value",""
"FS","Suite of Food Security Indicators","360","Indonesia","6121","Value","210041","Prevalence of undernourishment (percent) (3-year average)","20012003","2001-2003","%","18.1","E","Estimated value",""
"FS","Suite of Food Security Indicators","360","Indonesia","6121","Value","210041","Prevalence of undernourishment (percent) (3-year average)","20022004","2002-2004","%","18","E","Estimated value",""
"FS","Suite of Food Security Indicators","360","Indonesia","6121","Value","210041","Prevalence of undernourishment (percent) (3-year average)","20032005","2003-2005","%","18.2","E","Estimated value",""
"FS","Suite of Food Security Indicators","360","Indonesia","6121","Value","210041","Prevalence of undernourishment (percent) (3-year average)","20042006","2004-2006","%","18.4","E","Estimated value",""
"FS","Suite of Food Security Indicators","360","Indonesia","6121","Value","210041","Prevalence of undernourishment (percent) (3-year average)","20052007","2005-2007","%","18.1","E","Estimated value",""
"FS","Suite of Food Security Indicators","360","Indonesia","6121","Value","210041","Prevalence of undernourishment (percent) (3-year average)","20062008","2006-2008","%","17.5","E","Estimated value",""
"FS","Suite of Food Security Indicators","360","Indonesia","6121","Value","210041","Prevalence of undernourishment (percent) (3-year average)","20072009","2007-2009","%","16.5","E","Estimated value",""
"FS","Suite of Food Security Indicators","360","Indonesia","6121","Value","210041","Prevalence of undernourishment (percent) (3-year average)","20082010","2008-2010","%","15","E","Estimated value",""
"FS","Suite of Food Security Indicators","360","Indonesia","6121","Value","210041","Prevalence of undernourishment (percent) (3-year average)","20092011","2009-2011","%","12.9","E","Estimated value",""
"FS","Suite of Food Security Indicators","360","Indonesia","6121","Value","210041","Prevalence of undernourishment (percent) (3-year average)","20102012","2010-2012","%","10.9","E","Estimated value",""
"FS","Suite of Food Security Indicators","360","Indonesia","6121","Value","210041","Prevalence of undernourishment (percent) (3-year average)","20112013","2011-2013","%","9.5","E","Estimated value",""
"FS","Suite of Food Security Indicators","360","Indonesia","6121","Value","210041","Prevalence of undernourishment (percent) (3-year average)","20122014","2012-2014","%","8.3","E","Estimated value",""
"FS","Suite of Food Security Indicators","360","Indonesia","6121","Value","210041","Prevalence of undernourishment (percent) (3-year average)","20132015","2013-2015","%","7.8","E","Estimated value",""
"FS","Suite of Food Security Indicators","360","Indonesia","6121","Value","210041","Prevalence of undernourishment (percent) (3-year average)","20142016","2014-2016","%","7.1","E","Estimated value",""
"FS","Suite of Food Security Indicators","360","Indonesia","6121","Value","210041","Prevalence of undernourishment (percent) (3-year average)","20152017","2015-2017","%","6.6","E","Estimated value",""
"FS","Suite of Food Security Indicators","360","Indonesia","6121","Value","210041","Prevalence of undernourishment (percent) (3-year average)","20162018","2016-2018","%","6","E","Estimated value",""
"FS","Suite of Food Security Indicators","360","Indonesia","6121","Value","210041","Prevalence of undernourishment (percent) (3-year average)","20172019","2017-2019","%","6","E","Estimated value",""
"FS","Suite of Food Security Indicators","360","Indonesia","6121","Value","210041","Prevalence of undernourishment (percent) (3-year average)","20182020","2018-2020","%","6.4","E","Estimated value",""
"FS","Suite of Food Security Indicators","360","Indonesia","6121","Value","210041","Prevalence of undernourishment (percent) (3-year average)","20192021","2019-2021","%","6.6","E","Estimated value",""
"FS","Suite of Food Security Indicators","360","Indonesia","6121","Value","210041","Prevalence of undernourishment (percent) (3-year average)","20202022","2020-2022","%","6.6","E","Estimated value",""
"FS","Suite of Food Security Indicators","360","Indonesia","6121","Value","210041","Prevalence of undernourishment (percent) (3-year average)","20212023","2021-2023","%","6.6","E","Estimated value",""
"FS","Suite of Food Security Indicators","360","Indonesia","6121","Value","210041","Prevalence of undernourishment (percent) (3-year average)","20222024","2022-2024","%","6.3","E","Estimated value",""
"FS","Suite of Food Security Indicators","364","Iran (Islamic Republic of)","6121","Value","210041","Prevalence of undernourishment (percent) (3-year average)","20002002","2000-2002","%","4.9","E","Estimated value",""
"FS","Suite of Food Security Indicators","364","Iran (Islamic Republic of)","6121","Value","210041","Prevalence of undernourishment (percent) (3-year average)","20012003","2001-2003","%","5.2","E","Estimated value",""
"FS","Suite of Food Security Indicators","364","Iran (Islamic Republic of)","6121","Value","210041","Prevalence of undernourishment (percent) (3-year average)","20022004","2002-2004","%","5.5","E","Estimated value",""
"FS","Suite of Food Security Indicators","364","Iran (Islamic Republic of)","6121","Value","210041","Prevalence of undernourishment (percent) (3-year average)","20032005","2003-2005","%","5.9","E","Estimated value",""
"FS","Suite of Food Security Indicators","364","Iran (Islamic Republic of)","6121","Value","210041","Prevalence of undernourishment (percent) (3-year average)","20042006","2004-2006","%","6.4","E","Estimated value",""
"FS","Suite of Food Security Indicators","364","Iran (Islamic Republic of)","6121","Value","210041","Prevalence of undernourishment (percent) (3-year average)","20052007","2005-2007","%","6.9","E","Estimated value",""
"FS","Suite of Food Security Indicators","364","Iran (Islamic Republic of)","6121","Value","210041","Prevalence of undernourishment (percent) (3-year average)","20062008","2006-2008","%","7.4","E","Estimated value",""
"FS","Suite of Food Security Indicators","364","Iran (Islamic Republic of)","6121","Value","210041","Prevalence of undernourishment (percent) (3-year average)","20072009","2007-2009","%","7.9","E","Estimated value",""
"FS","Suite of Food Security Indicators","364","Iran (Islamic Republic of)","6121","Value","210041","Prevalence of undernourishment (percent) (3-year average)","20082010","2008-2010","%","8.4","E","Estimated value",""
"FS","Suite of Food Security Indicators","364","Iran (Islamic Republic of)","6121","Value","210041","Prevalence of undernourishment (percent) (3-year average)","20092011","2009-2011","%","9.4","E","Estimated value",""
"FS","Suite of Food Security Indicators","364","Iran (Islamic Republic of)","6121","Value","210041","Prevalence of undernourishment (percent) (3-year average)","20102012","2010-2012","%","9.5","E","Estimated value",""
"FS","Suite of Food Security Indicators","364","Iran (Islamic Republic of)","6121","Value","210041","Prevalence of undernourishment (percent) (3-year average)","20112013","2011-2013","%","9.2","E","Estimated value",""
"FS","Suite of Food Security Indicators","364","Iran (Islamic Republic of)","6121","Value","210041","Prevalence of undernourishment (percent) (3-year average)","20122014","2012-2014","%","8","E","Estimated value",""
"FS","Suite of Food Security Indicators","364","Iran (Islamic Republic of)","6121","Value","210041","Prevalence of undernourishment (percent) (3-year average)","20132015","2013-2015","%","7.6","E","Estimated value",""
"FS","Suite of Food Security Indicators","364","Iran (Islamic Republic of)","6121","Value","210041","Prevalence of undernourishment (percent) (3-year average)","20142016","2014-2016","%","7.4","E","Estimated value",""
"FS","Suite of Food Security Indicators","364","Iran (Islamic Republic of)","6121","Value","210041","Prevalence of undernourishment (percent) (3-year average)","20152017","2015-2017","%","7.7","E","Estimated value",""
"FS","Suite of Food Security Indicators","364","Iran (Islamic Republic of)","6121","Value","210041","Prevalence of undernourishment (percent) (3-year average)","20162018","2016-2018","%","8","E","Estimated value",""
"FS","Suite of Food Security Indicators","364","Iran (Islamic Republic of)","6121","Value","210041","Prevalence of undernourishment (percent) (3-year average)","20172019","2017-2019","%","8","E","Estimated value",""
"FS","Suite of Food Security Indicators","364","Iran (Islamic Republic of)","6121","Value","210041","Prevalence of undernourishment (percent) (3-year average)","20182020","2018-2020","%","7.7","E","Estimated value",""
"FS","Suite of Food Security Indicators","364","Iran (Islamic Republic of)","6121","Value","210041","Prevalence of undernourishment (percent) (3-year average)","20192021","2019-2021","%","6.9","E","Estimated value",""
"FS","Suite of Food Security Indicators","364","Iran (Islamic Republic of)","6121","Value","210041","Prevalence of undernourishment (percent) (3-year average)","20202022","2020-2022","%","6.8","E","Estimated value",""
"FS","Suite of Food Security Indicators","364","Iran (Islamic Republic of)","6121","Value","210041","Prevalence of undernourishment (percent) (3-year average)","20212023","2021-2023","%","6.7","E","Estimated value",""
"FS","Suite of Food Security Indicators","364","Iran (Islamic Republic of)","6121","Value","210041","Prevalence of undernourishment (percent) (3-year average)","20222024","2022-2024","%","6.8","E","Estimated value",""
"FS","Suite of Food Security Indicators","368","Iraq","6121","Value","210041","Prevalence of undernourishment (percent) (3-year average)","20002002","2000-2002","%","20.1","E","Estimated value",""
"FS","Suite of Food Security Indicators","368","Iraq","6121","Value","210041","Prevalence of undernourishment (percent) (3-year average)","20012003","2001-2003","%","19.5","E","Estimated value",""
"FS","Suite of Food Security Indicators","368","Iraq","6121","Value","210041","Prevalence of undernourishment (percent) (3-year average)","20022004","2002-2004","%","18.4","E","Estimated value",""
"FS","Suite of Food Security Indicators","368","Iraq","6121","Value","210041","Prevalence of undernourishment (percent) (3-year average)","20032005","2003-2005","%","17.8","E","Estimated value",""
"FS","Suite of Food Security Indicators","368","Iraq","6121","Value","210041","Prevalence of undernourishment (percent) (3-year average)","20042006","2004-2006","%","16.5","E","Estimated value",""
"FS","Suite of Food Security Indicators","368","Iraq","6121","Value","210041","Prevalence of undernourishment (percent) (3-year average)","20052007","2005-2007","%","16.5","E","Estimated value",""
"FS","Suite of Food Security Indicators","368","Iraq","6121","Value","210041","Prevalence of undernourishment (percent) (3-year average)","20062008","2006-2008","%","16.4","E","Estimated value",""
"FS","Suite of Food Security Indicators","368","Iraq","6121","Value","210041","Prevalence of undernourishment (percent) (3-year average)","20072009","2007-2009","%","15.6","E","Estimated value",""
"FS","Suite of Food Security Indicators","368","Iraq","6121","Value","210041","Prevalence of undernourishment (percent) (3-year average)","20082010","2008-2010","%","14.5","E","Estimated value",""
"FS","Suite of Food Security Indicators","368","Iraq","6121","Value","210041","Prevalence of undernourishment (percent) (3-year average)","20092011","2009-2011","%","13.4","E","Estimated value",""
"FS","Suite of Food Security Indicators","368","Iraq","6121","Value","210041","Prevalence of undernourishment (percent) (3-year average)","20102012","2010-2012","%","13.6","E","Estimated value",""
"FS","Suite of Food Security Indicators","368","Iraq","6121","Value","210041","Prevalence of undernourishment (percent) (3-year average)","20112013","2011-2013","%","14.2","E","Estimated value",""
"FS","Suite of Food Security Indicators","368","Iraq","6121","Value","210041","Prevalence of undernourishment (percent) (3-year average)","20122014","2012-2014","%","14.9","E","Estimated value",""
"FS","Suite of Food Security Indicators","368","Iraq","6121","Value","210041","Prevalence of undernourishment (percent) (3-year average)","20132015","2013-2015","%","15.3","E","Estimated value",""
"FS","Suite of Food Security Indicators","368","Iraq","6121","Value","210041","Prevalence of undernourishment (percent) (3-year average)","20142016","2014-2016","%","15.7","E","Estimated value",""
"FS","Suite of Food Security Indicators","368","Iraq","6121","Value","210041","Prevalence of undernourishment (percent) (3-year average)","20152017","2015-2017","%","16.1","E","Estimated value",""
"FS","Suite of Food Security Indicators","368","Iraq","6121","Value","210041","Prevalence of undernourishment (percent) (3-year average)","20162018","2016-2018","%","16","E","Estimated value",""
"FS","Suite of Food Security Indicators","368","Iraq","6121","Value","210041","Prevalence of undernourishment (percent) (3-year average)","20172019","2017-2019","%","15.8","E","Estimated value",""
"FS","Suite of Food Security Indicators","368","Iraq","6121","Value","210041","Prevalence of undernourishment (percent) (3-year average)","20182020","2018-2020","%","15.4","E","Estimated value",""
"FS","Suite of Food Security Indicators","368","Iraq","6121","Value","210041","Prevalence of undernourishment (percent) (3-year average)","20192021","2019-2021","%","15.1","E","Estimated value",""
"FS","Suite of Food Security Indicators","368","Iraq","6121","Value","210041","Prevalence of undernourishment (percent) (3-year average)","20202022","2020-2022","%","15.4","E","Estimated value",""
"FS","Suite of Food Security Indicators","368","Iraq","6121","Value","210041","Prevalence of undernourishment (percent) (3-year average)","20212023","2021-2023","%","15.3","E","Estimated value",""
"FS","Suite of Food Security Indicators","368","Iraq","6121","Value","210041","Prevalence of undernourishment (percent) (3-year average)","20222024","2022-2024","%","14.9","E","Estimated value",""
"FS","Suite of Food Security Indicators","372","Ireland","6121","Value","210041","Prevalence of undernourishment (percent) (3-year average)","20002002","2000-2002","%","<2.5","E","Estimated value",""
"FS","Suite of Food Security Indicators","372","Ireland","6121","Value","210041","Prevalence of undernourishment (percent) (3-year average)","20012003","2001-2003","%","<2.5","E","Estimated value",""
"FS","Suite of Food Security Indicators","372","Ireland","6121","Value","210041","Prevalence of undernourishment (percent) (3-year average)","20022004","2002-2004","%","<2.5","E","Estimated value",""
"FS","Suite of Food Security Indicators","372","Ireland","6121","Value","210041","Prevalence of undernourishment (percent) (3-year average)","20032005","2003-2005","%","<2.5","E","Estimated value",""
"FS","Suite of Food Security Indicators","372","Ireland","6121","Value","210041","Prevalence of undernourishment (percent) (3-year average)","20042006","2004-2006","%","<2.5","E","Estimated value",""
"FS","Suite of Food Security Indicators","372","Ireland","6121","Value","210041","Prevalence of undernourishment (percent) (3-year average)","20052007","2005-2007","%","<2.5","E","Estimated value",""
"FS","Suite of Food Security Indicators","372","Ireland","6121","Value","210041","Prevalence of undernourishment (percent) (3-year average)","20062008","2006-2008","%","<2.5","E","Estimated value",""
"FS","Suite of Food Security Indicators","372","Ireland","6121","Value","210041","Prevalence of undernourishment (percent) (3-year average)","20072009","2007-2009","%","<2.5","E","Estimated value",""
"FS","Suite of Food Security Indicators","372","Ireland","6121","Value","210041","Prevalence of undernourishment (percent) (3-year average)","20082010","2008-2010","%","<2.5","E","Estimated value",""
"FS","Suite of Food Security Indicators","372","Ireland","6121","Value","210041","Prevalence of undernourishment (percent) (3-year average)","20092011","2009-2011","%","<2.5","E","Estimated value",""
"FS","Suite of Food Security Indicators","372","Ireland","6121","Value","210041","Prevalence of undernourishment (percent) (3-year average)","20102012","2010-2012","%","<2.5","E","Estimated value",""
"FS","Suite of Food Security Indicators","372","Ireland","6121","Value","210041","Prevalence of undernourishment (percent) (3-year average)","20112013","2011-2013","%","<2.5","E","Estimated value",""
"FS","Suite of Food Security Indicators","372","Ireland","6121","Value","210041","Prevalence of undernourishment (percent) (3-year average)","20122014","2012-2014","%","<2.5","E","Estimated value",""
"FS","Suite of Food Security Indicators","372","Ireland","6121","Value","210041","Prevalence of undernourishment (percent) (3-year average)","20132015","2013-2015","%","<2.5","E","Estimated value",""
"FS","Suite of Food Security Indicators","372","Ireland","6121","Value","210041","Prevalence of undernourishment (percent) (3-year average)","20142016","2014-2016","%","<2.5","E","Estimated value",""
"FS","Suite of Food Security Indicators","372","Ireland","6121","Value","210041","Prevalence of undernourishment (percent) (3-year average)","20152017","2015-2017","%","<2.5","E","Estimated value",""
"FS","Suite of Food Security Indicators","372","Ireland","6121","Value","210041","Prevalence of undernourishment (percent) (3-year average)","20162018","2016-2018","%","<2.5","E","Estimated value",""
"FS","Suite of Food Security Indicators","372","Ireland","6121","Value","210041","Prevalence of undernourishment (percent) (3-year average)","20172019","2017-2019","%","<2.5","E","Estimated value",""
"FS","Suite of Food Security Indicators","372","Ireland","6121","Value","210041","Prevalence of undernourishment (percent) (3-year average)","20182020","2018-2020","%","<2.5","E","Estimated value",""
"FS","Suite of Food Security Indicators","372","Ireland","6121","Value","210041","Prevalence of undernourishment (percent) (3-year average)","20192021","2019-2021","%","<2.5","E","Estimated value",""
"FS","Suite of Food Security Indicators","372","Ireland","6121","Value","210041","Prevalence of undernourishment (percent) (3-year average)","20202022","2020-2022","%","<2.5","E","Estimated value",""
"FS","Suite of Food Security Indicators","372","Ireland","6121","Value","210041","Prevalence of undernourishment (percent) (3-year average)","20212023","2021-2023","%","<2.5","E","Estimated value",""
"FS","Suite of Food Security Indicators","372","Ireland","6121","Value","210041","Prevalence of undernourishment (percent) (3-year average)","20222024","2022-2024","%","<2.5","E","Estimated value",""
"FS","Suite of Food Security Indicators","376","Israel","6121","Value","210041","Prevalence of undernourishment (percent) (3-year average)","20002002","2000-2002","%","<2.5","E","Estimated value",""
"FS","Suite of Food Security Indicators","376","Israel","6121","Value","210041","Prevalence of undernourishment (percent) (3-year average)","20012003","2001-2003","%","<2.5","E","Estimated value",""
"FS","Suite of Food Security Indicators","376","Israel","6121","Value","210041","Prevalence of undernourishment (percent) (3-year average)","20022004","2002-2004","%","<2.5","E","Estimated value",""
"FS","Suite of Food Security Indicators","376","Israel","6121","Value","210041","Prevalence of undernourishment (percent) (3-year average)","20032005","2003-2005","%","<2.5","E","Estimated value",""
"FS","Suite of Food Security Indicators","376","Israel","6121","Value","210041","Prevalence of undernourishment (percent) (3-year average)","20042006","2004-2006","%","<2.5","E","Estimated value",""
"FS","Suite of Food Security Indicators","376","Israel","6121","Value","210041","Prevalence of undernourishment (percent) (3-year average)","20052007","2005-2007","%","<2.5","E","Estimated value",""
"FS","Suite of Food Security Indicators","376","Israel","6121","Value","210041","Prevalence of undernourishment (percent) (3-year average)","20062008","2006-2008","%","<2.5","E","Estimated value",""
"FS","Suite of Food Security Indicators","376","Israel","6121","Value","210041","Prevalence of undernourishment (percent) (3-year average)","20072009","2007-2009","%","<2.5","E","Estimated value",""
"FS","Suite of Food Security Indicators","376","Israel","6121","Value","210041","Prevalence of undernourishment (percent) (3-year average)","20082010","2008-2010","%","<2.5","E","Estimated value",""
"FS","Suite of Food Security Indicators","376","Israel","6121","Value","210041","Prevalence of undernourishment (percent) (3-year average)","20092011","2009-2011","%","<2.5","E","Estimated value",""
"FS","Suite of Food Security Indicators","376","Israel","6121","Value","210041","Prevalence of undernourishment (percent) (3-year average)","20102012","2010-2012","%","<2.5","E","Estimated value",""
"FS","Suite of Food Security Indicators","376","Israel","6121","Value","210041","Prevalence of undernourishment (percent) (3-year average)","20112013","2011-2013","%","<2.5","E","Estimated value",""
"FS","Suite of Food Security Indicators","376","Israel","6121","Value","210041","Prevalence of undernourishment (percent) (3-year average)","20122014","2012-2014","%","<2.5","E","Estimated value",""
"FS","Suite of Food Security Indicators","376","Israel","6121","Value","210041","Prevalence of undernourishment (percent) (3-year average)","20132015","2013-2015","%","<2.5","E","Estimated value",""
"FS","Suite of Food Security Indicators","376","Israel","6121","Value","210041","Prevalence of undernourishment (percent) (3-year average)","20142016","2014-2016","%","<2.5","E","Estimated value",""
"FS","Suite of Food Security Indicators","376","Israel","6121","Value","210041","Prevalence of undernourishment (percent) (3-year average)","20152017","2015-2017","%","<2.5","E","Estimated value",""
"FS","Suite of Food Security Indicators","376","Israel","6121","Value","210041","Prevalence of undernourishment (percent) (3-year average)","20162018","2016-2018","%","<2.5","E","Estimated value",""
"FS","Suite of Food Security Indicators","376","Israel","6121","Value","210041","Prevalence of undernourishment (percent) (3-year average)","20172019","2017-2019","%","<2.5","E","Estimated value",""
"FS","Suite of Food Security Indicators","376","Israel","6121","Value","210041","Prevalence of undernourishment (percent) (3-year average)","20182020","2018-2020","%","<2.5","E","Estimated value",""
"FS","Suite of Food Security Indicators","376","Israel","6121","Value","210041","Prevalence of undernourishment (percent) (3-year average)","20192021","2019-2021","%","<2.5","E","Estimated value",""
"FS","Suite of Food Security Indicators","376","Israel","6121","Value","210041","Prevalence of undernourishment (percent) (3-year average)","20202022","2020-2022","%","<2.5","E","Estimated value",""
"FS","Suite of Food Security Indicators","376","Israel","6121","Value","210041","Prevalence of undernourishment (percent) (3-year average)","20212023","2021-2023","%","<2.5","E","Estimated value",""
"FS","Suite of Food Security Indicators","376","Israel","6121","Value","210041","Prevalence of undernourishment (percent) (3-year average)","20222024","2022-2024","%","<2.5","E","Estimated value",""
"FS","Suite of Food Security Indicators","380","Italy","6121","Value","210041","Prevalence of undernourishment (percent) (3-year average)","20002002","2000-2002","%","<2.5","E","Estimated value",""
"FS","Suite of Food Security Indicators","380","Italy","6121","Value","210041","Prevalence of undernourishment (percent) (3-year average)","20012003","2001-2003","%","<2.5","E","Estimated value",""
"FS","Suite of Food Security Indicators","380","Italy","6121","Value","210041","Prevalence of undernourishment (percent) (3-year average)","20022004","2002-2004","%","<2.5","E","Estimated value",""
"FS","Suite of Food Security Indicators","380","Italy","6121","Value","210041","Prevalence of undernourishment (percent) (3-year average)","20032005","2003-2005","%","<2.5","E","Estimated value",""
"FS","Suite of Food Security Indicators","380","Italy","6121","Value","210041","Prevalence of undernourishment (percent) (3-year average)","20042006","2004-2006","%","<2.5","E","Estimated value",""
"FS","Suite of Food Security Indicators","380","Italy","6121","Value","210041","Prevalence of undernourishment (percent) (3-year average)","20052007","2005-2007","%","<2.5","E","Estimated value",""
"FS","Suite of Food Security Indicators","380","Italy","6121","Value","210041","Prevalence of undernourishment (percent) (3-year average)","20062008","2006-2008","%","<2.5","E","Estimated value",""
"FS","Suite of Food Security Indicators","380","Italy","6121","Value","210041","Prevalence of undernourishment (percent) (3-year average)","20072009","2007-2009","%","<2.5","E","Estimated value",""
"FS","Suite of Food Security Indicators","380","Italy","6121","Value","210041","Prevalence of undernourishment (percent) (3-year average)","20082010","2008-2010","%","<2.5","E","Estimated value",""
"FS","Suite of Food Security Indicators","380","Italy","6121","Value","210041","Prevalence of undernourishment (percent) (3-year average)","20092011","2009-2011","%","<2.5","E","Estimated value",""
"FS","Suite of Food Security Indicators","380","Italy","6121","Value","210041","Prevalence of undernourishment (percent) (3-year average)","20102012","2010-2012","%","<2.5","E","Estimated value",""
"FS","Suite of Food Security Indicators","380","Italy","6121","Value","210041","Prevalence of undernourishment (percent) (3-year average)","20112013","2011-2013","%","<2.5","E","Estimated value",""
"FS","Suite of Food Security Indicators","380","Italy","6121","Value","210041","Prevalence of undernourishment (percent) (3-year average)","20122014","2012-2014","%","<2.5","E","Estimated value",""
"FS","Suite of Food Security Indicators","380","Italy","6121","Value","210041","Prevalence of undernourishment (percent) (3-year average)","20132015","2013-2015","%","<2.5","E","Estimated value",""
"FS","Suite of Food Security Indicators","380","Italy","6121","Value","210041","Prevalence of undernourishment (percent) (3-year average)","20142016","2014-2016","%","<2.5","E","Estimated value",""
"FS","Suite of Food Security Indicators","380","Italy","6121","Value","210041","Prevalence of undernourishment (percent) (3-year average)","20152017","2015-2017","%","<2.5","E","Estimated value",""
"FS","Suite of Food Security Indicators","380","Italy","6121","Value","210041","Prevalence of undernourishment (percent) (3-year average)","20162018","2016-2018","%","<2.5","E","Estimated value",""
"FS","Suite of Food Security Indicators","380","Italy","6121","Value","210041","Prevalence of undernourishment (percent) (3-year average)","20172019","2017-2019","%","<2.5","E","Estimated value",""
"FS","Suite of Food Security Indicators","380","Italy","6121","Value","210041","Prevalence of undernourishment (percent) (3-year average)","20182020","2018-2020","%","<2.5","E","Estimated value",""
"FS","Suite of Food Security Indicators","380","Italy","6121","Value","210041","Prevalence of undernourishment (percent) (3-year average)","20192021","2019-2021","%","<2.5","E","Estimated value",""
"FS","Suite of Food Security Indicators","380","Italy","6121","Value","210041","Prevalence of undernourishment (percent) (3-year average)","20202022","2020-2022","%","<2.5","E","Estimated value",""
"FS","Suite of Food Security Indicators","380","Italy","6121","Value","210041","Prevalence of undernourishment (percent) (3-year average)","20212023","2021-2023","%","<2.5","E","Estimated value",""
"FS","Suite of Food Security Indicators","380","Italy","6121","Value","210041","Prevalence of undernourishment (percent) (3-year average)","20222024","2022-2024","%","<2.5","E","Estimated value",""
"FS","Suite of Food Security Indicators","388","Jamaica","6121","Value","210041","Prevalence of undernourishment (percent) (3-year average)","20002002","2000-2002","%","7.2","E","Estimated value",""
"FS","Suite of Food Security Indicators","388","Jamaica","6121","Value","210041","Prevalence of undernourishment (percent) (3-year average)","20012003","2001-2003","%","6.7","E","Estimated value",""
"FS","Suite of Food Security Indicators","388","Jamaica","6121","Value","210041","Prevalence of undernourishment (percent) (3-year average)","20022004","2002-2004","%","6.8","E","Estimated value",""
"FS","Suite of Food Security Indicators","388","Jamaica","6121","Value","210041","Prevalence of undernourishment (percent) (3-year average)","20032005","2003-2005","%","6.9","E","Estimated value",""
"FS","Suite of Food Security Indicators","388","Jamaica","6121","Value","210041","Prevalence of undernourishment (percent) (3-year average)","20042006","2004-2006","%","7.1","E","Estimated value",""
"FS","Suite of Food Security Indicators","388","Jamaica","6121","Value","210041","Prevalence of undernourishment (percent) (3-year average)","20052007","2005-2007","%","7.3","E","Estimated value",""
"FS","Suite of Food Security Indicators","388","Jamaica","6121","Value","210041","Prevalence of undernourishment (percent) (3-year average)","20062008","2006-2008","%","7.9","E","Estimated value",""
"FS","Suite of Food Security Indicators","388","Jamaica","6121","Value","210041","Prevalence of undernourishment (percent) (3-year average)","20072009","2007-2009","%","8.5","E","Estimated value",""
"FS","Suite of Food Security Indicators","388","Jamaica","6121","Value","210041","Prevalence of undernourishment (percent) (3-year average)","20082010","2008-2010","%","8.6","E","Estimated value",""
"FS","Suite of Food Security Indicators","388","Jamaica","6121","Value","210041","Prevalence of undernourishment (percent) (3-year average)","20092011","2009-2011","%","8.2","E","Estimated value",""
"FS","Suite of Food Security Indicators","388","Jamaica","6121","Value","210041","Prevalence of undernourishment (percent) (3-year average)","20102012","2010-2012","%","7.8","E","Estimated value",""
"FS","Suite of Food Security Indicators","388","Jamaica","6121","Value","210041","Prevalence of undernourishment (percent) (3-year average)","20112013","2011-2013","%","7.7","E","Estimated value",""
"FS","Suite of Food Security Indicators","388","Jamaica","6121","Value","210041","Prevalence of undernourishment (percent) (3-year average)","20122014","2012-2014","%","7.7","E","Estimated value",""
"FS","Suite of Food Security Indicators","388","Jamaica","6121","Value","210041","Prevalence of undernourishment (percent) (3-year average)","20132015","2013-2015","%","7.5","E","Estimated value",""
"FS","Suite of Food Security Indicators","388","Jamaica","6121","Value","210041","Prevalence of undernourishment (percent) (3-year average)","20142016","2014-2016","%","8","E","Estimated value",""
"FS","Suite of Food Security Indicators","388","Jamaica","6121","Value","210041","Prevalence of undernourishment (percent) (3-year average)","20152017","2015-2017","%","7.6","E","Estimated value",""
"FS","Suite of Food Security Indicators","388","Jamaica","6121","Value","210041","Prevalence of undernourishment (percent) (3-year average)","20162018","2016-2018","%","7.3","E","Estimated value",""
"FS","Suite of Food Security Indicators","388","Jamaica","6121","Value","210041","Prevalence of undernourishment (percent) (3-year average)","20172019","2017-2019","%","6.3","E","Estimated value",""
"FS","Suite of Food Security Indicators","388","Jamaica","6121","Value","210041","Prevalence of undernourishment (percent) (3-year average)","20182020","2018-2020","%","6.7","E","Estimated value",""
"FS","Suite of Food Security Indicators","388","Jamaica","6121","Value","210041","Prevalence of undernourishment (percent) (3-year average)","20192021","2019-2021","%","7","E","Estimated value",""
"FS","Suite of Food Security Indicators","388","Jamaica","6121","Value","210041","Prevalence of undernourishment (percent) (3-year average)","20202022","2020-2022","%","7.6","E","Estimated value",""
"FS","Suite of Food Security Indicators","388","Jamaica","6121","Value","210041","Prevalence of undernourishment (percent) (3-year average)","20212023","2021-2023","%","7.5","E","Estimated value",""
"FS","Suite of Food Security Indicators","388","Jamaica","6121","Value","210041","Prevalence of undernourishment (percent) (3-year average)","20222024","2022-2024","%","7.7","E","Estimated value",""
"FS","Suite of Food Security Indicators","392","Japan","6121","Value","210041","Prevalence of undernourishment (percent) (3-year average)","20002002","2000-2002","%","","O","Missing value",""
"FS","Suite of Food Security Indicators","392","Japan","6121","Value","210041","Prevalence of undernourishment (percent) (3-year average)","20012003","2001-2003","%","","O","Missing value",""
"FS","Suite of Food Security Indicators","392","Japan","6121","Value","210041","Prevalence of undernourishment (percent) (3-year average)","20022004","2002-2004","%","","O","Missing value",""
"FS","Suite of Food Security Indicators","392","Japan","6121","Value","210041","Prevalence of undernourishment (percent) (3-year average)","20032005","2003-2005","%","","O","Missing value",""
"FS","Suite of Food Security Indicators","392","Japan","6121","Value","210041","Prevalence of undernourishment (percent) (3-year average)","20042006","2004-2006","%","","O","Missing value",""
"FS","Suite of Food Security Indicators","392","Japan","6121","Value","210041","Prevalence of undernourishment (percent) (3-year average)","20052007","2005-2007","%","","O","Missing value",""
"FS","Suite of Food Security Indicators","392","Japan","6121","Value","210041","Prevalence of undernourishment (percent) (3-year average)","20062008","2006-2008","%","","O","Missing value",""
"FS","Suite of Food Security Indicators","392","Japan","6121","Value","210041","Prevalence of undernourishment (percent) (3-year average)","20072009","2007-2009","%","","O","Missing value",""
"FS","Suite of Food Security Indicators","392","Japan","6121","Value","210041","Prevalence of undernourishment (percent) (3-year average)","20082010","2008-2010","%","","O","Missing value",""
"FS","Suite of Food Security Indicators","392","Japan","6121","Value","210041","Prevalence of undernourishment (percent) (3-year average)","20092011","2009-2011","%","","O","Missing value",""
"FS","Suite of Food Security Indicators","392","Japan","6121","Value","210041","Prevalence of undernourishment (percent) (3-year average)","20102012","2010-2012","%","","O","Missing value",""
"FS","Suite of Food Security Indicators","392","Japan","6121","Value","210041","Prevalence of undernourishment (percent) (3-year average)","20112013","2011-2013","%","","O","Missing value",""
"FS","Suite of Food Security Indicators","392","Japan","6121","Value","210041","Prevalence of undernourishment (percent) (3-year average)","20122014","2012-2014","%","","O","Missing value",""
"FS","Suite of Food Security Indicators","392","Japan","6121","Value","210041","Prevalence of undernourishment (percent) (3-year average)","20132015","2013-2015","%","","O","Missing value",""
"FS","Suite of Food Security Indicators","392","Japan","6121","Value","210041","Prevalence of undernourishment (percent) (3-year average)","20142016","2014-2016","%","","O","Missing value",""
"FS","Suite of Food Security Indicators","392","Japan","6121","Value","210041","Prevalence of undernourishment (percent) (3-year average)","20152017","2015-2017","%","","O","Missing value",""
"FS","Suite of Food Security Indicators","392","Japan","6121","Value","210041","Prevalence of undernourishment (percent) (3-year average)","20162018","2016-2018","%","","O","Missing value",""
"FS","Suite of Food Security Indicators","392","Japan","6121","Value","210041","Prevalence of undernourishment (percent) (3-year average)","20172019","2017-2019","%","","O","Missing value",""
"FS","Suite of Food Security Indicators","392","Japan","6121","Value","210041","Prevalence of undernourishment (percent) (3-year average)","20182020","2018-2020","%","","O","Missing value",""
"FS","Suite of Food Security Indicators","392","Japan","6121","Value","210041","Prevalence of undernourishment (percent) (3-year average)","20192021","2019-2021","%","","O","Missing value",""
"FS","Suite of Food Security Indicators","392","Japan","6121","Value","210041","Prevalence of undernourishment (percent) (3-year average)","20202022","2020-2022","%","","O","Missing value",""
"FS","Suite of Food Security Indicators","392","Japan","6121","Value","210041","Prevalence of undernourishment (percent) (3-year average)","20212023","2021-2023","%","","O","Missing value",""
"FS","Suite of Food Security Indicators","392","Japan","6121","Value","210041","Prevalence of undernourishment (percent) (3-year average)","20222024","2022-2024","%","","O","Missing value",""
"FS","Suite of Food Security Indicators","400","Jordan","6121","Value","210041","Prevalence of undernourishment (percent) (3-year average)","20002002","2000-2002","%","9","E","Estimated value",""
"FS","Suite of Food Security Indicators","400","Jordan","6121","Value","210041","Prevalence of undernourishment (percent) (3-year average)","20012003","2001-2003","%","7.2","E","Estimated value",""
"FS","Suite of Food Security Indicators","400","Jordan","6121","Value","210041","Prevalence of undernourishment (percent) (3-year average)","20022004","2002-2004","%","6","E","Estimated value",""
"FS","Suite of Food Security Indicators","400","Jordan","6121","Value","210041","Prevalence of undernourishment (percent) (3-year average)","20032005","2003-2005","%","5.4","E","Estimated value",""
"FS","Suite of Food Security Indicators","400","Jordan","6121","Value","210041","Prevalence of undernourishment (percent) (3-year average)","20042006","2004-2006","%","5.4","E","Estimated value",""
"FS","Suite of Food Security Indicators","400","Jordan","6121","Value","210041","Prevalence of undernourishment (percent) (3-year average)","20052007","2005-2007","%","5.6","E","Estimated value",""
"FS","Suite of Food Security Indicators","400","Jordan","6121","Value","210041","Prevalence of undernourishment (percent) (3-year average)","20062008","2006-2008","%","6.1","E","Estimated value",""
"FS","Suite of Food Security Indicators","400","Jordan","6121","Value","210041","Prevalence of undernourishment (percent) (3-year average)","20072009","2007-2009","%","6.6","E","Estimated value",""
"FS","Suite of Food Security Indicators","400","Jordan","6121","Value","210041","Prevalence of undernourishment (percent) (3-year average)","20082010","2008-2010","%","7.5","E","Estimated value",""
"FS","Suite of Food Security Indicators","400","Jordan","6121","Value","210041","Prevalence of undernourishment (percent) (3-year average)","20092011","2009-2011","%","8.4","E","Estimated value",""
"FS","Suite of Food Security Indicators","400","Jordan","6121","Value","210041","Prevalence of undernourishment (percent) (3-year average)","20102012","2010-2012","%","9.1","E","Estimated value",""
"FS","Suite of Food Security Indicators","400","Jordan","6121","Value","210041","Prevalence of undernourishment (percent) (3-year average)","20112013","2011-2013","%","9.1","E","Estimated value",""
"FS","Suite of Food Security Indicators","400","Jordan","6121","Value","210041","Prevalence of undernourishment (percent) (3-year average)","20122014","2012-2014","%","8.2","E","Estimated value",""
"FS","Suite of Food Security Indicators","400","Jordan","6121","Value","210041","Prevalence of undernourishment (percent) (3-year average)","20132015","2013-2015","%","7.6","E","Estimated value",""
"FS","Suite of Food Security Indicators","400","Jordan","6121","Value","210041","Prevalence of undernourishment (percent) (3-year average)","20142016","2014-2016","%","7.4","E","Estimated value",""
"FS","Suite of Food Security Indicators","400","Jordan","6121","Value","210041","Prevalence of undernourishment (percent) (3-year average)","20152017","2015-2017","%","8","E","Estimated value",""
"FS","Suite of Food Security Indicators","400","Jordan","6121","Value","210041","Prevalence of undernourishment (percent) (3-year average)","20162018","2016-2018","%","9.2","E","Estimated value",""
"FS","Suite of Food Security Indicators","400","Jordan","6121","Value","210041","Prevalence of undernourishment (percent) (3-year average)","20172019","2017-2019","%","10.6","E","Estimated value",""
"FS","Suite of Food Security Indicators","400","Jordan","6121","Value","210041","Prevalence of undernourishment (percent) (3-year average)","20182020","2018-2020","%","12.8","E","Estimated value",""
"FS","Suite of Food Security Indicators","400","Jordan","6121","Value","210041","Prevalence of undernourishment (percent) (3-year average)","20192021","2019-2021","%","15.2","E","Estimated value",""
"FS","Suite of Food Security Indicators","400","Jordan","6121","Value","210041","Prevalence of undernourishment (percent) (3-year average)","20202022","2020-2022","%","15.4","E","Estimated value",""
"FS","Suite of Food Security Indicators","400","Jordan","6121","Value","210041","Prevalence of undernourishment (percent) (3-year average)","20212023","2021-2023","%","15.1","E","Estimated value",""
"FS","Suite of Food Security Indicators","400","Jordan","6121","Value","210041","Prevalence of undernourishment (percent) (3-year average)","20222024","2022-2024","%","14.3","E","Estimated value",""
"FS","Suite of Food Security Indicators","398","Kazakhstan","6121","Value","210041","Prevalence of undernourishment (percent) (3-year average)","20002002","2000-2002","%","6.5","E","Estimated value",""
"FS","Suite of Food Security Indicators","398","Kazakhstan","6121","Value","210041","Prevalence of undernourishment (percent) (3-year average)","20012003","2001-2003","%","6.6","E","Estimated value",""
"FS","Suite of Food Security Indicators","398","Kazakhstan","6121","Value","210041","Prevalence of undernourishment (percent) (3-year average)","20022004","2002-2004","%","7.1","E","Estimated value",""
"FS","Suite of Food Security Indicators","398","Kazakhstan","6121","Value","210041","Prevalence of undernourishment (percent) (3-year average)","20032005","2003-2005","%","7.4","E","Estimated value",""
"FS","Suite of Food Security Indicators","398","Kazakhstan","6121","Value","210041","Prevalence of undernourishment (percent) (3-year average)","20042006","2004-2006","%","7.3","E","Estimated value",""
"FS","Suite of Food Security Indicators","398","Kazakhstan","6121","Value","210041","Prevalence of undernourishment (percent) (3-year average)","20052007","2005-2007","%","6.3","E","Estimated value",""
"FS","Suite of Food Security Indicators","398","Kazakhstan","6121","Value","210041","Prevalence of undernourishment (percent) (3-year average)","20062008","2006-2008","%","5","E","Estimated value",""
"FS","Suite of Food Security Indicators","398","Kazakhstan","6121","Value","210041","Prevalence of undernourishment (percent) (3-year average)","20072009","2007-2009","%","4.2","E","Estimated value",""
"FS","Suite of Food Security Indicators","398","Kazakhstan","6121","Value","210041","Prevalence of undernourishment (percent) (3-year average)","20082010","2008-2010","%","3.8","E","Estimated value",""
"FS","Suite of Food Security Indicators","398","Kazakhstan","6121","Value","210041","Prevalence of undernourishment (percent) (3-year average)","20092011","2009-2011","%","3.4","E","Estimated value",""
"FS","Suite of Food Security Indicators","398","Kazakhstan","6121","Value","210041","Prevalence of undernourishment (percent) (3-year average)","20102012","2010-2012","%","3","E","Estimated value",""
"FS","Suite of Food Security Indicators","398","Kazakhstan","6121","Value","210041","Prevalence of undernourishment (percent) (3-year average)","20112013","2011-2013","%","2.6","E","Estimated value",""
"FS","Suite of Food Security Indicators","398","Kazakhstan","6121","Value","210041","Prevalence of undernourishment (percent) (3-year average)","20122014","2012-2014","%","2.5","E","Estimated value",""
"FS","Suite of Food Security Indicators","398","Kazakhstan","6121","Value","210041","Prevalence of undernourishment (percent) (3-year average)","20132015","2013-2015","%","<2.5","E","Estimated value",""
"FS","Suite of Food Security Indicators","398","Kazakhstan","6121","Value","210041","Prevalence of undernourishment (percent) (3-year average)","20142016","2014-2016","%","<2.5","E","Estimated value",""
"FS","Suite of Food Security Indicators","398","Kazakhstan","6121","Value","210041","Prevalence of undernourishment (percent) (3-year average)","20152017","2015-2017","%","<2.5","E","Estimated value",""
"FS","Suite of Food Security Indicators","398","Kazakhstan","6121","Value","210041","Prevalence of undernourishment (percent) (3-year average)","20162018","2016-2018","%","<2.5","E","Estimated value",""
"FS","Suite of Food Security Indicators","398","Kazakhstan","6121","Value","210041","Prevalence of undernourishment (percent) (3-year average)","20172019","2017-2019","%","<2.5","E","Estimated value",""
"FS","Suite of Food Security Indicators","398","Kazakhstan","6121","Value","210041","Prevalence of undernourishment (percent) (3-year average)","20182020","2018-2020","%","<2.5","E","Estimated value",""
"FS","Suite of Food Security Indicators","398","Kazakhstan","6121","Value","210041","Prevalence of undernourishment (percent) (3-year average)","20192021","2019-2021","%","<2.5","E","Estimated value",""
"FS","Suite of Food Security Indicators","398","Kazakhstan","6121","Value","210041","Prevalence of undernourishment (percent) (3-year average)","20202022","2020-2022","%","<2.5","E","Estimated value",""
"FS","Suite of Food Security Indicators","398","Kazakhstan","6121","Value","210041","Prevalence of undernourishment (percent) (3-year average)","20212023","2021-2023","%","<2.5","E","Estimated value",""
"FS","Suite of Food Security Indicators","398","Kazakhstan","6121","Value","210041","Prevalence of undernourishment (percent) (3-year average)","20222024","2022-2024","%","<2.5","E","Estimated value",""
"FS","Suite of Food Security Indicators","404","Kenya","6121","Value","210041","Prevalence of undernourishment (percent) (3-year average)","20002002","2000-2002","%","31.8","E","Estimated value",""
"FS","Suite of Food Security Indicators","404","Kenya","6121","Value","210041","Prevalence of undernourishment (percent) (3-year average)","20012003","2001-2003","%","33.3","E","Estimated value",""
"FS","Suite of Food Security Indicators","404","Kenya","6121","Value","210041","Prevalence of undernourishment (percent) (3-year average)","20022004","2002-2004","%","34.5","E","Estimated value",""
"FS","Suite of Food Security Indicators","404","Kenya","6121","Value","210041","Prevalence of undernourishment (percent) (3-year average)","20032005","2003-2005","%","31.6","E","Estimated value",""
"FS","Suite of Food Security Indicators","404","Kenya","6121","Value","210041","Prevalence of undernourishment (percent) (3-year average)","20042006","2004-2006","%","28","E","Estimated value",""
"FS","Suite of Food Security Indicators","404","Kenya","6121","Value","210041","Prevalence of undernourishment (percent) (3-year average)","20052007","2005-2007","%","25.8","E","Estimated value",""
"FS","Suite of Food Security Indicators","404","Kenya","6121","Value","210041","Prevalence of undernourishment (percent) (3-year average)","20062008","2006-2008","%","26.8","E","Estimated value",""
"FS","Suite of Food Security Indicators","404","Kenya","6121","Value","210041","Prevalence of undernourishment (percent) (3-year average)","20072009","2007-2009","%","26.7","E","Estimated value",""
"FS","Suite of Food Security Indicators","404","Kenya","6121","Value","210041","Prevalence of undernourishment (percent) (3-year average)","20082010","2008-2010","%","24.3","E","Estimated value",""
"FS","Suite of Food Security Indicators","404","Kenya","6121","Value","210041","Prevalence of undernourishment (percent) (3-year average)","20092011","2009-2011","%","21.7","E","Estimated value",""
"FS","Suite of Food Security Indicators","404","Kenya","6121","Value","210041","Prevalence of undernourishment (percent) (3-year average)","20102012","2010-2012","%","19.9","E","Estimated value",""
"FS","Suite of Food Security Indicators","404","Kenya","6121","Value","210041","Prevalence of undernourishment (percent) (3-year average)","20112013","2011-2013","%","19.1","E","Estimated value",""
"FS","Suite of Food Security Indicators","404","Kenya","6121","Value","210041","Prevalence of undernourishment (percent) (3-year average)","20122014","2012-2014","%","18.9","E","Estimated value",""
"FS","Suite of Food Security Indicators","404","Kenya","6121","Value","210041","Prevalence of undernourishment (percent) (3-year average)","20132015","2013-2015","%","19","E","Estimated value",""
"FS","Suite of Food Security Indicators","404","Kenya","6121","Value","210041","Prevalence of undernourishment (percent) (3-year average)","20142016","2014-2016","%","20.8","E","Estimated value",""
"FS","Suite of Food Security Indicators","404","Kenya","6121","Value","210041","Prevalence of undernourishment (percent) (3-year average)","20152017","2015-2017","%","22.2","E","Estimated value",""
"FS","Suite of Food Security Indicators","404","Kenya","6121","Value","210041","Prevalence of undernourishment (percent) (3-year average)","20162018","2016-2018","%","23.6","E","Estimated value",""
"FS","Suite of Food Security Indicators","404","Kenya","6121","Value","210041","Prevalence of undernourishment (percent) (3-year average)","20172019","2017-2019","%","22.9","E","Estimated value",""
"FS","Suite of Food Security Indicators","404","Kenya","6121","Value","210041","Prevalence of undernourishment (percent) (3-year average)","20182020","2018-2020","%","23.7","E","Estimated value",""
"FS","Suite of Food Security Indicators","404","Kenya","6121","Value","210041","Prevalence of undernourishment (percent) (3-year average)","20192021","2019-2021","%","26.3","E","Estimated value",""
"FS","Suite of Food Security Indicators","404","Kenya","6121","Value","210041","Prevalence of undernourishment (percent) (3-year average)","20202022","2020-2022","%","31.6","E","Estimated value",""
"FS","Suite of Food Security Indicators","404","Kenya","6121","Value","210041","Prevalence of undernourishment (percent) (3-year average)","20212023","2021-2023","%","35.3","E","Estimated value",""
"FS","Suite of Food Security Indicators","404","Kenya","6121","Value","210041","Prevalence of undernourishment (percent) (3-year average)","20222024","2022-2024","%","36.8","E","Estimated value",""
"FS","Suite of Food Security Indicators","296","Kiribati","6121","Value","210041","Prevalence of undernourishment (percent) (3-year average)","20002002","2000-2002","%","4.3","E","Estimated value",""
"FS","Suite of Food Security Indicators","296","Kiribati","6121","Value","210041","Prevalence of undernourishment (percent) (3-year average)","20012003","2001-2003","%","4.4","E","Estimated value",""
"FS","Suite of Food Security Indicators","296","Kiribati","6121","Value","210041","Prevalence of undernourishment (percent) (3-year average)","20022004","2002-2004","%","4.6","E","Estimated value",""
"FS","Suite of Food Security Indicators","296","Kiribati","6121","Value","210041","Prevalence of undernourishment (percent) (3-year average)","20032005","2003-2005","%","4.6","E","Estimated value",""
"FS","Suite of Food Security Indicators","296","Kiribati","6121","Value","210041","Prevalence of undernourishment (percent) (3-year average)","20042006","2004-2006","%","4.5","E","Estimated value",""
"FS","Suite of Food Security Indicators","296","Kiribati","6121","Value","210041","Prevalence of undernourishment (percent) (3-year average)","20052007","2005-2007","%","4.4","E","Estimated value",""
"FS","Suite of Food Security Indicators","296","Kiribati","6121","Value","210041","Prevalence of undernourishment (percent) (3-year average)","20062008","2006-2008","%","4.3","E","Estimated value",""
"FS","Suite of Food Security Indicators","296","Kiribati","6121","Value","210041","Prevalence of undernourishment (percent) (3-year average)","20072009","2007-2009","%","4.1","E","Estimated value",""
"FS","Suite of Food Security Indicators","296","Kiribati","6121","Value","210041","Prevalence of undernourishment (percent) (3-year average)","20082010","2008-2010","%","4","E","Estimated value",""
"FS","Suite of Food Security Indicators","296","Kiribati","6121","Value","210041","Prevalence of undernourishment (percent) (3-year average)","20092011","2009-2011","%","3.7","E","Estimated value",""
"FS","Suite of Food Security Indicators","296","Kiribati","6121","Value","210041","Prevalence of undernourishment (percent) (3-year average)","20102012","2010-2012","%","3.4","E","Estimated value",""
"FS","Suite of Food Security Indicators","296","Kiribati","6121","Value","210041","Prevalence of undernourishment (percent) (3-year average)","20112013","2011-2013","%","3.2","E","Estimated value",""
"FS","Suite of Food Security Indicators","296","Kiribati","6121","Value","210041","Prevalence of undernourishment (percent) (3-year average)","20122014","2012-2014","%","3.1","E","Estimated value",""
"FS","Suite of Food Security Indicators","296","Kiribati","6121","Value","210041","Prevalence of undernourishment (percent) (3-year average)","20132015","2013-2015","%","3","E","Estimated value",""
"FS","Suite of Food Security Indicators","296","Kiribati","6121","Value","210041","Prevalence of undernourishment (percent) (3-year average)","20142016","2014-2016","%","3","E","Estimated value",""
"FS","Suite of Food Security Indicators","296","Kiribati","6121","Value","210041","Prevalence of undernourishment (percent) (3-year average)","20152017","2015-2017","%","3.1","E","Estimated value",""
"FS","Suite of Food Security Indicators","296","Kiribati","6121","Value","210041","Prevalence of undernourishment (percent) (3-year average)","20162018","2016-2018","%","3.2","E","Estimated value",""
"FS","Suite of Food Security Indicators","296","Kiribati","6121","Value","210041","Prevalence of undernourishment (percent) (3-year average)","20172019","2017-2019","%","3.6","E","Estimated value",""
"FS","Suite of Food Security Indicators","296","Kiribati","6121","Value","210041","Prevalence of undernourishment (percent) (3-year average)","20182020","2018-2020","%","4.1","E","Estimated value",""
"FS","Suite of Food Security Indicators","296","Kiribati","6121","Value","210041","Prevalence of undernourishment (percent) (3-year average)","20192021","2019-2021","%","4.5","E","Estimated value",""
"FS","Suite of Food Security Indicators","296","Kiribati","6121","Value","210041","Prevalence of undernourishment (percent) (3-year average)","20202022","2020-2022","%","4.6","E","Estimated value",""
"FS","Suite of Food Security Indicators","296","Kiribati","6121","Value","210041","Prevalence of undernourishment (percent) (3-year average)","20212023","2021-2023","%","4.5","E","Estimated value",""
"FS","Suite of Food Security Indicators","296","Kiribati","6121","Value","210041","Prevalence of undernourishment (percent) (3-year average)","20222024","2022-2024","%","4.1","E","Estimated value",""
"FS","Suite of Food Security Indicators","414","Kuwait","6121","Value","210041","Prevalence of undernourishment (percent) (3-year average)","20002002","2000-2002","%","<2.5","E","Estimated value",""
"FS","Suite of Food Security Indicators","414","Kuwait","6121","Value","210041","Prevalence of undernourishment (percent) (3-year average)","20012003","2001-2003","%","<2.5","E","Estimated value",""
"FS","Suite of Food Security Indicators","414","Kuwait","6121","Value","210041","Prevalence of undernourishment (percent) (3-year average)","20022004","2002-2004","%","<2.5","E","Estimated value",""
"FS","Suite of Food Security Indicators","414","Kuwait","6121","Value","210041","Prevalence of undernourishment (percent) (3-year average)","20032005","2003-2005","%","<2.5","E","Estimated value",""
"FS","Suite of Food Security Indicators","414","Kuwait","6121","Value","210041","Prevalence of undernourishment (percent) (3-year average)","20042006","2004-2006","%","<2.5","E","Estimated value",""
"FS","Suite of Food Security Indicators","414","Kuwait","6121","Value","210041","Prevalence of undernourishment (percent) (3-year average)","20052007","2005-2007","%","<2.5","E","Estimated value",""
"FS","Suite of Food Security Indicators","414","Kuwait","6121","Value","210041","Prevalence of undernourishment (percent) (3-year average)","20062008","2006-2008","%","<2.5","E","Estimated value",""
"FS","Suite of Food Security Indicators","414","Kuwait","6121","Value","210041","Prevalence of undernourishment (percent) (3-year average)","20072009","2007-2009","%","<2.5","E","Estimated value",""
"FS","Suite of Food Security Indicators","414","Kuwait","6121","Value","210041","Prevalence of undernourishment (percent) (3-year average)","20082010","2008-2010","%","<2.5","E","Estimated value",""
"FS","Suite of Food Security Indicators","414","Kuwait","6121","Value","210041","Prevalence of undernourishment (percent) (3-year average)","20092011","2009-2011","%","<2.5","E","Estimated value",""
"FS","Suite of Food Security Indicators","414","Kuwait","6121","Value","210041","Prevalence of undernourishment (percent) (3-year average)","20102012","2010-2012","%","<2.5","E","Estimated value",""
"FS","Suite of Food Security Indicators","414","Kuwait","6121","Value","210041","Prevalence of undernourishment (percent) (3-year average)","20112013","2011-2013","%","<2.5","E","Estimated value",""
"FS","Suite of Food Security Indicators","414","Kuwait","6121","Value","210041","Prevalence of undernourishment (percent) (3-year average)","20122014","2012-2014","%","<2.5","E","Estimated value",""
"FS","Suite of Food Security Indicators","414","Kuwait","6121","Value","210041","Prevalence of undernourishment (percent) (3-year average)","20132015","2013-2015","%","<2.5","E","Estimated value",""
"FS","Suite of Food Security Indicators","414","Kuwait","6121","Value","210041","Prevalence of undernourishment (percent) (3-year average)","20142016","2014-2016","%","<2.5","E","Estimated value",""
"FS","Suite of Food Security Indicators","414","Kuwait","6121","Value","210041","Prevalence of undernourishment (percent) (3-year average)","20152017","2015-2017","%","<2.5","E","Estimated value",""
"FS","Suite of Food Security Indicators","414","Kuwait","6121","Value","210041","Prevalence of undernourishment (percent) (3-year average)","20162018","2016-2018","%","<2.5","E","Estimated value",""
"FS","Suite of Food Security Indicators","414","Kuwait","6121","Value","210041","Prevalence of undernourishment (percent) (3-year average)","20172019","2017-2019","%","<2.5","E","Estimated value",""
"FS","Suite of Food Security Indicators","414","Kuwait","6121","Value","210041","Prevalence of undernourishment (percent) (3-year average)","20182020","2018-2020","%","<2.5","E","Estimated value",""
"FS","Suite of Food Security Indicators","414","Kuwait","6121","Value","210041","Prevalence of undernourishment (percent) (3-year average)","20192021","2019-2021","%","<2.5","E","Estimated value",""
"FS","Suite of Food Security Indicators","414","Kuwait","6121","Value","210041","Prevalence of undernourishment (percent) (3-year average)","20202022","2020-2022","%","<2.5","E","Estimated value",""
"FS","Suite of Food Security Indicators","414","Kuwait","6121","Value","210041","Prevalence of undernourishment (percent) (3-year average)","20212023","2021-2023","%","<2.5","E","Estimated value",""
"FS","Suite of Food Security Indicators","414","Kuwait","6121","Value","210041","Prevalence of undernourishment (percent) (3-year average)","20222024","2022-2024","%","<2.5","E","Estimated value",""
"FS","Suite of Food Security Indicators","417","Kyrgyzstan","6121","Value","210041","Prevalence of undernourishment (percent) (3-year average)","20002002","2000-2002","%","12.9","E","Estimated value",""
"FS","Suite of Food Security Indicators","417","Kyrgyzstan","6121","Value","210041","Prevalence of undernourishment (percent) (3-year average)","20012003","2001-2003","%","11","E","Estimated value",""
"FS","Suite of Food Security Indicators","417","Kyrgyzstan","6121","Value","210041","Prevalence of undernourishment (percent) (3-year average)","20022004","2002-2004","%","8.9","E","Estimated value",""
"FS","Suite of Food Security Indicators","417","Kyrgyzstan","6121","Value","210041","Prevalence of undernourishment (percent) (3-year average)","20032005","2003-2005","%","7.2","E","Estimated value",""
"FS","Suite of Food Security Indicators","417","Kyrgyzstan","6121","Value","210041","Prevalence of undernourishment (percent) (3-year average)","20042006","2004-2006","%","7.3","E","Estimated value",""
"FS","Suite of Food Security Indicators","417","Kyrgyzstan","6121","Value","210041","Prevalence of undernourishment (percent) (3-year average)","20052007","2005-2007","%","8","E","Estimated value",""
"FS","Suite of Food Security Indicators","417","Kyrgyzstan","6121","Value","210041","Prevalence of undernourishment (percent) (3-year average)","20062008","2006-2008","%","8.9","E","Estimated value",""
"FS","Suite of Food Security Indicators","417","Kyrgyzstan","6121","Value","210041","Prevalence of undernourishment (percent) (3-year average)","20072009","2007-2009","%","8.6","E","Estimated value",""
"FS","Suite of Food Security Indicators","417","Kyrgyzstan","6121","Value","210041","Prevalence of undernourishment (percent) (3-year average)","20082010","2008-2010","%","8.4","E","Estimated value",""
"FS","Suite of Food Security Indicators","417","Kyrgyzstan","6121","Value","210041","Prevalence of undernourishment (percent) (3-year average)","20092011","2009-2011","%","7.7","E","Estimated value",""
"FS","Suite of Food Security Indicators","417","Kyrgyzstan","6121","Value","210041","Prevalence of undernourishment (percent) (3-year average)","20102012","2010-2012","%","7.1","E","Estimated value",""
"FS","Suite of Food Security Indicators","417","Kyrgyzstan","6121","Value","210041","Prevalence of undernourishment (percent) (3-year average)","20112013","2011-2013","%","6.4","E","Estimated value",""
"FS","Suite of Food Security Indicators","417","Kyrgyzstan","6121","Value","210041","Prevalence of undernourishment (percent) (3-year average)","20122014","2012-2014","%","6.1","E","Estimated value",""
"FS","Suite of Food Security Indicators","417","Kyrgyzstan","6121","Value","210041","Prevalence of undernourishment (percent) (3-year average)","20132015","2013-2015","%","5.9","E","Estimated value",""
"FS","Suite of Food Security Indicators","417","Kyrgyzstan","6121","Value","210041","Prevalence of undernourishment (percent) (3-year average)","20142016","2014-2016","%","6.1","E","Estimated value",""
"FS","Suite of Food Security Indicators","417","Kyrgyzstan","6121","Value","210041","Prevalence of undernourishment (percent) (3-year average)","20152017","2015-2017","%","5.9","E","Estimated value",""
"FS","Suite of Food Security Indicators","417","Kyrgyzstan","6121","Value","210041","Prevalence of undernourishment (percent) (3-year average)","20162018","2016-2018","%","5.5","E","Estimated value",""
"FS","Suite of Food Security Indicators","417","Kyrgyzstan","6121","Value","210041","Prevalence of undernourishment (percent) (3-year average)","20172019","2017-2019","%","5","E","Estimated value",""
"FS","Suite of Food Security Indicators","417","Kyrgyzstan","6121","Value","210041","Prevalence of undernourishment (percent) (3-year average)","20182020","2018-2020","%","4.9","E","Estimated value",""
"FS","Suite of Food Security Indicators","417","Kyrgyzstan","6121","Value","210041","Prevalence of undernourishment (percent) (3-year average)","20192021","2019-2021","%","5.2","E","Estimated value",""
"FS","Suite of Food Security Indicators","417","Kyrgyzstan","6121","Value","210041","Prevalence of undernourishment (percent) (3-year average)","20202022","2020-2022","%","5.3","E","Estimated value",""
"FS","Suite of Food Security Indicators","417","Kyrgyzstan","6121","Value","210041","Prevalence of undernourishment (percent) (3-year average)","20212023","2021-2023","%","5.2","E","Estimated value",""
"FS","Suite of Food Security Indicators","417","Kyrgyzstan","6121","Value","210041","Prevalence of undernourishment (percent) (3-year average)","20222024","2022-2024","%","5.1","E","Estimated value",""
"FS","Suite of Food Security Indicators","418","Lao People's Democratic Republic","6121","Value","210041","Prevalence of undernourishment (percent) (3-year average)","20002002","2000-2002","%","","O","Missing value",""
"FS","Suite of Food Security Indicators","418","Lao People's Democratic Republic","6121","Value","210041","Prevalence of undernourishment (percent) (3-year average)","20012003","2001-2003","%","","O","Missing value",""
"FS","Suite of Food Security Indicators","418","Lao People's Democratic Republic","6121","Value","210041","Prevalence of undernourishment (percent) (3-year average)","20022004","2002-2004","%","","O","Missing value",""
"FS","Suite of Food Security Indicators","418","Lao People's Democratic Republic","6121","Value","210041","Prevalence of undernourishment (percent) (3-year average)","20032005","2003-2005","%","","O","Missing value",""
"FS","Suite of Food Security Indicators","418","Lao People's Democratic Republic","6121","Value","210041","Prevalence of undernourishment (percent) (3-year average)","20042006","2004-2006","%","","O","Missing value",""
"FS","Suite of Food Security Indicators","418","Lao People's Democratic Republic","6121","Value","210041","Prevalence of undernourishment (percent) (3-year average)","20052007","2005-2007","%","","O","Missing value",""
"FS","Suite of Food Security Indicators","418","Lao People's Democratic Republic","6121","Value","210041","Prevalence of undernourishment (percent) (3-year average)","20062008","2006-2008","%","","O","Missing value",""
"FS","Suite of Food Security Indicators","418","Lao People's Democratic Republic","6121","Value","210041","Prevalence of undernourishment (percent) (3-year average)","20072009","2007-2009","%","","O","Missing value",""
"FS","Suite of Food Security Indicators","418","Lao People's Democratic Republic","6121","Value","210041","Prevalence of undernourishment (percent) (3-year average)","20082010","2008-2010","%","","O","Missing value",""
"FS","Suite of Food Security Indicators","418","Lao People's Democratic Republic","6121","Value","210041","Prevalence of undernourishment (percent) (3-year average)","20092011","2009-2011","%","","O","Missing value",""
"FS","Suite of Food Security Indicators","418","Lao People's Democratic Republic","6121","Value","210041","Prevalence of undernourishment (percent) (3-year average)","20102012","2010-2012","%","","O","Missing value",""
"FS","Suite of Food Security Indicators","418","Lao People's Democratic Republic","6121","Value","210041","Prevalence of undernourishment (percent) (3-year average)","20112013","2011-2013","%","","O","Missing value",""
"FS","Suite of Food Security Indicators","418","Lao People's Democratic Republic","6121","Value","210041","Prevalence of undernourishment (percent) (3-year average)","20122014","2012-2014","%","","O","Missing value",""
"FS","Suite of Food Security Indicators","418","Lao People's Democratic Republic","6121","Value","210041","Prevalence of undernourishment (percent) (3-year average)","20132015","2013-2015","%","","O","Missing value",""
"FS","Suite of Food Security Indicators","418","Lao People's Democratic Republic","6121","Value","210041","Prevalence of undernourishment (percent) (3-year average)","20142016","2014-2016","%","","O","Missing value",""
"FS","Suite of Food Security Indicators","418","Lao People's Democratic Republic","6121","Value","210041","Prevalence of undernourishment (percent) (3-year average)","20152017","2015-2017","%","","O","Missing value",""
"FS","Suite of Food Security Indicators","418","Lao People's Democratic Republic","6121","Value","210041","Prevalence of undernourishment (percent) (3-year average)","20162018","2016-2018","%","","O","Missing value",""
"FS","Suite of Food Security Indicators","418","Lao People's Democratic Republic","6121","Value","210041","Prevalence of undernourishment (percent) (3-year average)","20172019","2017-2019","%","","O","Missing value",""
"FS","Suite of Food Security Indicators","418","Lao People's Democratic Republic","6121","Value","210041","Prevalence of undernourishment (percent) (3-year average)","20182020","2018-2020","%","","O","Missing value",""
"FS","Suite of Food Security Indicators","418","Lao People's Democratic Republic","6121","Value","210041","Prevalence of undernourishment (percent) (3-year average)","20192021","2019-2021","%","","O","Missing value",""
"FS","Suite of Food Security Indicators","418","Lao People's Democratic Republic","6121","Value","210041","Prevalence of undernourishment (percent) (3-year average)","20202022","2020-2022","%","","O","Missing value",""
"FS","Suite of Food Security Indicators","418","Lao People's Democratic Republic","6121","Value","210041","Prevalence of undernourishment (percent) (3-year average)","20212023","2021-2023","%","","O","Missing value",""
"FS","Suite of Food Security Indicators","418","Lao People's Democratic Republic","6121","Value","210041","Prevalence of undernourishment (percent) (3-year average)","20222024","2022-2024","%","","O","Missing value",""
"FS","Suite of Food Security Indicators","428","Latvia","6121","Value","210041","Prevalence of undernourishment (percent) (3-year average)","20002002","2000-2002","%","5.2","E","Estimated value",""
"FS","Suite of Food Security Indicators","428","Latvia","6121","Value","210041","Prevalence of undernourishment (percent) (3-year average)","20012003","2001-2003","%","3.7","E","Estimated value",""
"FS","Suite of Food Security Indicators","428","Latvia","6121","Value","210041","Prevalence of undernourishment (percent) (3-year average)","20022004","2002-2004","%","3","E","Estimated value",""
"FS","Suite of Food Security Indicators","428","Latvia","6121","Value","210041","Prevalence of undernourishment (percent) (3-year average)","20032005","2003-2005","%","2.5","E","Estimated value",""
"FS","Suite of Food Security Indicators","428","Latvia","6121","Value","210041","Prevalence of undernourishment (percent) (3-year average)","20042006","2004-2006","%","<2.5","E","Estimated value",""
"FS","Suite of Food Security Indicators","428","Latvia","6121","Value","210041","Prevalence of undernourishment (percent) (3-year average)","20052007","2005-2007","%","<2.5","E","Estimated value",""
"FS","Suite of Food Security Indicators","428","Latvia","6121","Value","210041","Prevalence of undernourishment (percent) (3-year average)","20062008","2006-2008","%","<2.5","E","Estimated value",""
"FS","Suite of Food Security Indicators","428","Latvia","6121","Value","210041","Prevalence of undernourishment (percent) (3-year average)","20072009","2007-2009","%","<2.5","E","Estimated value",""
"FS","Suite of Food Security Indicators","428","Latvia","6121","Value","210041","Prevalence of undernourishment (percent) (3-year average)","20082010","2008-2010","%","<2.5","E","Estimated value",""
"FS","Suite of Food Security Indicators","428","Latvia","6121","Value","210041","Prevalence of undernourishment (percent) (3-year average)","20092011","2009-2011","%","<2.5","E","Estimated value",""
"FS","Suite of Food Security Indicators","428","Latvia","6121","Value","210041","Prevalence of undernourishment (percent) (3-year average)","20102012","2010-2012","%","<2.5","E","Estimated value",""
"FS","Suite of Food Security Indicators","428","Latvia","6121","Value","210041","Prevalence of undernourishment (percent) (3-year average)","20112013","2011-2013","%","<2.5","E","Estimated value",""
"FS","Suite of Food Security Indicators","428","Latvia","6121","Value","210041","Prevalence of undernourishment (percent) (3-year average)","20122014","2012-2014","%","<2.5","E","Estimated value",""
"FS","Suite of Food Security Indicators","428","Latvia","6121","Value","210041","Prevalence of undernourishment (percent) (3-year average)","20132015","2013-2015","%","<2.5","E","Estimated value",""
"FS","Suite of Food Security Indicators","428","Latvia","6121","Value","210041","Prevalence of undernourishment (percent) (3-year average)","20142016","2014-2016","%","<2.5","E","Estimated value",""
"FS","Suite of Food Security Indicators","428","Latvia","6121","Value","210041","Prevalence of undernourishment (percent) (3-year average)","20152017","2015-2017","%","<2.5","E","Estimated value",""
"FS","Suite of Food Security Indicators","428","Latvia","6121","Value","210041","Prevalence of undernourishment (percent) (3-year average)","20162018","2016-2018","%","<2.5","E","Estimated value",""
"FS","Suite of Food Security Indicators","428","Latvia","6121","Value","210041","Prevalence of undernourishment (percent) (3-year average)","20172019","2017-2019","%","<2.5","E","Estimated value",""
"FS","Suite of Food Security Indicators","428","Latvia","6121","Value","210041","Prevalence of undernourishment (percent) (3-year average)","20182020","2018-2020","%","<2.5","E","Estimated value",""
"FS","Suite of Food Security Indicators","428","Latvia","6121","Value","210041","Prevalence of undernourishment (percent) (3-year average)","20192021","2019-2021","%","<2.5","E","Estimated value",""
"FS","Suite of Food Security Indicators","428","Latvia","6121","Value","210041","Prevalence of undernourishment (percent) (3-year average)","20202022","2020-2022","%","<2.5","E","Estimated value",""
"FS","Suite of Food Security Indicators","428","Latvia","6121","Value","210041","Prevalence of undernourishment (percent) (3-year average)","20212023","2021-2023","%","<2.5","E","Estimated value",""
"FS","Suite of Food Security Indicators","428","Latvia","6121","Value","210041","Prevalence of undernourishment (percent) (3-year average)","20222024","2022-2024","%","<2.5","E","Estimated value",""
"FS","Suite of Food Security Indicators","422","Lebanon","6121","Value","210041","Prevalence of undernourishment (percent) (3-year average)","20002002","2000-2002","%","7.4","E","Estimated value",""
"FS","Suite of Food Security Indicators","422","Lebanon","6121","Value","210041","Prevalence of undernourishment (percent) (3-year average)","20012003","2001-2003","%","8.1","E","Estimated value",""
"FS","Suite of Food Security Indicators","422","Lebanon","6121","Value","210041","Prevalence of undernourishment (percent) (3-year average)","20022004","2002-2004","%","8.5","E","Estimated value",""
"FS","Suite of Food Security Indicators","422","Lebanon","6121","Value","210041","Prevalence of undernourishment (percent) (3-year average)","20032005","2003-2005","%","8.2","E","Estimated value",""
"FS","Suite of Food Security Indicators","422","Lebanon","6121","Value","210041","Prevalence of undernourishment (percent) (3-year average)","20042006","2004-2006","%","7.1","E","Estimated value",""
"FS","Suite of Food Security Indicators","422","Lebanon","6121","Value","210041","Prevalence of undernourishment (percent) (3-year average)","20052007","2005-2007","%","6.2","E","Estimated value",""
"FS","Suite of Food Security Indicators","422","Lebanon","6121","Value","210041","Prevalence of undernourishment (percent) (3-year average)","20062008","2006-2008","%","5.4","E","Estimated value",""
"FS","Suite of Food Security Indicators","422","Lebanon","6121","Value","210041","Prevalence of undernourishment (percent) (3-year average)","20072009","2007-2009","%","4.7","E","Estimated value",""
"FS","Suite of Food Security Indicators","422","Lebanon","6121","Value","210041","Prevalence of undernourishment (percent) (3-year average)","20082010","2008-2010","%","4.1","E","Estimated value",""
"FS","Suite of Food Security Indicators","422","Lebanon","6121","Value","210041","Prevalence of undernourishment (percent) (3-year average)","20092011","2009-2011","%","3.9","E","Estimated value",""
"FS","Suite of Food Security Indicators","422","Lebanon","6121","Value","210041","Prevalence of undernourishment (percent) (3-year average)","20102012","2010-2012","%","3.9","E","Estimated value",""
"FS","Suite of Food Security Indicators","422","Lebanon","6121","Value","210041","Prevalence of undernourishment (percent) (3-year average)","20112013","2011-2013","%","4.4","E","Estimated value",""
"FS","Suite of Food Security Indicators","422","Lebanon","6121","Value","210041","Prevalence of undernourishment (percent) (3-year average)","20122014","2012-2014","%","4.8","E","Estimated value",""
"FS","Suite of Food Security Indicators","422","Lebanon","6121","Value","210041","Prevalence of undernourishment (percent) (3-year average)","20132015","2013-2015","%","5.3","E","Estimated value",""
"FS","Suite of Food Security Indicators","422","Lebanon","6121","Value","210041","Prevalence of undernourishment (percent) (3-year average)","20142016","2014-2016","%","5.6","E","Estimated value",""
"FS","Suite of Food Security Indicators","422","Lebanon","6121","Value","210041","Prevalence of undernourishment (percent) (3-year average)","20152017","2015-2017","%","5.7","E","Estimated value",""
"FS","Suite of Food Security Indicators","422","Lebanon","6121","Value","210041","Prevalence of undernourishment (percent) (3-year average)","20162018","2016-2018","%","5.5","E","Estimated value",""
"FS","Suite of Food Security Indicators","422","Lebanon","6121","Value","210041","Prevalence of undernourishment (percent) (3-year average)","20172019","2017-2019","%","5.6","E","Estimated value",""
"FS","Suite of Food Security Indicators","422","Lebanon","6121","Value","210041","Prevalence of undernourishment (percent) (3-year average)","20182020","2018-2020","%","7.1","E","Estimated value",""
"FS","Suite of Food Security Indicators","422","Lebanon","6121","Value","210041","Prevalence of undernourishment (percent) (3-year average)","20192021","2019-2021","%","9.1","E","Estimated value",""
"FS","Suite of Food Security Indicators","422","Lebanon","6121","Value","210041","Prevalence of undernourishment (percent) (3-year average)","20202022","2020-2022","%","10.4","E","Estimated value",""
"FS","Suite of Food Security Indicators","422","Lebanon","6121","Value","210041","Prevalence of undernourishment (percent) (3-year average)","20212023","2021-2023","%","9.8","E","Estimated value",""
"FS","Suite of Food Security Indicators","422","Lebanon","6121","Value","210041","Prevalence of undernourishment (percent) (3-year average)","20222024","2022-2024","%","8.7","E","Estimated value",""
"FS","Suite of Food Security Indicators","426","Lesotho","6121","Value","210041","Prevalence of undernourishment (percent) (3-year average)","20002002","2000-2002","%","","O","Missing value",""
"FS","Suite of Food Security Indicators","426","Lesotho","6121","Value","210041","Prevalence of undernourishment (percent) (3-year average)","20012003","2001-2003","%","","O","Missing value",""
"FS","Suite of Food Security Indicators","426","Lesotho","6121","Value","210041","Prevalence of undernourishment (percent) (3-year average)","20022004","2002-2004","%","","O","Missing value",""
"FS","Suite of Food Security Indicators","426","Lesotho","6121","Value","210041","Prevalence of undernourishment (percent) (3-year average)","20032005","2003-2005","%","","O","Missing value",""
"FS","Suite of Food Security Indicators","426","Lesotho","6121","Value","210041","Prevalence of undernourishment (percent) (3-year average)","20042006","2004-2006","%","","O","Missing value",""
"FS","Suite of Food Security Indicators","426","Lesotho","6121","Value","210041","Prevalence of undernourishment (percent) (3-year average)","20052007","2005-2007","%","","O","Missing value",""
"FS","Suite of Food Security Indicators","426","Lesotho","6121","Value","210041","Prevalence of undernourishment (percent) (3-year average)","20062008","2006-2008","%","","O","Missing value",""
"FS","Suite of Food Security Indicators","426","Lesotho","6121","Value","210041","Prevalence of undernourishment (percent) (3-year average)","20072009","2007-2009","%","","O","Missing value",""
"FS","Suite of Food Security Indicators","426","Lesotho","6121","Value","210041","Prevalence of undernourishment (percent) (3-year average)","20082010","2008-2010","%","","O","Missing value",""
"FS","Suite of Food Security Indicators","426","Lesotho","6121","Value","210041","Prevalence of undernourishment (percent) (3-year average)","20092011","2009-2011","%","","O","Missing value",""
"FS","Suite of Food Security Indicators","426","Lesotho","6121","Value","210041","Prevalence of undernourishment (percent) (3-year average)","20102012","2010-2012","%","","O","Missing value",""
"FS","Suite of Food Security Indicators","426","Lesotho","6121","Value","210041","Prevalence of undernourishment (percent) (3-year average)","20112013","2011-2013","%","","O","Missing value",""
"FS","Suite of Food Security Indicators","426","Lesotho","6121","Value","210041","Prevalence of undernourishment (percent) (3-year average)","20122014","2012-2014","%","","O","Missing value",""
"FS","Suite of Food Security Indicators","426","Lesotho","6121","Value","210041","Prevalence of undernourishment (percent) (3-year average)","20132015","2013-2015","%","","O","Missing value",""
"FS","Suite of Food Security Indicators","426","Lesotho","6121","Value","210041","Prevalence of undernourishment (percent) (3-year average)","20142016","2014-2016","%","","O","Missing value",""
"FS","Suite of Food Security Indicators","426","Lesotho","6121","Value","210041","Prevalence of undernourishment (percent) (3-year average)","20152017","2015-2017","%","","O","Missing value",""
"FS","Suite of Food Security Indicators","426","Lesotho","6121","Value","210041","Prevalence of undernourishment (percent) (3-year average)","20162018","2016-2018","%","","O","Missing value",""
"FS","Suite of Food Security Indicators","426","Lesotho","6121","Value","210041","Prevalence of undernourishment (percent) (3-year average)","20172019","2017-2019","%","","O","Missing value",""
"FS","Suite of Food Security Indicators","426","Lesotho","6121","Value","210041","Prevalence of undernourishment (percent) (3-year average)","20182020","2018-2020","%","","O","Missing value",""
"FS","Suite of Food Security Indicators","426","Lesotho","6121","Value","210041","Prevalence of undernourishment (percent) (3-year average)","20192021","2019-2021","%","","O","Missing value",""
"FS","Suite of Food Security Indicators","426","Lesotho","6121","Value","210041","Prevalence of undernourishment (percent) (3-year average)","20202022","2020-2022","%","","O","Missing value",""
"FS","Suite of Food Security Indicators","426","Lesotho","6121","Value","210041","Prevalence of undernourishment (percent) (3-year average)","20212023","2021-2023","%","","O","Missing value",""
"FS","Suite of Food Security Indicators","426","Lesotho","6121","Value","210041","Prevalence of undernourishment (percent) (3-year average)","20222024","2022-2024","%","","O","Missing value",""
"FS","Suite of Food Security Indicators","430","Liberia","6121","Value","210041","Prevalence of undernourishment (percent) (3-year average)","20002002","2000-2002","%","34.9","E","Estimated value",""
"FS","Suite of Food Security Indicators","430","Liberia","6121","Value","210041","Prevalence of undernourishment (percent) (3-year average)","20012003","2001-2003","%","36.2","E","Estimated value",""
"FS","Suite of Food Security Indicators","430","Liberia","6121","Value","210041","Prevalence of undernourishment (percent) (3-year average)","20022004","2002-2004","%","35.9","E","Estimated value",""
"FS","Suite of Food Security Indicators","430","Liberia","6121","Value","210041","Prevalence of undernourishment (percent) (3-year average)","20032005","2003-2005","%","36","E","Estimated value",""
"FS","Suite of Food Security Indicators","430","Liberia","6121","Value","210041","Prevalence of undernourishment (percent) (3-year average)","20042006","2004-2006","%","35.7","E","Estimated value",""
"FS","Suite of Food Security Indicators","430","Liberia","6121","Value","210041","Prevalence of undernourishment (percent) (3-year average)","20052007","2005-2007","%","35.4","E","Estimated value",""
"FS","Suite of Food Security Indicators","430","Liberia","6121","Value","210041","Prevalence of undernourishment (percent) (3-year average)","20062008","2006-2008","%","35.1","E","Estimated value",""
"FS","Suite of Food Security Indicators","430","Liberia","6121","Value","210041","Prevalence of undernourishment (percent) (3-year average)","20072009","2007-2009","%","34.9","E","Estimated value",""
"FS","Suite of Food Security Indicators","430","Liberia","6121","Value","210041","Prevalence of undernourishment (percent) (3-year average)","20082010","2008-2010","%","34.8","E","Estimated value",""
"FS","Suite of Food Security Indicators","430","Liberia","6121","Value","210041","Prevalence of undernourishment (percent) (3-year average)","20092011","2009-2011","%","35.2","E","Estimated value",""
"FS","Suite of Food Security Indicators","430","Liberia","6121","Value","210041","Prevalence of undernourishment (percent) (3-year average)","20102012","2010-2012","%","35.6","E","Estimated value",""
"FS","Suite of Food Security Indicators","430","Liberia","6121","Value","210041","Prevalence of undernourishment (percent) (3-year average)","20112013","2011-2013","%","36.5","E","Estimated value",""
"FS","Suite of Food Security Indicators","430","Liberia","6121","Value","210041","Prevalence of undernourishment (percent) (3-year average)","20122014","2012-2014","%","36.4","E","Estimated value",""
"FS","Suite of Food Security Indicators","430","Liberia","6121","Value","210041","Prevalence of undernourishment (percent) (3-year average)","20132015","2013-2015","%","36.6","E","Estimated value",""
"FS","Suite of Food Security Indicators","430","Liberia","6121","Value","210041","Prevalence of undernourishment (percent) (3-year average)","20142016","2014-2016","%","35.7","E","Estimated value",""
"FS","Suite of Food Security Indicators","430","Liberia","6121","Value","210041","Prevalence of undernourishment (percent) (3-year average)","20152017","2015-2017","%","35.1","E","Estimated value",""
"FS","Suite of Food Security Indicators","430","Liberia","6121","Value","210041","Prevalence of undernourishment (percent) (3-year average)","20162018","2016-2018","%","34.9","E","Estimated value",""
"FS","Suite of Food Security Indicators","430","Liberia","6121","Value","210041","Prevalence of undernourishment (percent) (3-year average)","20172019","2017-2019","%","35.3","E","Estimated value",""
"FS","Suite of Food Security Indicators","430","Liberia","6121","Value","210041","Prevalence of undernourishment (percent) (3-year average)","20182020","2018-2020","%","36.6","E","Estimated value",""
"FS","Suite of Food Security Indicators","430","Liberia","6121","Value","210041","Prevalence of undernourishment (percent) (3-year average)","20192021","2019-2021","%","37.5","E","Estimated value",""
"FS","Suite of Food Security Indicators","430","Liberia","6121","Value","210041","Prevalence of undernourishment (percent) (3-year average)","20202022","2020-2022","%","37.7","E","Estimated value",""
"FS","Suite of Food Security Indicators","430","Liberia","6121","Value","210041","Prevalence of undernourishment (percent) (3-year average)","20212023","2021-2023","%","37","E","Estimated value",""
"FS","Suite of Food Security Indicators","430","Liberia","6121","Value","210041","Prevalence of undernourishment (percent) (3-year average)","20222024","2022-2024","%","35.5","E","Estimated value",""
"FS","Suite of Food Security Indicators","434","Libya","6121","Value","210041","Prevalence of undernourishment (percent) (3-year average)","20002002","2000-2002","%","3.7","E","Estimated value",""
"FS","Suite of Food Security Indicators","434","Libya","6121","Value","210041","Prevalence of undernourishment (percent) (3-year average)","20012003","2001-2003","%","4","E","Estimated value",""
"FS","Suite of Food Security Indicators","434","Libya","6121","Value","210041","Prevalence of undernourishment (percent) (3-year average)","20022004","2002-2004","%","4.3","E","Estimated value",""
"FS","Suite of Food Security Indicators","434","Libya","6121","Value","210041","Prevalence of undernourishment (percent) (3-year average)","20032005","2003-2005","%","4.6","E","Estimated value",""
"FS","Suite of Food Security Indicators","434","Libya","6121","Value","210041","Prevalence of undernourishment (percent) (3-year average)","20042006","2004-2006","%","4.9","E","Estimated value",""
"FS","Suite of Food Security Indicators","434","Libya","6121","Value","210041","Prevalence of undernourishment (percent) (3-year average)","20052007","2005-2007","%","5.2","E","Estimated value",""
"FS","Suite of Food Security Indicators","434","Libya","6121","Value","210041","Prevalence of undernourishment (percent) (3-year average)","20062008","2006-2008","%","5.5","E","Estimated value",""
"FS","Suite of Food Security Indicators","434","Libya","6121","Value","210041","Prevalence of undernourishment (percent) (3-year average)","20072009","2007-2009","%","5.9","E","Estimated value",""
"FS","Suite of Food Security Indicators","434","Libya","6121","Value","210041","Prevalence of undernourishment (percent) (3-year average)","20082010","2008-2010","%","6.3","E","Estimated value",""
"FS","Suite of Food Security Indicators","434","Libya","6121","Value","210041","Prevalence of undernourishment (percent) (3-year average)","20092011","2009-2011","%","7.1","E","Estimated value",""
"FS","Suite of Food Security Indicators","434","Libya","6121","Value","210041","Prevalence of undernourishment (percent) (3-year average)","20102012","2010-2012","%","8.1","E","Estimated value",""
"FS","Suite of Food Security Indicators","434","Libya","6121","Value","210041","Prevalence of undernourishment (percent) (3-year average)","20112013","2011-2013","%","9","E","Estimated value",""
"FS","Suite of Food Security Indicators","434","Libya","6121","Value","210041","Prevalence of undernourishment (percent) (3-year average)","20122014","2012-2014","%","9.8","E","Estimated value",""
"FS","Suite of Food Security Indicators","434","Libya","6121","Value","210041","Prevalence of undernourishment (percent) (3-year average)","20132015","2013-2015","%","10.2","E","Estimated value",""
"FS","Suite of Food Security Indicators","434","Libya","6121","Value","210041","Prevalence of undernourishment (percent) (3-year average)","20142016","2014-2016","%","10.7","E","Estimated value",""
"FS","Suite of Food Security Indicators","434","Libya","6121","Value","210041","Prevalence of undernourishment (percent) (3-year average)","20152017","2015-2017","%","11","E","Estimated value",""
"FS","Suite of Food Security Indicators","434","Libya","6121","Value","210041","Prevalence of undernourishment (percent) (3-year average)","20162018","2016-2018","%","11.4","E","Estimated value",""
"FS","Suite of Food Security Indicators","434","Libya","6121","Value","210041","Prevalence of undernourishment (percent) (3-year average)","20172019","2017-2019","%","11.9","E","Estimated value",""
"FS","Suite of Food Security Indicators","434","Libya","6121","Value","210041","Prevalence of undernourishment (percent) (3-year average)","20182020","2018-2020","%","13.2","E","Estimated value",""
"FS","Suite of Food Security Indicators","434","Libya","6121","Value","210041","Prevalence of undernourishment (percent) (3-year average)","20192021","2019-2021","%","14.5","E","Estimated value",""
"FS","Suite of Food Security Indicators","434","Libya","6121","Value","210041","Prevalence of undernourishment (percent) (3-year average)","20202022","2020-2022","%","16","E","Estimated value",""
"FS","Suite of Food Security Indicators","434","Libya","6121","Value","210041","Prevalence of undernourishment (percent) (3-year average)","20212023","2021-2023","%","16.6","E","Estimated value",""
"FS","Suite of Food Security Indicators","434","Libya","6121","Value","210041","Prevalence of undernourishment (percent) (3-year average)","20222024","2022-2024","%","16.5","E","Estimated value",""
"FS","Suite of Food Security Indicators","440","Lithuania","6121","Value","210041","Prevalence of undernourishment (percent) (3-year average)","20002002","2000-2002","%","<2.5","E","Estimated value",""
"FS","Suite of Food Security Indicators","440","Lithuania","6121","Value","210041","Prevalence of undernourishment (percent) (3-year average)","20012003","2001-2003","%","<2.5","E","Estimated value",""
"FS","Suite of Food Security Indicators","440","Lithuania","6121","Value","210041","Prevalence of undernourishment (percent) (3-year average)","20022004","2002-2004","%","<2.5","E","Estimated value",""
"FS","Suite of Food Security Indicators","440","Lithuania","6121","Value","210041","Prevalence of undernourishment (percent) (3-year average)","20032005","2003-2005","%","<2.5","E","Estimated value",""
"FS","Suite of Food Security Indicators","440","Lithuania","6121","Value","210041","Prevalence of undernourishment (percent) (3-year average)","20042006","2004-2006","%","<2.5","E","Estimated value",""
"FS","Suite of Food Security Indicators","440","Lithuania","6121","Value","210041","Prevalence of undernourishment (percent) (3-year average)","20052007","2005-2007","%","<2.5","E","Estimated value",""
"FS","Suite of Food Security Indicators","440","Lithuania","6121","Value","210041","Prevalence of undernourishment (percent) (3-year average)","20062008","2006-2008","%","<2.5","E","Estimated value",""
"FS","Suite of Food Security Indicators","440","Lithuania","6121","Value","210041","Prevalence of undernourishment (percent) (3-year average)","20072009","2007-2009","%","<2.5","E","Estimated value",""
"FS","Suite of Food Security Indicators","440","Lithuania","6121","Value","210041","Prevalence of undernourishment (percent) (3-year average)","20082010","2008-2010","%","<2.5","E","Estimated value",""
"FS","Suite of Food Security Indicators","440","Lithuania","6121","Value","210041","Prevalence of undernourishment (percent) (3-year average)","20092011","2009-2011","%","<2.5","E","Estimated value",""
"FS","Suite of Food Security Indicators","440","Lithuania","6121","Value","210041","Prevalence of undernourishment (percent) (3-year average)","20102012","2010-2012","%","<2.5","E","Estimated value",""
"FS","Suite of Food Security Indicators","440","Lithuania","6121","Value","210041","Prevalence of undernourishment (percent) (3-year average)","20112013","2011-2013","%","<2.5","E","Estimated value",""
"FS","Suite of Food Security Indicators","440","Lithuania","6121","Value","210041","Prevalence of undernourishment (percent) (3-year average)","20122014","2012-2014","%","<2.5","E","Estimated value",""
"FS","Suite of Food Security Indicators","440","Lithuania","6121","Value","210041","Prevalence of undernourishment (percent) (3-year average)","20132015","2013-2015","%","<2.5","E","Estimated value",""
"FS","Suite of Food Security Indicators","440","Lithuania","6121","Value","210041","Prevalence of undernourishment (percent) (3-year average)","20142016","2014-2016","%","<2.5","E","Estimated value",""
"FS","Suite of Food Security Indicators","440","Lithuania","6121","Value","210041","Prevalence of undernourishment (percent) (3-year average)","20152017","2015-2017","%","<2.5","E","Estimated value",""
"FS","Suite of Food Security Indicators","440","Lithuania","6121","Value","210041","Prevalence of undernourishment (percent) (3-year average)","20162018","2016-2018","%","<2.5","E","Estimated value",""
"FS","Suite of Food Security Indicators","440","Lithuania","6121","Value","210041","Prevalence of undernourishment (percent) (3-year average)","20172019","2017-2019","%","<2.5","E","Estimated value",""
"FS","Suite of Food Security Indicators","440","Lithuania","6121","Value","210041","Prevalence of undernourishment (percent) (3-year average)","20182020","2018-2020","%","<2.5","E","Estimated value",""
"FS","Suite of Food Security Indicators","440","Lithuania","6121","Value","210041","Prevalence of undernourishment (percent) (3-year average)","20192021","2019-2021","%","<2.5","E","Estimated value",""
"FS","Suite of Food Security Indicators","440","Lithuania","6121","Value","210041","Prevalence of undernourishment (percent) (3-year average)","20202022","2020-2022","%","<2.5","E","Estimated value",""
"FS","Suite of Food Security Indicators","440","Lithuania","6121","Value","210041","Prevalence of undernourishment (percent) (3-year average)","20212023","2021-2023","%","<2.5","E","Estimated value",""
"FS","Suite of Food Security Indicators","440","Lithuania","6121","Value","210041","Prevalence of undernourishment (percent) (3-year average)","20222024","2022-2024","%","<2.5","E","Estimated value",""
"FS","Suite of Food Security Indicators","442","Luxembourg","6121","Value","210041","Prevalence of undernourishment (percent) (3-year average)","20002002","2000-2002","%","<2.5","E","Estimated value",""
"FS","Suite of Food Security Indicators","442","Luxembourg","6121","Value","210041","Prevalence of undernourishment (percent) (3-year average)","20012003","2001-2003","%","<2.5","E","Estimated value",""
"FS","Suite of Food Security Indicators","442","Luxembourg","6121","Value","210041","Prevalence of undernourishment (percent) (3-year average)","20022004","2002-2004","%","<2.5","E","Estimated value",""
"FS","Suite of Food Security Indicators","442","Luxembourg","6121","Value","210041","Prevalence of undernourishment (percent) (3-year average)","20032005","2003-2005","%","<2.5","E","Estimated value",""
"FS","Suite of Food Security Indicators","442","Luxembourg","6121","Value","210041","Prevalence of undernourishment (percent) (3-year average)","20042006","2004-2006","%","<2.5","E","Estimated value",""
"FS","Suite of Food Security Indicators","442","Luxembourg","6121","Value","210041","Prevalence of undernourishment (percent) (3-year average)","20052007","2005-2007","%","<2.5","E","Estimated value",""
"FS","Suite of Food Security Indicators","442","Luxembourg","6121","Value","210041","Prevalence of undernourishment (percent) (3-year average)","20062008","2006-2008","%","<2.5","E","Estimated value",""
"FS","Suite of Food Security Indicators","442","Luxembourg","6121","Value","210041","Prevalence of undernourishment (percent) (3-year average)","20072009","2007-2009","%","<2.5","E","Estimated value",""
"FS","Suite of Food Security Indicators","442","Luxembourg","6121","Value","210041","Prevalence of undernourishment (percent) (3-year average)","20082010","2008-2010","%","<2.5","E","Estimated value",""
"FS","Suite of Food Security Indicators","442","Luxembourg","6121","Value","210041","Prevalence of undernourishment (percent) (3-year average)","20092011","2009-2011","%","<2.5","E","Estimated value",""
"FS","Suite of Food Security Indicators","442","Luxembourg","6121","Value","210041","Prevalence of undernourishment (percent) (3-year average)","20102012","2010-2012","%","<2.5","E","Estimated value",""
"FS","Suite of Food Security Indicators","442","Luxembourg","6121","Value","210041","Prevalence of undernourishment (percent) (3-year average)","20112013","2011-2013","%","<2.5","E","Estimated value",""
"FS","Suite of Food Security Indicators","442","Luxembourg","6121","Value","210041","Prevalence of undernourishment (percent) (3-year average)","20122014","2012-2014","%","<2.5","E","Estimated value",""
"FS","Suite of Food Security Indicators","442","Luxembourg","6121","Value","210041","Prevalence of undernourishment (percent) (3-year average)","20132015","2013-2015","%","<2.5","E","Estimated value",""
"FS","Suite of Food Security Indicators","442","Luxembourg","6121","Value","210041","Prevalence of undernourishment (percent) (3-year average)","20142016","2014-2016","%","<2.5","E","Estimated value",""
"FS","Suite of Food Security Indicators","442","Luxembourg","6121","Value","210041","Prevalence of undernourishment (percent) (3-year average)","20152017","2015-2017","%","<2.5","E","Estimated value",""
"FS","Suite of Food Security Indicators","442","Luxembourg","6121","Value","210041","Prevalence of undernourishment (percent) (3-year average)","20162018","2016-2018","%","<2.5","E","Estimated value",""
"FS","Suite of Food Security Indicators","442","Luxembourg","6121","Value","210041","Prevalence of undernourishment (percent) (3-year average)","20172019","2017-2019","%","<2.5","E","Estimated value",""
"FS","Suite of Food Security Indicators","442","Luxembourg","6121","Value","210041","Prevalence of undernourishment (percent) (3-year average)","20182020","2018-2020","%","<2.5","E","Estimated value",""
"FS","Suite of Food Security Indicators","442","Luxembourg","6121","Value","210041","Prevalence of undernourishment (percent) (3-year average)","20192021","2019-2021","%","<2.5","E","Estimated value",""
"FS","Suite of Food Security Indicators","442","Luxembourg","6121","Value","210041","Prevalence of undernourishment (percent) (3-year average)","20202022","2020-2022","%","<2.5","E","Estimated value",""
"FS","Suite of Food Security Indicators","442","Luxembourg","6121","Value","210041","Prevalence of undernourishment (percent) (3-year average)","20212023","2021-2023","%","<2.5","E","Estimated value",""
"FS","Suite of Food Security Indicators","442","Luxembourg","6121","Value","210041","Prevalence of undernourishment (percent) (3-year average)","20222024","2022-2024","%","<2.5","E","Estimated value",""
"FS","Suite of Food Security Indicators","450","Madagascar","6121","Value","210041","Prevalence of undernourishment (percent) (3-year average)","20002002","2000-2002","%","33.4","E","Estimated value",""
"FS","Suite of Food Security Indicators","450","Madagascar","6121","Value","210041","Prevalence of undernourishment (percent) (3-year average)","20012003","2001-2003","%","34.8","E","Estimated value",""
"FS","Suite of Food Security Indicators","450","Madagascar","6121","Value","210041","Prevalence of undernourishment (percent) (3-year average)","20022004","2002-2004","%","36.1","E","Estimated value",""
"FS","Suite of Food Security Indicators","450","Madagascar","6121","Value","210041","Prevalence of undernourishment (percent) (3-year average)","20032005","2003-2005","%","34.6","E","Estimated value",""
"FS","Suite of Food Security Indicators","450","Madagascar","6121","Value","210041","Prevalence of undernourishment (percent) (3-year average)","20042006","2004-2006","%","32.9","E","Estimated value",""
"FS","Suite of Food Security Indicators","450","Madagascar","6121","Value","210041","Prevalence of undernourishment (percent) (3-year average)","20052007","2005-2007","%","30.6","E","Estimated value",""
"FS","Suite of Food Security Indicators","450","Madagascar","6121","Value","210041","Prevalence of undernourishment (percent) (3-year average)","20062008","2006-2008","%","30.2","E","Estimated value",""
"FS","Suite of Food Security Indicators","450","Madagascar","6121","Value","210041","Prevalence of undernourishment (percent) (3-year average)","20072009","2007-2009","%","30","E","Estimated value",""
"FS","Suite of Food Security Indicators","450","Madagascar","6121","Value","210041","Prevalence of undernourishment (percent) (3-year average)","20082010","2008-2010","%","29.4","E","Estimated value",""
"FS","Suite of Food Security Indicators","450","Madagascar","6121","Value","210041","Prevalence of undernourishment (percent) (3-year average)","20092011","2009-2011","%","28.1","E","Estimated value",""
"FS","Suite of Food Security Indicators","450","Madagascar","6121","Value","210041","Prevalence of undernourishment (percent) (3-year average)","20102012","2010-2012","%","27.4","E","Estimated value",""
"FS","Suite of Food Security Indicators","450","Madagascar","6121","Value","210041","Prevalence of undernourishment (percent) (3-year average)","20112013","2011-2013","%","28.6","E","Estimated value",""
"FS","Suite of Food Security Indicators","450","Madagascar","6121","Value","210041","Prevalence of undernourishment (percent) (3-year average)","20122014","2012-2014","%","30.1","E","Estimated value",""
"FS","Suite of Food Security Indicators","450","Madagascar","6121","Value","210041","Prevalence of undernourishment (percent) (3-year average)","20132015","2013-2015","%","32.1","E","Estimated value",""
"FS","Suite of Food Security Indicators","450","Madagascar","6121","Value","210041","Prevalence of undernourishment (percent) (3-year average)","20142016","2014-2016","%","33.3","E","Estimated value",""
"FS","Suite of Food Security Indicators","450","Madagascar","6121","Value","210041","Prevalence of undernourishment (percent) (3-year average)","20152017","2015-2017","%","35","E","Estimated value",""
"FS","Suite of Food Security Indicators","450","Madagascar","6121","Value","210041","Prevalence of undernourishment (percent) (3-year average)","20162018","2016-2018","%","36","E","Estimated value",""
"FS","Suite of Food Security Indicators","450","Madagascar","6121","Value","210041","Prevalence of undernourishment (percent) (3-year average)","20172019","2017-2019","%","37.5","E","Estimated value",""
"FS","Suite of Food Security Indicators","450","Madagascar","6121","Value","210041","Prevalence of undernourishment (percent) (3-year average)","20182020","2018-2020","%","38.9","E","Estimated value",""
"FS","Suite of Food Security Indicators","450","Madagascar","6121","Value","210041","Prevalence of undernourishment (percent) (3-year average)","20192021","2019-2021","%","40.6","E","Estimated value",""
"FS","Suite of Food Security Indicators","450","Madagascar","6121","Value","210041","Prevalence of undernourishment (percent) (3-year average)","20202022","2020-2022","%","39.9","E","Estimated value",""
"FS","Suite of Food Security Indicators","450","Madagascar","6121","Value","210041","Prevalence of undernourishment (percent) (3-year average)","20212023","2021-2023","%","39.9","E","Estimated value",""
"FS","Suite of Food Security Indicators","450","Madagascar","6121","Value","210041","Prevalence of undernourishment (percent) (3-year average)","20222024","2022-2024","%","39.5","E","Estimated value",""
"FS","Suite of Food Security Indicators","454","Malawi","6121","Value","210041","Prevalence of undernourishment (percent) (3-year average)","20002002","2000-2002","%","23.2","E","Estimated value",""
"FS","Suite of Food Security Indicators","454","Malawi","6121","Value","210041","Prevalence of undernourishment (percent) (3-year average)","20012003","2001-2003","%","23.4","E","Estimated value",""
"FS","Suite of Food Security Indicators","454","Malawi","6121","Value","210041","Prevalence of undernourishment (percent) (3-year average)","20022004","2002-2004","%","24.1","E","Estimated value",""
"FS","Suite of Food Security Indicators","454","Malawi","6121","Value","210041","Prevalence of undernourishment (percent) (3-year average)","20032005","2003-2005","%","23.2","E","Estimated value",""
"FS","Suite of Food Security Indicators","454","Malawi","6121","Value","210041","Prevalence of undernourishment (percent) (3-year average)","20042006","2004-2006","%","21.5","E","Estimated value",""
"FS","Suite of Food Security Indicators","454","Malawi","6121","Value","210041","Prevalence of undernourishment (percent) (3-year average)","20052007","2005-2007","%","19.3","E","Estimated value",""
"FS","Suite of Food Security Indicators","454","Malawi","6121","Value","210041","Prevalence of undernourishment (percent) (3-year average)","20062008","2006-2008","%","17.5","E","Estimated value",""
"FS","Suite of Food Security Indicators","454","Malawi","6121","Value","210041","Prevalence of undernourishment (percent) (3-year average)","20072009","2007-2009","%","15.9","E","Estimated value",""
"FS","Suite of Food Security Indicators","454","Malawi","6121","Value","210041","Prevalence of undernourishment (percent) (3-year average)","20082010","2008-2010","%","14.7","E","Estimated value",""
"FS","Suite of Food Security Indicators","454","Malawi","6121","Value","210041","Prevalence of undernourishment (percent) (3-year average)","20092011","2009-2011","%","14.1","E","Estimated value",""
"FS","Suite of Food Security Indicators","454","Malawi","6121","Value","210041","Prevalence of undernourishment (percent) (3-year average)","20102012","2010-2012","%","13.9","E","Estimated value",""
"FS","Suite of Food Security Indicators","454","Malawi","6121","Value","210041","Prevalence of undernourishment (percent) (3-year average)","20112013","2011-2013","%","14.2","E","Estimated value",""
"FS","Suite of Food Security Indicators","454","Malawi","6121","Value","210041","Prevalence of undernourishment (percent) (3-year average)","20122014","2012-2014","%","14.9","E","Estimated value",""
"FS","Suite of Food Security Indicators","454","Malawi","6121","Value","210041","Prevalence of undernourishment (percent) (3-year average)","20132015","2013-2015","%","15.5","E","Estimated value",""
"FS","Suite of Food Security Indicators","454","Malawi","6121","Value","210041","Prevalence of undernourishment (percent) (3-year average)","20142016","2014-2016","%","16.3","E","Estimated value",""
"FS","Suite of Food Security Indicators","454","Malawi","6121","Value","210041","Prevalence of undernourishment (percent) (3-year average)","20152017","2015-2017","%","16.7","E","Estimated value",""
"FS","Suite of Food Security Indicators","454","Malawi","6121","Value","210041","Prevalence of undernourishment (percent) (3-year average)","20162018","2016-2018","%","17.6","E","Estimated value",""
"FS","Suite of Food Security Indicators","454","Malawi","6121","Value","210041","Prevalence of undernourishment (percent) (3-year average)","20172019","2017-2019","%","18.3","E","Estimated value",""
"FS","Suite of Food Security Indicators","454","Malawi","6121","Value","210041","Prevalence of undernourishment (percent) (3-year average)","20182020","2018-2020","%","19.3","E","Estimated value",""
"FS","Suite of Food Security Indicators","454","Malawi","6121","Value","210041","Prevalence of undernourishment (percent) (3-year average)","20192021","2019-2021","%","19.9","E","Estimated value",""
"FS","Suite of Food Security Indicators","454","Malawi","6121","Value","210041","Prevalence of undernourishment (percent) (3-year average)","20202022","2020-2022","%","20.4","E","Estimated value",""
"FS","Suite of Food Security Indicators","454","Malawi","6121","Value","210041","Prevalence of undernourishment (percent) (3-year average)","20212023","2021-2023","%","20.7","E","Estimated value",""
"FS","Suite of Food Security Indicators","454","Malawi","6121","Value","210041","Prevalence of undernourishment (percent) (3-year average)","20222024","2022-2024","%","21.4","E","Estimated value",""
"FS","Suite of Food Security Indicators","458","Malaysia","6121","Value","210041","Prevalence of undernourishment (percent) (3-year average)","20002002","2000-2002","%","2.5","E","Estimated value",""
"FS","Suite of Food Security Indicators","458","Malaysia","6121","Value","210041","Prevalence of undernourishment (percent) (3-year average)","20012003","2001-2003","%","2.8","E","Estimated value",""
"FS","Suite of Food Security Indicators","458","Malaysia","6121","Value","210041","Prevalence of undernourishment (percent) (3-year average)","20022004","2002-2004","%","2.9","E","Estimated value",""
"FS","Suite of Food Security Indicators","458","Malaysia","6121","Value","210041","Prevalence of undernourishment (percent) (3-year average)","20032005","2003-2005","%","3.1","E","Estimated value",""
"FS","Suite of Food Security Indicators","458","Malaysia","6121","Value","210041","Prevalence of undernourishment (percent) (3-year average)","20042006","2004-2006","%","3.2","E","Estimated value",""
"FS","Suite of Food Security Indicators","458","Malaysia","6121","Value","210041","Prevalence of undernourishment (percent) (3-year average)","20052007","2005-2007","%","3.4","E","Estimated value",""
"FS","Suite of Food Security Indicators","458","Malaysia","6121","Value","210041","Prevalence of undernourishment (percent) (3-year average)","20062008","2006-2008","%","3.6","E","Estimated value",""
"FS","Suite of Food Security Indicators","458","Malaysia","6121","Value","210041","Prevalence of undernourishment (percent) (3-year average)","20072009","2007-2009","%","3.6","E","Estimated value",""
"FS","Suite of Food Security Indicators","458","Malaysia","6121","Value","210041","Prevalence of undernourishment (percent) (3-year average)","20082010","2008-2010","%","3.8","E","Estimated value",""
"FS","Suite of Food Security Indicators","458","Malaysia","6121","Value","210041","Prevalence of undernourishment (percent) (3-year average)","20092011","2009-2011","%","3.5","E","Estimated value",""
"FS","Suite of Food Security Indicators","458","Malaysia","6121","Value","210041","Prevalence of undernourishment (percent) (3-year average)","20102012","2010-2012","%","3.4","E","Estimated value",""
"FS","Suite of Food Security Indicators","458","Malaysia","6121","Value","210041","Prevalence of undernourishment (percent) (3-year average)","20112013","2011-2013","%","3.5","E","Estimated value",""
"FS","Suite of Food Security Indicators","458","Malaysia","6121","Value","210041","Prevalence of undernourishment (percent) (3-year average)","20122014","2012-2014","%","3.7","E","Estimated value",""
"FS","Suite of Food Security Indicators","458","Malaysia","6121","Value","210041","Prevalence of undernourishment (percent) (3-year average)","20132015","2013-2015","%","3.8","E","Estimated value",""
"FS","Suite of Food Security Indicators","458","Malaysia","6121","Value","210041","Prevalence of undernourishment (percent) (3-year average)","20142016","2014-2016","%","3.7","E","Estimated value",""
"FS","Suite of Food Security Indicators","458","Malaysia","6121","Value","210041","Prevalence of undernourishment (percent) (3-year average)","20152017","2015-2017","%","3.3","E","Estimated value",""
"FS","Suite of Food Security Indicators","458","Malaysia","6121","Value","210041","Prevalence of undernourishment (percent) (3-year average)","20162018","2016-2018","%","3.1","E","Estimated value",""
"FS","Suite of Food Security Indicators","458","Malaysia","6121","Value","210041","Prevalence of undernourishment (percent) (3-year average)","20172019","2017-2019","%","2.9","E","Estimated value",""
"FS","Suite of Food Security Indicators","458","Malaysia","6121","Value","210041","Prevalence of undernourishment (percent) (3-year average)","20182020","2018-2020","%","2.8","E","Estimated value",""
"FS","Suite of Food Security Indicators","458","Malaysia","6121","Value","210041","Prevalence of undernourishment (percent) (3-year average)","20192021","2019-2021","%","2.7","E","Estimated value",""
"FS","Suite of Food Security Indicators","458","Malaysia","6121","Value","210041","Prevalence of undernourishment (percent) (3-year average)","20202022","2020-2022","%","<2.5","E","Estimated value",""
"FS","Suite of Food Security Indicators","458","Malaysia","6121","Value","210041","Prevalence of undernourishment (percent) (3-year average)","20212023","2021-2023","%","<2.5","E","Estimated value",""
"FS","Suite of Food Security Indicators","458","Malaysia","6121","Value","210041","Prevalence of undernourishment (percent) (3-year average)","20222024","2022-2024","%","<2.5","E","Estimated value",""
"FS","Suite of Food Security Indicators","462","Maldives","6121","Value","210041","Prevalence of undernourishment (percent) (3-year average)","20002002","2000-2002","%","","O","Missing value",""
"FS","Suite of Food Security Indicators","462","Maldives","6121","Value","210041","Prevalence of undernourishment (percent) (3-year average)","20012003","2001-2003","%","","O","Missing value",""
"FS","Suite of Food Security Indicators","462","Maldives","6121","Value","210041","Prevalence of undernourishment (percent) (3-year average)","20022004","2002-2004","%","","O","Missing value",""
"FS","Suite of Food Security Indicators","462","Maldives","6121","Value","210041","Prevalence of undernourishment (percent) (3-year average)","20032005","2003-2005","%","","O","Missing value",""
"FS","Suite of Food Security Indicators","462","Maldives","6121","Value","210041","Prevalence of undernourishment (percent) (3-year average)","20042006","2004-2006","%","","O","Missing value",""
"FS","Suite of Food Security Indicators","462","Maldives","6121","Value","210041","Prevalence of undernourishment (percent) (3-year average)","20052007","2005-2007","%","","O","Missing value",""
"FS","Suite of Food Security Indicators","462","Maldives","6121","Value","210041","Prevalence of undernourishment (percent) (3-year average)","20062008","2006-2008","%","","O","Missing value",""
"FS","Suite of Food Security Indicators","462","Maldives","6121","Value","210041","Prevalence of undernourishment (percent) (3-year average)","20072009","2007-2009","%","","O","Missing value",""
"FS","Suite of Food Security Indicators","462","Maldives","6121","Value","210041","Prevalence of undernourishment (percent) (3-year average)","20082010","2008-2010","%","","O","Missing value",""
"FS","Suite of Food Security Indicators","462","Maldives","6121","Value","210041","Prevalence of undernourishment (percent) (3-year average)","20092011","2009-2011","%","","O","Missing value",""
"FS","Suite of Food Security Indicators","462","Maldives","6121","Value","210041","Prevalence of undernourishment (percent) (3-year average)","20102012","2010-2012","%","","O","Missing value",""
"FS","Suite of Food Security Indicators","462","Maldives","6121","Value","210041","Prevalence of undernourishment (percent) (3-year average)","20112013","2011-2013","%","","O","Missing value",""
"FS","Suite of Food Security Indicators","462","Maldives","6121","Value","210041","Prevalence of undernourishment (percent) (3-year average)","20122014","2012-2014","%","","O","Missing value",""
"FS","Suite of Food Security Indicators","462","Maldives","6121","Value","210041","Prevalence of undernourishment (percent) (3-year average)","20132015","2013-2015","%","","O","Missing value",""
"FS","Suite of Food Security Indicators","462","Maldives","6121","Value","210041","Prevalence of undernourishment (percent) (3-year average)","20142016","2014-2016","%","","O","Missing value",""
"FS","Suite of Food Security Indicators","462","Maldives","6121","Value","210041","Prevalence of undernourishment (percent) (3-year average)","20152017","2015-2017","%","","O","Missing value",""
"FS","Suite of Food Security Indicators","462","Maldives","6121","Value","210041","Prevalence of undernourishment (percent) (3-year average)","20162018","2016-2018","%","","O","Missing value",""
"FS","Suite of Food Security Indicators","462","Maldives","6121","Value","210041","Prevalence of undernourishment (percent) (3-year average)","20172019","2017-2019","%","","O","Missing value",""
"FS","Suite of Food Security Indicators","462","Maldives","6121","Value","210041","Prevalence of undernourishment (percent) (3-year average)","20182020","2018-2020","%","","O","Missing value",""
"FS","Suite of Food Security Indicators","462","Maldives","6121","Value","210041","Prevalence of undernourishment (percent) (3-year average)","20192021","2019-2021","%","","O","Missing value",""
"FS","Suite of Food Security Indicators","462","Maldives","6121","Value","210041","Prevalence of undernourishment (percent) (3-year average)","20202022","2020-2022","%","","O","Missing value",""
"FS","Suite of Food Security Indicators","462","Maldives","6121","Value","210041","Prevalence of undernourishment (percent) (3-year average)","20212023","2021-2023","%","","O","Missing value",""
"FS","Suite of Food Security Indicators","462","Maldives","6121","Value","210041","Prevalence of undernourishment (percent) (3-year average)","20222024","2022-2024","%","","O","Missing value",""
"FS","Suite of Food Security Indicators","466","Mali","6121","Value","210041","Prevalence of undernourishment (percent) (3-year average)","20002002","2000-2002","%","14.2","E","Estimated value",""
"FS","Suite of Food Security Indicators","466","Mali","6121","Value","210041","Prevalence of undernourishment (percent) (3-year average)","20012003","2001-2003","%","13.3","E","Estimated value",""
"FS","Suite of Food Security Indicators","466","Mali","6121","Value","210041","Prevalence of undernourishment (percent) (3-year average)","20022004","2002-2004","%","13.2","E","Estimated value",""
"FS","Suite of Food Security Indicators","466","Mali","6121","Value","210041","Prevalence of undernourishment (percent) (3-year average)","20032005","2003-2005","%","12.4","E","Estimated value",""
"FS","Suite of Food Security Indicators","466","Mali","6121","Value","210041","Prevalence of undernourishment (percent) (3-year average)","20042006","2004-2006","%","11.2","E","Estimated value",""
"FS","Suite of Food Security Indicators","466","Mali","6121","Value","210041","Prevalence of undernourishment (percent) (3-year average)","20052007","2005-2007","%","9.8","E","Estimated value",""
"FS","Suite of Food Security Indicators","466","Mali","6121","Value","210041","Prevalence of undernourishment (percent) (3-year average)","20062008","2006-2008","%","8.5","E","Estimated value",""
"FS","Suite of Food Security Indicators","466","Mali","6121","Value","210041","Prevalence of undernourishment (percent) (3-year average)","20072009","2007-2009","%","7.4","E","Estimated value",""
"FS","Suite of Food Security Indicators","466","Mali","6121","Value","210041","Prevalence of undernourishment (percent) (3-year average)","20082010","2008-2010","%","6.7","E","Estimated value",""
"FS","Suite of Food Security Indicators","466","Mali","6121","Value","210041","Prevalence of undernourishment (percent) (3-year average)","20092011","2009-2011","%","6.2","E","Estimated value",""
"FS","Suite of Food Security Indicators","466","Mali","6121","Value","210041","Prevalence of undernourishment (percent) (3-year average)","20102012","2010-2012","%","5.8","E","Estimated value",""
"FS","Suite of Food Security Indicators","466","Mali","6121","Value","210041","Prevalence of undernourishment (percent) (3-year average)","20112013","2011-2013","%","5.4","E","Estimated value",""
"FS","Suite of Food Security Indicators","466","Mali","6121","Value","210041","Prevalence of undernourishment (percent) (3-year average)","20122014","2012-2014","%","5.2","E","Estimated value",""
"FS","Suite of Food Security Indicators","466","Mali","6121","Value","210041","Prevalence of undernourishment (percent) (3-year average)","20132015","2013-2015","%","5","E","Estimated value",""
"FS","Suite of Food Security Indicators","466","Mali","6121","Value","210041","Prevalence of undernourishment (percent) (3-year average)","20142016","2014-2016","%","4.9","E","Estimated value",""
"FS","Suite of Food Security Indicators","466","Mali","6121","Value","210041","Prevalence of undernourishment (percent) (3-year average)","20152017","2015-2017","%","4.5","E","Estimated value",""
"FS","Suite of Food Security Indicators","466","Mali","6121","Value","210041","Prevalence of undernourishment (percent) (3-year average)","20162018","2016-2018","%","4.6","E","Estimated value",""
"FS","Suite of Food Security Indicators","466","Mali","6121","Value","210041","Prevalence of undernourishment (percent) (3-year average)","20172019","2017-2019","%","4.6","E","Estimated value",""
"FS","Suite of Food Security Indicators","466","Mali","6121","Value","210041","Prevalence of undernourishment (percent) (3-year average)","20182020","2018-2020","%","4.8","E","Estimated value",""
"FS","Suite of Food Security Indicators","466","Mali","6121","Value","210041","Prevalence of undernourishment (percent) (3-year average)","20192021","2019-2021","%","4.7","E","Estimated value",""
"FS","Suite of Food Security Indicators","466","Mali","6121","Value","210041","Prevalence of undernourishment (percent) (3-year average)","20202022","2020-2022","%","7.3","E","Estimated value",""
"FS","Suite of Food Security Indicators","466","Mali","6121","Value","210041","Prevalence of undernourishment (percent) (3-year average)","20212023","2021-2023","%","9.9","E","Estimated value",""
"FS","Suite of Food Security Indicators","466","Mali","6121","Value","210041","Prevalence of undernourishment (percent) (3-year average)","20222024","2022-2024","%","12.3","E","Estimated value",""
"FS","Suite of Food Security Indicators","470","Malta","6121","Value","210041","Prevalence of undernourishment (percent) (3-year average)","20002002","2000-2002","%","<2.5","E","Estimated value",""
"FS","Suite of Food Security Indicators","470","Malta","6121","Value","210041","Prevalence of undernourishment (percent) (3-year average)","20012003","2001-2003","%","<2.5","E","Estimated value",""
"FS","Suite of Food Security Indicators","470","Malta","6121","Value","210041","Prevalence of undernourishment (percent) (3-year average)","20022004","2002-2004","%","<2.5","E","Estimated value",""
"FS","Suite of Food Security Indicators","470","Malta","6121","Value","210041","Prevalence of undernourishment (percent) (3-year average)","20032005","2003-2005","%","<2.5","E","Estimated value",""
"FS","Suite of Food Security Indicators","470","Malta","6121","Value","210041","Prevalence of undernourishment (percent) (3-year average)","20042006","2004-2006","%","<2.5","E","Estimated value",""
"FS","Suite of Food Security Indicators","470","Malta","6121","Value","210041","Prevalence of undernourishment (percent) (3-year average)","20052007","2005-2007","%","<2.5","E","Estimated value",""
"FS","Suite of Food Security Indicators","470","Malta","6121","Value","210041","Prevalence of undernourishment (percent) (3-year average)","20062008","2006-2008","%","<2.5","E","Estimated value",""
"FS","Suite of Food Security Indicators","470","Malta","6121","Value","210041","Prevalence of undernourishment (percent) (3-year average)","20072009","2007-2009","%","<2.5","E","Estimated value",""
"FS","Suite of Food Security Indicators","470","Malta","6121","Value","210041","Prevalence of undernourishment (percent) (3-year average)","20082010","2008-2010","%","<2.5","E","Estimated value",""
"FS","Suite of Food Security Indicators","470","Malta","6121","Value","210041","Prevalence of undernourishment (percent) (3-year average)","20092011","2009-2011","%","<2.5","E","Estimated value",""
"FS","Suite of Food Security Indicators","470","Malta","6121","Value","210041","Prevalence of undernourishment (percent) (3-year average)","20102012","2010-2012","%","<2.5","E","Estimated value",""
"FS","Suite of Food Security Indicators","470","Malta","6121","Value","210041","Prevalence of undernourishment (percent) (3-year average)","20112013","2011-2013","%","<2.5","E","Estimated value",""
"FS","Suite of Food Security Indicators","470","Malta","6121","Value","210041","Prevalence of undernourishment (percent) (3-year average)","20122014","2012-2014","%","<2.5","E","Estimated value",""
"FS","Suite of Food Security Indicators","470","Malta","6121","Value","210041","Prevalence of undernourishment (percent) (3-year average)","20132015","2013-2015","%","<2.5","E","Estimated value",""
"FS","Suite of Food Security Indicators","470","Malta","6121","Value","210041","Prevalence of undernourishment (percent) (3-year average)","20142016","2014-2016","%","<2.5","E","Estimated value",""
"FS","Suite of Food Security Indicators","470","Malta","6121","Value","210041","Prevalence of undernourishment (percent) (3-year average)","20152017","2015-2017","%","<2.5","E","Estimated value",""
"FS","Suite of Food Security Indicators","470","Malta","6121","Value","210041","Prevalence of undernourishment (percent) (3-year average)","20162018","2016-2018","%","<2.5","E","Estimated value",""
"FS","Suite of Food Security Indicators","470","Malta","6121","Value","210041","Prevalence of undernourishment (percent) (3-year average)","20172019","2017-2019","%","<2.5","E","Estimated value",""
"FS","Suite of Food Security Indicators","470","Malta","6121","Value","210041","Prevalence of undernourishment (percent) (3-year average)","20182020","2018-2020","%","<2.5","E","Estimated value",""
"FS","Suite of Food Security Indicators","470","Malta","6121","Value","210041","Prevalence of undernourishment (percent) (3-year average)","20192021","2019-2021","%","<2.5","E","Estimated value",""
"FS","Suite of Food Security Indicators","470","Malta","6121","Value","210041","Prevalence of undernourishment (percent) (3-year average)","20202022","2020-2022","%","<2.5","E","Estimated value",""
"FS","Suite of Food Security Indicators","470","Malta","6121","Value","210041","Prevalence of undernourishment (percent) (3-year average)","20212023","2021-2023","%","<2.5","E","Estimated value",""
"FS","Suite of Food Security Indicators","470","Malta","6121","Value","210041","Prevalence of undernourishment (percent) (3-year average)","20222024","2022-2024","%","<2.5","E","Estimated value",""
"FS","Suite of Food Security Indicators","584","Marshall Islands","6121","Value","210041","Prevalence of undernourishment (percent) (3-year average)","20002002","2000-2002","%","","O","Missing value",""
"FS","Suite of Food Security Indicators","584","Marshall Islands","6121","Value","210041","Prevalence of undernourishment (percent) (3-year average)","20012003","2001-2003","%","","O","Missing value",""
"FS","Suite of Food Security Indicators","584","Marshall Islands","6121","Value","210041","Prevalence of undernourishment (percent) (3-year average)","20022004","2002-2004","%","","O","Missing value",""
"FS","Suite of Food Security Indicators","584","Marshall Islands","6121","Value","210041","Prevalence of undernourishment (percent) (3-year average)","20032005","2003-2005","%","","O","Missing value",""
"FS","Suite of Food Security Indicators","584","Marshall Islands","6121","Value","210041","Prevalence of undernourishment (percent) (3-year average)","20042006","2004-2006","%","","O","Missing value",""
"FS","Suite of Food Security Indicators","584","Marshall Islands","6121","Value","210041","Prevalence of undernourishment (percent) (3-year average)","20052007","2005-2007","%","","O","Missing value",""
"FS","Suite of Food Security Indicators","584","Marshall Islands","6121","Value","210041","Prevalence of undernourishment (percent) (3-year average)","20062008","2006-2008","%","","O","Missing value",""
"FS","Suite of Food Security Indicators","584","Marshall Islands","6121","Value","210041","Prevalence of undernourishment (percent) (3-year average)","20072009","2007-2009","%","","O","Missing value",""
"FS","Suite of Food Security Indicators","584","Marshall Islands","6121","Value","210041","Prevalence of undernourishment (percent) (3-year average)","20082010","2008-2010","%","","O","Missing value",""
"FS","Suite of Food Security Indicators","584","Marshall Islands","6121","Value","210041","Prevalence of undernourishment (percent) (3-year average)","20092011","2009-2011","%","","O","Missing value",""
"FS","Suite of Food Security Indicators","584","Marshall Islands","6121","Value","210041","Prevalence of undernourishment (percent) (3-year average)","20102012","2010-2012","%","","O","Missing value",""
"FS","Suite of Food Security Indicators","584","Marshall Islands","6121","Value","210041","Prevalence of undernourishment (percent) (3-year average)","20112013","2011-2013","%","","O","Missing value",""
"FS","Suite of Food Security Indicators","584","Marshall Islands","6121","Value","210041","Prevalence of undernourishment (percent) (3-year average)","20122014","2012-2014","%","","O","Missing value",""
"FS","Suite of Food Security Indicators","584","Marshall Islands","6121","Value","210041","Prevalence of undernourishment (percent) (3-year average)","20132015","2013-2015","%","","O","Missing value",""
"FS","Suite of Food Security Indicators","584","Marshall Islands","6121","Value","210041","Prevalence of undernourishment (percent) (3-year average)","20142016","2014-2016","%","","O","Missing value",""
"FS","Suite of Food Security Indicators","584","Marshall Islands","6121","Value","210041","Prevalence of undernourishment (percent) (3-year average)","20152017","2015-2017","%","","O","Missing value",""
"FS","Suite of Food Security Indicators","584","Marshall Islands","6121","Value","210041","Prevalence of undernourishment (percent) (3-year average)","20162018","2016-2018","%","","O","Missing value",""
"FS","Suite of Food Security Indicators","584","Marshall Islands","6121","Value","210041","Prevalence of undernourishment (percent) (3-year average)","20172019","2017-2019","%","","O","Missing value",""
"FS","Suite of Food Security Indicators","584","Marshall Islands","6121","Value","210041","Prevalence of undernourishment (percent) (3-year average)","20182020","2018-2020","%","","O","Missing value",""
"FS","Suite of Food Security Indicators","584","Marshall Islands","6121","Value","210041","Prevalence of undernourishment (percent) (3-year average)","20192021","2019-2021","%","","O","Missing value",""
"FS","Suite of Food Security Indicators","584","Marshall Islands","6121","Value","210041","Prevalence of undernourishment (percent) (3-year average)","20202022","2020-2022","%","","O","Missing value",""
"FS","Suite of Food Security Indicators","584","Marshall Islands","6121","Value","210041","Prevalence of undernourishment (percent) (3-year average)","20212023","2021-2023","%","","O","Missing value",""
"FS","Suite of Food Security Indicators","584","Marshall Islands","6121","Value","210041","Prevalence of undernourishment (percent) (3-year average)","20222024","2022-2024","%","","O","Missing value",""
"FS","Suite of Food Security Indicators","478","Mauritania","6121","Value","210041","Prevalence of undernourishment (percent) (3-year average)","20002002","2000-2002","%","9.8","E","Estimated value",""
"FS","Suite of Food Security Indicators","478","Mauritania","6121","Value","210041","Prevalence of undernourishment (percent) (3-year average)","20012003","2001-2003","%","9.2","E","Estimated value",""
"FS","Suite of Food Security Indicators","478","Mauritania","6121","Value","210041","Prevalence of undernourishment (percent) (3-year average)","20022004","2002-2004","%","9.5","E","Estimated value",""
"FS","Suite of Food Security Indicators","478","Mauritania","6121","Value","210041","Prevalence of undernourishment (percent) (3-year average)","20032005","2003-2005","%","9.5","E","Estimated value",""
"FS","Suite of Food Security Indicators","478","Mauritania","6121","Value","210041","Prevalence of undernourishment (percent) (3-year average)","20042006","2004-2006","%","10.3","E","Estimated value",""
"FS","Suite of Food Security Indicators","478","Mauritania","6121","Value","210041","Prevalence of undernourishment (percent) (3-year average)","20052007","2005-2007","%","9.3","E","Estimated value",""
"FS","Suite of Food Security Indicators","478","Mauritania","6121","Value","210041","Prevalence of undernourishment (percent) (3-year average)","20062008","2006-2008","%","8.4","E","Estimated value",""
"FS","Suite of Food Security Indicators","478","Mauritania","6121","Value","210041","Prevalence of undernourishment (percent) (3-year average)","20072009","2007-2009","%","7.3","E","Estimated value",""
"FS","Suite of Food Security Indicators","478","Mauritania","6121","Value","210041","Prevalence of undernourishment (percent) (3-year average)","20082010","2008-2010","%","7.1","E","Estimated value",""
"FS","Suite of Food Security Indicators","478","Mauritania","6121","Value","210041","Prevalence of undernourishment (percent) (3-year average)","20092011","2009-2011","%","7","E","Estimated value",""
"FS","Suite of Food Security Indicators","478","Mauritania","6121","Value","210041","Prevalence of undernourishment (percent) (3-year average)","20102012","2010-2012","%","6.5","E","Estimated value",""
"FS","Suite of Food Security Indicators","478","Mauritania","6121","Value","210041","Prevalence of undernourishment (percent) (3-year average)","20112013","2011-2013","%","6.2","E","Estimated value",""
"FS","Suite of Food Security Indicators","478","Mauritania","6121","Value","210041","Prevalence of undernourishment (percent) (3-year average)","20122014","2012-2014","%","6.1","E","Estimated value",""
"FS","Suite of Food Security Indicators","478","Mauritania","6121","Value","210041","Prevalence of undernourishment (percent) (3-year average)","20132015","2013-2015","%","6.3","E","Estimated value",""
"FS","Suite of Food Security Indicators","478","Mauritania","6121","Value","210041","Prevalence of undernourishment (percent) (3-year average)","20142016","2014-2016","%","6.5","E","Estimated value",""
"FS","Suite of Food Security Indicators","478","Mauritania","6121","Value","210041","Prevalence of undernourishment (percent) (3-year average)","20152017","2015-2017","%","6.7","E","Estimated value",""
"FS","Suite of Food Security Indicators","478","Mauritania","6121","Value","210041","Prevalence of undernourishment (percent) (3-year average)","20162018","2016-2018","%","6.6","E","Estimated value",""
"FS","Suite of Food Security Indicators","478","Mauritania","6121","Value","210041","Prevalence of undernourishment (percent) (3-year average)","20172019","2017-2019","%","6.5","E","Estimated value",""
"FS","Suite of Food Security Indicators","478","Mauritania","6121","Value","210041","Prevalence of undernourishment (percent) (3-year average)","20182020","2018-2020","%","6.6","E","Estimated value",""
"FS","Suite of Food Security Indicators","478","Mauritania","6121","Value","210041","Prevalence of undernourishment (percent) (3-year average)","20192021","2019-2021","%","7","E","Estimated value",""
"FS","Suite of Food Security Indicators","478","Mauritania","6121","Value","210041","Prevalence of undernourishment (percent) (3-year average)","20202022","2020-2022","%","7.8","E","Estimated value",""
"FS","Suite of Food Security Indicators","478","Mauritania","6121","Value","210041","Prevalence of undernourishment (percent) (3-year average)","20212023","2021-2023","%","8.6","E","Estimated value",""
"FS","Suite of Food Security Indicators","478","Mauritania","6121","Value","210041","Prevalence of undernourishment (percent) (3-year average)","20222024","2022-2024","%","8.7","E","Estimated value",""
"FS","Suite of Food Security Indicators","480","Mauritius","6121","Value","210041","Prevalence of undernourishment (percent) (3-year average)","20002002","2000-2002","%","5.9","E","Estimated value",""
"FS","Suite of Food Security Indicators","480","Mauritius","6121","Value","210041","Prevalence of undernourishment (percent) (3-year average)","20012003","2001-2003","%","5.8","E","Estimated value",""
"FS","Suite of Food Security Indicators","480","Mauritius","6121","Value","210041","Prevalence of undernourishment (percent) (3-year average)","20022004","2002-2004","%","5.6","E","Estimated value",""
"FS","Suite of Food Security Indicators","480","Mauritius","6121","Value","210041","Prevalence of undernourishment (percent) (3-year average)","20032005","2003-2005","%","5.6","E","Estimated value",""
"FS","Suite of Food Security Indicators","480","Mauritius","6121","Value","210041","Prevalence of undernourishment (percent) (3-year average)","20042006","2004-2006","%","5.4","E","Estimated value",""
"FS","Suite of Food Security Indicators","480","Mauritius","6121","Value","210041","Prevalence of undernourishment (percent) (3-year average)","20052007","2005-2007","%","5.4","E","Estimated value",""
"FS","Suite of Food Security Indicators","480","Mauritius","6121","Value","210041","Prevalence of undernourishment (percent) (3-year average)","20062008","2006-2008","%","5.6","E","Estimated value",""
"FS","Suite of Food Security Indicators","480","Mauritius","6121","Value","210041","Prevalence of undernourishment (percent) (3-year average)","20072009","2007-2009","%","5.4","E","Estimated value",""
"FS","Suite of Food Security Indicators","480","Mauritius","6121","Value","210041","Prevalence of undernourishment (percent) (3-year average)","20082010","2008-2010","%","5.5","E","Estimated value",""
"FS","Suite of Food Security Indicators","480","Mauritius","6121","Value","210041","Prevalence of undernourishment (percent) (3-year average)","20092011","2009-2011","%","5.5","E","Estimated value",""
"FS","Suite of Food Security Indicators","480","Mauritius","6121","Value","210041","Prevalence of undernourishment (percent) (3-year average)","20102012","2010-2012","%","6.1","E","Estimated value",""
"FS","Suite of Food Security Indicators","480","Mauritius","6121","Value","210041","Prevalence of undernourishment (percent) (3-year average)","20112013","2011-2013","%","6.5","E","Estimated value",""
"FS","Suite of Food Security Indicators","480","Mauritius","6121","Value","210041","Prevalence of undernourishment (percent) (3-year average)","20122014","2012-2014","%","6.7","E","Estimated value",""
"FS","Suite of Food Security Indicators","480","Mauritius","6121","Value","210041","Prevalence of undernourishment (percent) (3-year average)","20132015","2013-2015","%","6.8","E","Estimated value",""
"FS","Suite of Food Security Indicators","480","Mauritius","6121","Value","210041","Prevalence of undernourishment (percent) (3-year average)","20142016","2014-2016","%","7.1","E","Estimated value",""
"FS","Suite of Food Security Indicators","480","Mauritius","6121","Value","210041","Prevalence of undernourishment (percent) (3-year average)","20152017","2015-2017","%","7.2","E","Estimated value",""
"FS","Suite of Food Security Indicators","480","Mauritius","6121","Value","210041","Prevalence of undernourishment (percent) (3-year average)","20162018","2016-2018","%","7.3","E","Estimated value",""
"FS","Suite of Food Security Indicators","480","Mauritius","6121","Value","210041","Prevalence of undernourishment (percent) (3-year average)","20172019","2017-2019","%","7.1","E","Estimated value",""
"FS","Suite of Food Security Indicators","480","Mauritius","6121","Value","210041","Prevalence of undernourishment (percent) (3-year average)","20182020","2018-2020","%","7.6","E","Estimated value",""
"FS","Suite of Food Security Indicators","480","Mauritius","6121","Value","210041","Prevalence of undernourishment (percent) (3-year average)","20192021","2019-2021","%","7.5","E","Estimated value",""
"FS","Suite of Food Security Indicators","480","Mauritius","6121","Value","210041","Prevalence of undernourishment (percent) (3-year average)","20202022","2020-2022","%","7.7","E","Estimated value",""
"FS","Suite of Food Security Indicators","480","Mauritius","6121","Value","210041","Prevalence of undernourishment (percent) (3-year average)","20212023","2021-2023","%","7.9","E","Estimated value",""
"FS","Suite of Food Security Indicators","480","Mauritius","6121","Value","210041","Prevalence of undernourishment (percent) (3-year average)","20222024","2022-2024","%","8.7","E","Estimated value",""
"FS","Suite of Food Security Indicators","484","Mexico","6121","Value","210041","Prevalence of undernourishment (percent) (3-year average)","20002002","2000-2002","%","2.8","E","Estimated value",""
"FS","Suite of Food Security Indicators","484","Mexico","6121","Value","210041","Prevalence of undernourishment (percent) (3-year average)","20012003","2001-2003","%","3.2","E","Estimated value",""
"FS","Suite of Food Security Indicators","484","Mexico","6121","Value","210041","Prevalence of undernourishment (percent) (3-year average)","20022004","2002-2004","%","3.8","E","Estimated value",""
"FS","Suite of Food Security Indicators","484","Mexico","6121","Value","210041","Prevalence of undernourishment (percent) (3-year average)","20032005","2003-2005","%","4.1","E","Estimated value",""
"FS","Suite of Food Security Indicators","484","Mexico","6121","Value","210041","Prevalence of undernourishment (percent) (3-year average)","20042006","2004-2006","%","4","E","Estimated value",""
"FS","Suite of Food Security Indicators","484","Mexico","6121","Value","210041","Prevalence of undernourishment (percent) (3-year average)","20052007","2005-2007","%","3.7","E","Estimated value",""
"FS","Suite of Food Security Indicators","484","Mexico","6121","Value","210041","Prevalence of undernourishment (percent) (3-year average)","20062008","2006-2008","%","3.7","E","Estimated value",""
"FS","Suite of Food Security Indicators","484","Mexico","6121","Value","210041","Prevalence of undernourishment (percent) (3-year average)","20072009","2007-2009","%","3.9","E","Estimated value",""
"FS","Suite of Food Security Indicators","484","Mexico","6121","Value","210041","Prevalence of undernourishment (percent) (3-year average)","20082010","2008-2010","%","4.1","E","Estimated value",""
"FS","Suite of Food Security Indicators","484","Mexico","6121","Value","210041","Prevalence of undernourishment (percent) (3-year average)","20092011","2009-2011","%","4","E","Estimated value",""
"FS","Suite of Food Security Indicators","484","Mexico","6121","Value","210041","Prevalence of undernourishment (percent) (3-year average)","20102012","2010-2012","%","3.9","E","Estimated value",""
"FS","Suite of Food Security Indicators","484","Mexico","6121","Value","210041","Prevalence of undernourishment (percent) (3-year average)","20112013","2011-2013","%","3.8","E","Estimated value",""
"FS","Suite of Food Security Indicators","484","Mexico","6121","Value","210041","Prevalence of undernourishment (percent) (3-year average)","20122014","2012-2014","%","3.7","E","Estimated value",""
"FS","Suite of Food Security Indicators","484","Mexico","6121","Value","210041","Prevalence of undernourishment (percent) (3-year average)","20132015","2013-2015","%","3.7","E","Estimated value",""
"FS","Suite of Food Security Indicators","484","Mexico","6121","Value","210041","Prevalence of undernourishment (percent) (3-year average)","20142016","2014-2016","%","3.7","E","Estimated value",""
"FS","Suite of Food Security Indicators","484","Mexico","6121","Value","210041","Prevalence of undernourishment (percent) (3-year average)","20152017","2015-2017","%","3.7","E","Estimated value",""
"FS","Suite of Food Security Indicators","484","Mexico","6121","Value","210041","Prevalence of undernourishment (percent) (3-year average)","20162018","2016-2018","%","3.7","E","Estimated value",""
"FS","Suite of Food Security Indicators","484","Mexico","6121","Value","210041","Prevalence of undernourishment (percent) (3-year average)","20172019","2017-2019","%","3.6","E","Estimated value",""
"FS","Suite of Food Security Indicators","484","Mexico","6121","Value","210041","Prevalence of undernourishment (percent) (3-year average)","20182020","2018-2020","%","3.4","E","Estimated value",""
"FS","Suite of Food Security Indicators","484","Mexico","6121","Value","210041","Prevalence of undernourishment (percent) (3-year average)","20192021","2019-2021","%","3.1","E","Estimated value",""
"FS","Suite of Food Security Indicators","484","Mexico","6121","Value","210041","Prevalence of undernourishment (percent) (3-year average)","20202022","2020-2022","%","3","E","Estimated value",""
"FS","Suite of Food Security Indicators","484","Mexico","6121","Value","210041","Prevalence of undernourishment (percent) (3-year average)","20212023","2021-2023","%","2.8","E","Estimated value",""
"FS","Suite of Food Security Indicators","484","Mexico","6121","Value","210041","Prevalence of undernourishment (percent) (3-year average)","20222024","2022-2024","%","2.7","E","Estimated value",""
"FS","Suite of Food Security Indicators","583","Micronesia (Federated States of)","6121","Value","210041","Prevalence of undernourishment (percent) (3-year average)","20002002","2000-2002","%","","O","Missing value",""
"FS","Suite of Food Security Indicators","583","Micronesia (Federated States of)","6121","Value","210041","Prevalence of undernourishment (percent) (3-year average)","20012003","2001-2003","%","","O","Missing value",""
"FS","Suite of Food Security Indicators","583","Micronesia (Federated States of)","6121","Value","210041","Prevalence of undernourishment (percent) (3-year average)","20022004","2002-2004","%","","O","Missing value",""
"FS","Suite of Food Security Indicators","583","Micronesia (Federated States of)","6121","Value","210041","Prevalence of undernourishment (percent) (3-year average)","20032005","2003-2005","%","","O","Missing value",""
"FS","Suite of Food Security Indicators","583","Micronesia (Federated States of)","6121","Value","210041","Prevalence of undernourishment (percent) (3-year average)","20042006","2004-2006","%","","O","Missing value",""
"FS","Suite of Food Security Indicators","583","Micronesia (Federated States of)","6121","Value","210041","Prevalence of undernourishment (percent) (3-year average)","20052007","2005-2007","%","","O","Missing value",""
"FS","Suite of Food Security Indicators","583","Micronesia (Federated States of)","6121","Value","210041","Prevalence of undernourishment (percent) (3-year average)","20062008","2006-2008","%","","O","Missing value",""
"FS","Suite of Food Security Indicators","583","Micronesia (Federated States of)","6121","Value","210041","Prevalence of undernourishment (percent) (3-year average)","20072009","2007-2009","%","","O","Missing value",""
"FS","Suite of Food Security Indicators","583","Micronesia (Federated States of)","6121","Value","210041","Prevalence of undernourishment (percent) (3-year average)","20082010","2008-2010","%","","O","Missing value",""
"FS","Suite of Food Security Indicators","583","Micronesia (Federated States of)","6121","Value","210041","Prevalence of undernourishment (percent) (3-year average)","20092011","2009-2011","%","","O","Missing value",""
"FS","Suite of Food Security Indicators","583","Micronesia (Federated States of)","6121","Value","210041","Prevalence of undernourishment (percent) (3-year average)","20102012","2010-2012","%","","O","Missing value",""
"FS","Suite of Food Security Indicators","583","Micronesia (Federated States of)","6121","Value","210041","Prevalence of undernourishment (percent) (3-year average)","20112013","2011-2013","%","","O","Missing value",""
"FS","Suite of Food Security Indicators","583","Micronesia (Federated States of)","6121","Value","210041","Prevalence of undernourishment (percent) (3-year average)","20122014","2012-2014","%","","O","Missing value",""
"FS","Suite of Food Security Indicators","583","Micronesia (Federated States of)","6121","Value","210041","Prevalence of undernourishment (percent) (3-year average)","20132015","2013-2015","%","","O","Missing value",""
"FS","Suite of Food Security Indicators","583","Micronesia (Federated States of)","6121","Value","210041","Prevalence of undernourishment (percent) (3-year average)","20142016","2014-2016","%","","O","Missing value",""
"FS","Suite of Food Security Indicators","583","Micronesia (Federated States of)","6121","Value","210041","Prevalence of undernourishment (percent) (3-year average)","20152017","2015-2017","%","","O","Missing value",""
"FS","Suite of Food Security Indicators","583","Micronesia (Federated States of)","6121","Value","210041","Prevalence of undernourishment (percent) (3-year average)","20162018","2016-2018","%","","O","Missing value",""
"FS","Suite of Food Security Indicators","583","Micronesia (Federated States of)","6121","Value","210041","Prevalence of undernourishment (percent) (3-year average)","20172019","2017-2019","%","","O","Missing value",""
"FS","Suite of Food Security Indicators","583","Micronesia (Federated States of)","6121","Value","210041","Prevalence of undernourishment (percent) (3-year average)","20182020","2018-2020","%","","O","Missing value",""
"FS","Suite of Food Security Indicators","583","Micronesia (Federated States of)","6121","Value","210041","Prevalence of undernourishment (percent) (3-year average)","20192021","2019-2021","%","","O","Missing value",""
"FS","Suite of Food Security Indicators","583","Micronesia (Federated States of)","6121","Value","210041","Prevalence of undernourishment (percent) (3-year average)","20202022","2020-2022","%","","O","Missing value",""
"FS","Suite of Food Security Indicators","583","Micronesia (Federated States of)","6121","Value","210041","Prevalence of undernourishment (percent) (3-year average)","20212023","2021-2023","%","","O","Missing value",""
"FS","Suite of Food Security Indicators","583","Micronesia (Federated States of)","6121","Value","210041","Prevalence of undernourishment (percent) (3-year average)","20222024","2022-2024","%","","O","Missing value",""
"FS","Suite of Food Security Indicators","496","Mongolia","6121","Value","210041","Prevalence of undernourishment (percent) (3-year average)","20002002","2000-2002","%","30.1","E","Estimated value",""
"FS","Suite of Food Security Indicators","496","Mongolia","6121","Value","210041","Prevalence of undernourishment (percent) (3-year average)","20012003","2001-2003","%","29.5","E","Estimated value",""
"FS","Suite of Food Security Indicators","496","Mongolia","6121","Value","210041","Prevalence of undernourishment (percent) (3-year average)","20022004","2002-2004","%","29.6","E","Estimated value",""
"FS","Suite of Food Security Indicators","496","Mongolia","6121","Value","210041","Prevalence of undernourishment (percent) (3-year average)","20032005","2003-2005","%","29.5","E","Estimated value",""
"FS","Suite of Food Security Indicators","496","Mongolia","6121","Value","210041","Prevalence of undernourishment (percent) (3-year average)","20042006","2004-2006","%","28.4","E","Estimated value",""
"FS","Suite of Food Security Indicators","496","Mongolia","6121","Value","210041","Prevalence of undernourishment (percent) (3-year average)","20052007","2005-2007","%","26.5","E","Estimated value",""
"FS","Suite of Food Security Indicators","496","Mongolia","6121","Value","210041","Prevalence of undernourishment (percent) (3-year average)","20062008","2006-2008","%","24.5","E","Estimated value",""
"FS","Suite of Food Security Indicators","496","Mongolia","6121","Value","210041","Prevalence of undernourishment (percent) (3-year average)","20072009","2007-2009","%","21.9","E","Estimated value",""
"FS","Suite of Food Security Indicators","496","Mongolia","6121","Value","210041","Prevalence of undernourishment (percent) (3-year average)","20082010","2008-2010","%","19.8","E","Estimated value",""
"FS","Suite of Food Security Indicators","496","Mongolia","6121","Value","210041","Prevalence of undernourishment (percent) (3-year average)","20092011","2009-2011","%","17.1","E","Estimated value",""
"FS","Suite of Food Security Indicators","496","Mongolia","6121","Value","210041","Prevalence of undernourishment (percent) (3-year average)","20102012","2010-2012","%","14.8","E","Estimated value",""
"FS","Suite of Food Security Indicators","496","Mongolia","6121","Value","210041","Prevalence of undernourishment (percent) (3-year average)","20112013","2011-2013","%","13","E","Estimated value",""
"FS","Suite of Food Security Indicators","496","Mongolia","6121","Value","210041","Prevalence of undernourishment (percent) (3-year average)","20122014","2012-2014","%","11.9","E","Estimated value",""
"FS","Suite of Food Security Indicators","496","Mongolia","6121","Value","210041","Prevalence of undernourishment (percent) (3-year average)","20132015","2013-2015","%","10.6","E","Estimated value",""
"FS","Suite of Food Security Indicators","496","Mongolia","6121","Value","210041","Prevalence of undernourishment (percent) (3-year average)","20142016","2014-2016","%","8.9","E","Estimated value",""
"FS","Suite of Food Security Indicators","496","Mongolia","6121","Value","210041","Prevalence of undernourishment (percent) (3-year average)","20152017","2015-2017","%","8.1","E","Estimated value",""
"FS","Suite of Food Security Indicators","496","Mongolia","6121","Value","210041","Prevalence of undernourishment (percent) (3-year average)","20162018","2016-2018","%","6.8","E","Estimated value",""
"FS","Suite of Food Security Indicators","496","Mongolia","6121","Value","210041","Prevalence of undernourishment (percent) (3-year average)","20172019","2017-2019","%","6.2","E","Estimated value",""
"FS","Suite of Food Security Indicators","496","Mongolia","6121","Value","210041","Prevalence of undernourishment (percent) (3-year average)","20182020","2018-2020","%","5.1","E","Estimated value",""
"FS","Suite of Food Security Indicators","496","Mongolia","6121","Value","210041","Prevalence of undernourishment (percent) (3-year average)","20192021","2019-2021","%","4.3","E","Estimated value",""
"FS","Suite of Food Security Indicators","496","Mongolia","6121","Value","210041","Prevalence of undernourishment (percent) (3-year average)","20202022","2020-2022","%","3.1","E","Estimated value",""
"FS","Suite of Food Security Indicators","496","Mongolia","6121","Value","210041","Prevalence of undernourishment (percent) (3-year average)","20212023","2021-2023","%","<2.5","E","Estimated value",""
"FS","Suite of Food Security Indicators","496","Mongolia","6121","Value","210041","Prevalence of undernourishment (percent) (3-year average)","20222024","2022-2024","%","<2.5","E","Estimated value",""
"FS","Suite of Food Security Indicators","499","Montenegro","6121","Value","210041","Prevalence of undernourishment (percent) (3-year average)","20002002","2000-2002","%","9.4","E","Estimated value",""
"FS","Suite of Food Security Indicators","499","Montenegro","6121","Value","210041","Prevalence of undernourishment (percent) (3-year average)","20012003","2001-2003","%","9","E","Estimated value",""
"FS","Suite of Food Security Indicators","499","Montenegro","6121","Value","210041","Prevalence of undernourishment (percent) (3-year average)","20022004","2002-2004","%","7.5","E","Estimated value",""
"FS","Suite of Food Security Indicators","499","Montenegro","6121","Value","210041","Prevalence of undernourishment (percent) (3-year average)","20032005","2003-2005","%","5.7","E","Estimated value",""
"FS","Suite of Food Security Indicators","499","Montenegro","6121","Value","210041","Prevalence of undernourishment (percent) (3-year average)","20042006","2004-2006","%","4.1","E","Estimated value",""
"FS","Suite of Food Security Indicators","499","Montenegro","6121","Value","210041","Prevalence of undernourishment (percent) (3-year average)","20052007","2005-2007","%","3","E","Estimated value",""
"FS","Suite of Food Security Indicators","499","Montenegro","6121","Value","210041","Prevalence of undernourishment (percent) (3-year average)","20062008","2006-2008","%","<2.5","E","Estimated value",""
"FS","Suite of Food Security Indicators","499","Montenegro","6121","Value","210041","Prevalence of undernourishment (percent) (3-year average)","20072009","2007-2009","%","<2.5","E","Estimated value",""
"FS","Suite of Food Security Indicators","499","Montenegro","6121","Value","210041","Prevalence of undernourishment (percent) (3-year average)","20082010","2008-2010","%","<2.5","E","Estimated value",""
"FS","Suite of Food Security Indicators","499","Montenegro","6121","Value","210041","Prevalence of undernourishment (percent) (3-year average)","20092011","2009-2011","%","<2.5","E","Estimated value",""
"FS","Suite of Food Security Indicators","499","Montenegro","6121","Value","210041","Prevalence of undernourishment (percent) (3-year average)","20102012","2010-2012","%","<2.5","E","Estimated value",""
"FS","Suite of Food Security Indicators","499","Montenegro","6121","Value","210041","Prevalence of undernourishment (percent) (3-year average)","20112013","2011-2013","%","<2.5","E","Estimated value",""
"FS","Suite of Food Security Indicators","499","Montenegro","6121","Value","210041","Prevalence of undernourishment (percent) (3-year average)","20122014","2012-2014","%","<2.5","E","Estimated value",""
"FS","Suite of Food Security Indicators","499","Montenegro","6121","Value","210041","Prevalence of undernourishment (percent) (3-year average)","20132015","2013-2015","%","<2.5","E","Estimated value",""
"FS","Suite of Food Security Indicators","499","Montenegro","6121","Value","210041","Prevalence of undernourishment (percent) (3-year average)","20142016","2014-2016","%","<2.5","E","Estimated value",""
"FS","Suite of Food Security Indicators","499","Montenegro","6121","Value","210041","Prevalence of undernourishment (percent) (3-year average)","20152017","2015-2017","%","<2.5","E","Estimated value",""
"FS","Suite of Food Security Indicators","499","Montenegro","6121","Value","210041","Prevalence of undernourishment (percent) (3-year average)","20162018","2016-2018","%","<2.5","E","Estimated value",""
"FS","Suite of Food Security Indicators","499","Montenegro","6121","Value","210041","Prevalence of undernourishment (percent) (3-year average)","20172019","2017-2019","%","<2.5","E","Estimated value",""
"FS","Suite of Food Security Indicators","499","Montenegro","6121","Value","210041","Prevalence of undernourishment (percent) (3-year average)","20182020","2018-2020","%","<2.5","E","Estimated value",""
"FS","Suite of Food Security Indicators","499","Montenegro","6121","Value","210041","Prevalence of undernourishment (percent) (3-year average)","20192021","2019-2021","%","<2.5","E","Estimated value",""
"FS","Suite of Food Security Indicators","499","Montenegro","6121","Value","210041","Prevalence of undernourishment (percent) (3-year average)","20202022","2020-2022","%","<2.5","E","Estimated value",""
"FS","Suite of Food Security Indicators","499","Montenegro","6121","Value","210041","Prevalence of undernourishment (percent) (3-year average)","20212023","2021-2023","%","<2.5","E","Estimated value",""
"FS","Suite of Food Security Indicators","499","Montenegro","6121","Value","210041","Prevalence of undernourishment (percent) (3-year average)","20222024","2022-2024","%","<2.5","E","Estimated value",""
"FS","Suite of Food Security Indicators","504","Morocco","6121","Value","210041","Prevalence of undernourishment (percent) (3-year average)","20002002","2000-2002","%","5.8","E","Estimated value",""
"FS","Suite of Food Security Indicators","504","Morocco","6121","Value","210041","Prevalence of undernourishment (percent) (3-year average)","20012003","2001-2003","%","5.4","E","Estimated value",""
"FS","Suite of Food Security Indicators","504","Morocco","6121","Value","210041","Prevalence of undernourishment (percent) (3-year average)","20022004","2002-2004","%","5.1","E","Estimated value",""
"FS","Suite of Food Security Indicators","504","Morocco","6121","Value","210041","Prevalence of undernourishment (percent) (3-year average)","20032005","2003-2005","%","4.9","E","Estimated value",""
"FS","Suite of Food Security Indicators","504","Morocco","6121","Value","210041","Prevalence of undernourishment (percent) (3-year average)","20042006","2004-2006","%","4.8","E","Estimated value",""
"FS","Suite of Food Security Indicators","504","Morocco","6121","Value","210041","Prevalence of undernourishment (percent) (3-year average)","20052007","2005-2007","%","4.8","E","Estimated value",""
"FS","Suite of Food Security Indicators","504","Morocco","6121","Value","210041","Prevalence of undernourishment (percent) (3-year average)","20062008","2006-2008","%","4.8","E","Estimated value",""
"FS","Suite of Food Security Indicators","504","Morocco","6121","Value","210041","Prevalence of undernourishment (percent) (3-year average)","20072009","2007-2009","%","4.8","E","Estimated value",""
"FS","Suite of Food Security Indicators","504","Morocco","6121","Value","210041","Prevalence of undernourishment (percent) (3-year average)","20082010","2008-2010","%","4.8","E","Estimated value",""
"FS","Suite of Food Security Indicators","504","Morocco","6121","Value","210041","Prevalence of undernourishment (percent) (3-year average)","20092011","2009-2011","%","4.7","E","Estimated value",""
"FS","Suite of Food Security Indicators","504","Morocco","6121","Value","210041","Prevalence of undernourishment (percent) (3-year average)","20102012","2010-2012","%","4.5","E","Estimated value",""
"FS","Suite of Food Security Indicators","504","Morocco","6121","Value","210041","Prevalence of undernourishment (percent) (3-year average)","20112013","2011-2013","%","4.3","E","Estimated value",""
"FS","Suite of Food Security Indicators","504","Morocco","6121","Value","210041","Prevalence of undernourishment (percent) (3-year average)","20122014","2012-2014","%","4.1","E","Estimated value",""
"FS","Suite of Food Security Indicators","504","Morocco","6121","Value","210041","Prevalence of undernourishment (percent) (3-year average)","20132015","2013-2015","%","3.9","E","Estimated value",""
"FS","Suite of Food Security Indicators","504","Morocco","6121","Value","210041","Prevalence of undernourishment (percent) (3-year average)","20142016","2014-2016","%","3.7","E","Estimated value",""
"FS","Suite of Food Security Indicators","504","Morocco","6121","Value","210041","Prevalence of undernourishment (percent) (3-year average)","20152017","2015-2017","%","3.7","E","Estimated value",""
"FS","Suite of Food Security Indicators","504","Morocco","6121","Value","210041","Prevalence of undernourishment (percent) (3-year average)","20162018","2016-2018","%","3.5","E","Estimated value",""
"FS","Suite of Food Security Indicators","504","Morocco","6121","Value","210041","Prevalence of undernourishment (percent) (3-year average)","20172019","2017-2019","%","3.6","E","Estimated value",""
"FS","Suite of Food Security Indicators","504","Morocco","6121","Value","210041","Prevalence of undernourishment (percent) (3-year average)","20182020","2018-2020","%","4.1","E","Estimated value",""
"FS","Suite of Food Security Indicators","504","Morocco","6121","Value","210041","Prevalence of undernourishment (percent) (3-year average)","20192021","2019-2021","%","5.3","E","Estimated value",""
"FS","Suite of Food Security Indicators","504","Morocco","6121","Value","210041","Prevalence of undernourishment (percent) (3-year average)","20202022","2020-2022","%","6.5","E","Estimated value",""
"FS","Suite of Food Security Indicators","504","Morocco","6121","Value","210041","Prevalence of undernourishment (percent) (3-year average)","20212023","2021-2023","%","6.9","E","Estimated value",""
"FS","Suite of Food Security Indicators","504","Morocco","6121","Value","210041","Prevalence of undernourishment (percent) (3-year average)","20222024","2022-2024","%","7","E","Estimated value",""
"FS","Suite of Food Security Indicators","508","Mozambique","6121","Value","210041","Prevalence of undernourishment (percent) (3-year average)","20002002","2000-2002","%","36.4","E","Estimated value",""
"FS","Suite of Food Security Indicators","508","Mozambique","6121","Value","210041","Prevalence of undernourishment (percent) (3-year average)","20012003","2001-2003","%","34.9","E","Estimated value",""
"FS","Suite of Food Security Indicators","508","Mozambique","6121","Value","210041","Prevalence of undernourishment (percent) (3-year average)","20022004","2002-2004","%","32.8","E","Estimated value",""
"FS","Suite of Food Security Indicators","508","Mozambique","6121","Value","210041","Prevalence of undernourishment (percent) (3-year average)","20032005","2003-2005","%","30.9","E","Estimated value",""
"FS","Suite of Food Security Indicators","508","Mozambique","6121","Value","210041","Prevalence of undernourishment (percent) (3-year average)","20042006","2004-2006","%","29.2","E","Estimated value",""
"FS","Suite of Food Security Indicators","508","Mozambique","6121","Value","210041","Prevalence of undernourishment (percent) (3-year average)","20052007","2005-2007","%","27.3","E","Estimated value",""
"FS","Suite of Food Security Indicators","508","Mozambique","6121","Value","210041","Prevalence of undernourishment (percent) (3-year average)","20062008","2006-2008","%","25.4","E","Estimated value",""
"FS","Suite of Food Security Indicators","508","Mozambique","6121","Value","210041","Prevalence of undernourishment (percent) (3-year average)","20072009","2007-2009","%","23.6","E","Estimated value",""
"FS","Suite of Food Security Indicators","508","Mozambique","6121","Value","210041","Prevalence of undernourishment (percent) (3-year average)","20082010","2008-2010","%","21.7","E","Estimated value",""
"FS","Suite of Food Security Indicators","508","Mozambique","6121","Value","210041","Prevalence of undernourishment (percent) (3-year average)","20092011","2009-2011","%","20","E","Estimated value",""
"FS","Suite of Food Security Indicators","508","Mozambique","6121","Value","210041","Prevalence of undernourishment (percent) (3-year average)","20102012","2010-2012","%","19.9","E","Estimated value",""
"FS","Suite of Food Security Indicators","508","Mozambique","6121","Value","210041","Prevalence of undernourishment (percent) (3-year average)","20112013","2011-2013","%","21.6","E","Estimated value",""
"FS","Suite of Food Security Indicators","508","Mozambique","6121","Value","210041","Prevalence of undernourishment (percent) (3-year average)","20122014","2012-2014","%","26.4","E","Estimated value",""
"FS","Suite of Food Security Indicators","508","Mozambique","6121","Value","210041","Prevalence of undernourishment (percent) (3-year average)","20132015","2013-2015","%","32.6","E","Estimated value",""
"FS","Suite of Food Security Indicators","508","Mozambique","6121","Value","210041","Prevalence of undernourishment (percent) (3-year average)","20142016","2014-2016","%","39.9","E","Estimated value",""
"FS","Suite of Food Security Indicators","508","Mozambique","6121","Value","210041","Prevalence of undernourishment (percent) (3-year average)","20152017","2015-2017","%","41.6","E","Estimated value",""
"FS","Suite of Food Security Indicators","508","Mozambique","6121","Value","210041","Prevalence of undernourishment (percent) (3-year average)","20162018","2016-2018","%","38.3","E","Estimated value",""
"FS","Suite of Food Security Indicators","508","Mozambique","6121","Value","210041","Prevalence of undernourishment (percent) (3-year average)","20172019","2017-2019","%","32.5","E","Estimated value",""
"FS","Suite of Food Security Indicators","508","Mozambique","6121","Value","210041","Prevalence of undernourishment (percent) (3-year average)","20182020","2018-2020","%","28.3","E","Estimated value",""
"FS","Suite of Food Security Indicators","508","Mozambique","6121","Value","210041","Prevalence of undernourishment (percent) (3-year average)","20192021","2019-2021","%","25.8","E","Estimated value",""
"FS","Suite of Food Security Indicators","508","Mozambique","6121","Value","210041","Prevalence of undernourishment (percent) (3-year average)","20202022","2020-2022","%","22.8","E","Estimated value",""
"FS","Suite of Food Security Indicators","508","Mozambique","6121","Value","210041","Prevalence of undernourishment (percent) (3-year average)","20212023","2021-2023","%","21.8","E","Estimated value",""
"FS","Suite of Food Security Indicators","508","Mozambique","6121","Value","210041","Prevalence of undernourishment (percent) (3-year average)","20222024","2022-2024","%","21.8","E","Estimated value",""
"FS","Suite of Food Security Indicators","104","Myanmar","6121","Value","210041","Prevalence of undernourishment (percent) (3-year average)","20002002","2000-2002","%","38.6","E","Estimated value",""
"FS","Suite of Food Security Indicators","104","Myanmar","6121","Value","210041","Prevalence of undernourishment (percent) (3-year average)","20012003","2001-2003","%","35.8","E","Estimated value",""
"FS","Suite of Food Security Indicators","104","Myanmar","6121","Value","210041","Prevalence of undernourishment (percent) (3-year average)","20022004","2002-2004","%","32.6","E","Estimated value",""
"FS","Suite of Food Security Indicators","104","Myanmar","6121","Value","210041","Prevalence of undernourishment (percent) (3-year average)","20032005","2003-2005","%","28.8","E","Estimated value",""
"FS","Suite of Food Security Indicators","104","Myanmar","6121","Value","210041","Prevalence of undernourishment (percent) (3-year average)","20042006","2004-2006","%","24.8","E","Estimated value",""
"FS","Suite of Food Security Indicators","104","Myanmar","6121","Value","210041","Prevalence of undernourishment (percent) (3-year average)","20052007","2005-2007","%","21","E","Estimated value",""
"FS","Suite of Food Security Indicators","104","Myanmar","6121","Value","210041","Prevalence of undernourishment (percent) (3-year average)","20062008","2006-2008","%","17.4","E","Estimated value",""
"FS","Suite of Food Security Indicators","104","Myanmar","6121","Value","210041","Prevalence of undernourishment (percent) (3-year average)","20072009","2007-2009","%","14","E","Estimated value",""
"FS","Suite of Food Security Indicators","104","Myanmar","6121","Value","210041","Prevalence of undernourishment (percent) (3-year average)","20082010","2008-2010","%","11.1","E","Estimated value",""
"FS","Suite of Food Security Indicators","104","Myanmar","6121","Value","210041","Prevalence of undernourishment (percent) (3-year average)","20092011","2009-2011","%","9.2","E","Estimated value",""
"FS","Suite of Food Security Indicators","104","Myanmar","6121","Value","210041","Prevalence of undernourishment (percent) (3-year average)","20102012","2010-2012","%","8","E","Estimated value",""
"FS","Suite of Food Security Indicators","104","Myanmar","6121","Value","210041","Prevalence of undernourishment (percent) (3-year average)","20112013","2011-2013","%","7.4","E","Estimated value",""
"FS","Suite of Food Security Indicators","104","Myanmar","6121","Value","210041","Prevalence of undernourishment (percent) (3-year average)","20122014","2012-2014","%","6.4","E","Estimated value",""
"FS","Suite of Food Security Indicators","104","Myanmar","6121","Value","210041","Prevalence of undernourishment (percent) (3-year average)","20132015","2013-2015","%","5.5","E","Estimated value",""
"FS","Suite of Food Security Indicators","104","Myanmar","6121","Value","210041","Prevalence of undernourishment (percent) (3-year average)","20142016","2014-2016","%","4.5","E","Estimated value",""
"FS","Suite of Food Security Indicators","104","Myanmar","6121","Value","210041","Prevalence of undernourishment (percent) (3-year average)","20152017","2015-2017","%","3.8","E","Estimated value",""
"FS","Suite of Food Security Indicators","104","Myanmar","6121","Value","210041","Prevalence of undernourishment (percent) (3-year average)","20162018","2016-2018","%","3.5","E","Estimated value",""
"FS","Suite of Food Security Indicators","104","Myanmar","6121","Value","210041","Prevalence of undernourishment (percent) (3-year average)","20172019","2017-2019","%","3.4","E","Estimated value",""
"FS","Suite of Food Security Indicators","104","Myanmar","6121","Value","210041","Prevalence of undernourishment (percent) (3-year average)","20182020","2018-2020","%","3.2","E","Estimated value",""
"FS","Suite of Food Security Indicators","104","Myanmar","6121","Value","210041","Prevalence of undernourishment (percent) (3-year average)","20192021","2019-2021","%","3.7","E","Estimated value",""
"FS","Suite of Food Security Indicators","104","Myanmar","6121","Value","210041","Prevalence of undernourishment (percent) (3-year average)","20202022","2020-2022","%","4.4","E","Estimated value",""
"FS","Suite of Food Security Indicators","104","Myanmar","6121","Value","210041","Prevalence of undernourishment (percent) (3-year average)","20212023","2021-2023","%","5.2","E","Estimated value",""
"FS","Suite of Food Security Indicators","104","Myanmar","6121","Value","210041","Prevalence of undernourishment (percent) (3-year average)","20222024","2022-2024","%","5.4","E","Estimated value",""
"FS","Suite of Food Security Indicators","516","Namibia","6121","Value","210041","Prevalence of undernourishment (percent) (3-year average)","20002002","2000-2002","%","15.7","E","Estimated value",""
"FS","Suite of Food Security Indicators","516","Namibia","6121","Value","210041","Prevalence of undernourishment (percent) (3-year average)","20012003","2001-2003","%","16.5","E","Estimated value",""
"FS","Suite of Food Security Indicators","516","Namibia","6121","Value","210041","Prevalence of undernourishment (percent) (3-year average)","20022004","2002-2004","%","17.7","E","Estimated value",""
"FS","Suite of Food Security Indicators","516","Namibia","6121","Value","210041","Prevalence of undernourishment (percent) (3-year average)","20032005","2003-2005","%","18.4","E","Estimated value",""
"FS","Suite of Food Security Indicators","516","Namibia","6121","Value","210041","Prevalence of undernourishment (percent) (3-year average)","20042006","2004-2006","%","19.9","E","Estimated value",""
"FS","Suite of Food Security Indicators","516","Namibia","6121","Value","210041","Prevalence of undernourishment (percent) (3-year average)","20052007","2005-2007","%","22","E","Estimated value",""
"FS","Suite of Food Security Indicators","516","Namibia","6121","Value","210041","Prevalence of undernourishment (percent) (3-year average)","20062008","2006-2008","%","24.1","E","Estimated value",""
"FS","Suite of Food Security Indicators","516","Namibia","6121","Value","210041","Prevalence of undernourishment (percent) (3-year average)","20072009","2007-2009","%","26.1","E","Estimated value",""
"FS","Suite of Food Security Indicators","516","Namibia","6121","Value","210041","Prevalence of undernourishment (percent) (3-year average)","20082010","2008-2010","%","28.2","E","Estimated value",""
"FS","Suite of Food Security Indicators","516","Namibia","6121","Value","210041","Prevalence of undernourishment (percent) (3-year average)","20092011","2009-2011","%","29.1","E","Estimated value",""
"FS","Suite of Food Security Indicators","516","Namibia","6121","Value","210041","Prevalence of undernourishment (percent) (3-year average)","20102012","2010-2012","%","27.6","E","Estimated value",""
"FS","Suite of Food Security Indicators","516","Namibia","6121","Value","210041","Prevalence of undernourishment (percent) (3-year average)","20112013","2011-2013","%","25.1","E","Estimated value",""
"FS","Suite of Food Security Indicators","516","Namibia","6121","Value","210041","Prevalence of undernourishment (percent) (3-year average)","20122014","2012-2014","%","23.3","E","Estimated value",""
"FS","Suite of Food Security Indicators","516","Namibia","6121","Value","210041","Prevalence of undernourishment (percent) (3-year average)","20132015","2013-2015","%","22.5","E","Estimated value",""
"FS","Suite of Food Security Indicators","516","Namibia","6121","Value","210041","Prevalence of undernourishment (percent) (3-year average)","20142016","2014-2016","%","21.7","E","Estimated value",""
"FS","Suite of Food Security Indicators","516","Namibia","6121","Value","210041","Prevalence of undernourishment (percent) (3-year average)","20152017","2015-2017","%","20.6","E","Estimated value",""
"FS","Suite of Food Security Indicators","516","Namibia","6121","Value","210041","Prevalence of undernourishment (percent) (3-year average)","20162018","2016-2018","%","20","E","Estimated value",""
"FS","Suite of Food Security Indicators","516","Namibia","6121","Value","210041","Prevalence of undernourishment (percent) (3-year average)","20172019","2017-2019","%","19.2","E","Estimated value",""
"FS","Suite of Food Security Indicators","516","Namibia","6121","Value","210041","Prevalence of undernourishment (percent) (3-year average)","20182020","2018-2020","%","18.9","E","Estimated value",""
"FS","Suite of Food Security Indicators","516","Namibia","6121","Value","210041","Prevalence of undernourishment (percent) (3-year average)","20192021","2019-2021","%","18.5","E","Estimated value",""
"FS","Suite of Food Security Indicators","516","Namibia","6121","Value","210041","Prevalence of undernourishment (percent) (3-year average)","20202022","2020-2022","%","18.7","E","Estimated value",""
"FS","Suite of Food Security Indicators","516","Namibia","6121","Value","210041","Prevalence of undernourishment (percent) (3-year average)","20212023","2021-2023","%","18.4","E","Estimated value",""
"FS","Suite of Food Security Indicators","516","Namibia","6121","Value","210041","Prevalence of undernourishment (percent) (3-year average)","20222024","2022-2024","%","18.1","E","Estimated value",""
"FS","Suite of Food Security Indicators","520","Nauru","6121","Value","210041","Prevalence of undernourishment (percent) (3-year average)","20002002","2000-2002","%","","O","Missing value",""
"FS","Suite of Food Security Indicators","520","Nauru","6121","Value","210041","Prevalence of undernourishment (percent) (3-year average)","20012003","2001-2003","%","","O","Missing value",""
"FS","Suite of Food Security Indicators","520","Nauru","6121","Value","210041","Prevalence of undernourishment (percent) (3-year average)","20022004","2002-2004","%","","O","Missing value",""
"FS","Suite of Food Security Indicators","520","Nauru","6121","Value","210041","Prevalence of undernourishment (percent) (3-year average)","20032005","2003-2005","%","","O","Missing value",""
"FS","Suite of Food Security Indicators","520","Nauru","6121","Value","210041","Prevalence of undernourishment (percent) (3-year average)","20042006","2004-2006","%","","O","Missing value",""
"FS","Suite of Food Security Indicators","520","Nauru","6121","Value","210041","Prevalence of undernourishment (percent) (3-year average)","20052007","2005-2007","%","","O","Missing value",""
"FS","Suite of Food Security Indicators","520","Nauru","6121","Value","210041","Prevalence of undernourishment (percent) (3-year average)","20062008","2006-2008","%","","O","Missing value",""
"FS","Suite of Food Security Indicators","520","Nauru","6121","Value","210041","Prevalence of undernourishment (percent) (3-year average)","20072009","2007-2009","%","","O","Missing value",""
"FS","Suite of Food Security Indicators","520","Nauru","6121","Value","210041","Prevalence of undernourishment (percent) (3-year average)","20082010","2008-2010","%","","O","Missing value",""
"FS","Suite of Food Security Indicators","520","Nauru","6121","Value","210041","Prevalence of undernourishment (percent) (3-year average)","20092011","2009-2011","%","","O","Missing value",""
"FS","Suite of Food Security Indicators","520","Nauru","6121","Value","210041","Prevalence of undernourishment (percent) (3-year average)","20102012","2010-2012","%","","O","Missing value",""
"FS","Suite of Food Security Indicators","520","Nauru","6121","Value","210041","Prevalence of undernourishment (percent) (3-year average)","20112013","2011-2013","%","","O","Missing value",""
"FS","Suite of Food Security Indicators","520","Nauru","6121","Value","210041","Prevalence of undernourishment (percent) (3-year average)","20122014","2012-2014","%","","O","Missing value",""
"FS","Suite of Food Security Indicators","520","Nauru","6121","Value","210041","Prevalence of undernourishment (percent) (3-year average)","20132015","2013-2015","%","","O","Missing value",""
"FS","Suite of Food Security Indicators","520","Nauru","6121","Value","210041","Prevalence of undernourishment (percent) (3-year average)","20142016","2014-2016","%","","O","Missing value",""
"FS","Suite of Food Security Indicators","520","Nauru","6121","Value","210041","Prevalence of undernourishment (percent) (3-year average)","20152017","2015-2017","%","","O","Missing value",""
"FS","Suite of Food Security Indicators","520","Nauru","6121","Value","210041","Prevalence of undernourishment (percent) (3-year average)","20162018","2016-2018","%","","O","Missing value",""
"FS","Suite of Food Security Indicators","520","Nauru","6121","Value","210041","Prevalence of undernourishment (percent) (3-year average)","20172019","2017-2019","%","","O","Missing value",""
"FS","Suite of Food Security Indicators","520","Nauru","6121","Value","210041","Prevalence of undernourishment (percent) (3-year average)","20182020","2018-2020","%","","O","Missing value",""
"FS","Suite of Food Security Indicators","520","Nauru","6121","Value","210041","Prevalence of undernourishment (percent) (3-year average)","20192021","2019-2021","%","","O","Missing value",""
"FS","Suite of Food Security Indicators","520","Nauru","6121","Value","210041","Prevalence of undernourishment (percent) (3-year average)","20202022","2020-2022","%","","O","Missing value",""
"FS","Suite of Food Security Indicators","520","Nauru","6121","Value","210041","Prevalence of undernourishment (percent) (3-year average)","20212023","2021-2023","%","","O","Missing value",""
"FS","Suite of Food Security Indicators","520","Nauru","6121","Value","210041","Prevalence of undernourishment (percent) (3-year average)","20222024","2022-2024","%","","O","Missing value",""
"FS","Suite of Food Security Indicators","524","Nepal","6121","Value","210041","Prevalence of undernourishment (percent) (3-year average)","20002002","2000-2002","%","23.7","E","Estimated value",""
"FS","Suite of Food Security Indicators","524","Nepal","6121","Value","210041","Prevalence of undernourishment (percent) (3-year average)","20012003","2001-2003","%","22","E","Estimated value",""
"FS","Suite of Food Security Indicators","524","Nepal","6121","Value","210041","Prevalence of undernourishment (percent) (3-year average)","20022004","2002-2004","%","20","E","Estimated value",""
"FS","Suite of Food Security Indicators","524","Nepal","6121","Value","210041","Prevalence of undernourishment (percent) (3-year average)","20032005","2003-2005","%","17.8","E","Estimated value",""
"FS","Suite of Food Security Indicators","524","Nepal","6121","Value","210041","Prevalence of undernourishment (percent) (3-year average)","20042006","2004-2006","%","16.9","E","Estimated value",""
"FS","Suite of Food Security Indicators","524","Nepal","6121","Value","210041","Prevalence of undernourishment (percent) (3-year average)","20052007","2005-2007","%","16","E","Estimated value",""
"FS","Suite of Food Security Indicators","524","Nepal","6121","Value","210041","Prevalence of undernourishment (percent) (3-year average)","20062008","2006-2008","%","14.9","E","Estimated value",""
"FS","Suite of Food Security Indicators","524","Nepal","6121","Value","210041","Prevalence of undernourishment (percent) (3-year average)","20072009","2007-2009","%","13.1","E","Estimated value",""
"FS","Suite of Food Security Indicators","524","Nepal","6121","Value","210041","Prevalence of undernourishment (percent) (3-year average)","20082010","2008-2010","%","11.7","E","Estimated value",""
"FS","Suite of Food Security Indicators","524","Nepal","6121","Value","210041","Prevalence of undernourishment (percent) (3-year average)","20092011","2009-2011","%","10.8","E","Estimated value",""
"FS","Suite of Food Security Indicators","524","Nepal","6121","Value","210041","Prevalence of undernourishment (percent) (3-year average)","20102012","2010-2012","%","10.1","E","Estimated value",""
"FS","Suite of Food Security Indicators","524","Nepal","6121","Value","210041","Prevalence of undernourishment (percent) (3-year average)","20112013","2011-2013","%","9.4","E","Estimated value",""
"FS","Suite of Food Security Indicators","524","Nepal","6121","Value","210041","Prevalence of undernourishment (percent) (3-year average)","20122014","2012-2014","%","8.7","E","Estimated value",""
"FS","Suite of Food Security Indicators","524","Nepal","6121","Value","210041","Prevalence of undernourishment (percent) (3-year average)","20132015","2013-2015","%","8.2","E","Estimated value",""
"FS","Suite of Food Security Indicators","524","Nepal","6121","Value","210041","Prevalence of undernourishment (percent) (3-year average)","20142016","2014-2016","%","7.1","E","Estimated value",""
"FS","Suite of Food Security Indicators","524","Nepal","6121","Value","210041","Prevalence of undernourishment (percent) (3-year average)","20152017","2015-2017","%","5.9","E","Estimated value",""
"FS","Suite of Food Security Indicators","524","Nepal","6121","Value","210041","Prevalence of undernourishment (percent) (3-year average)","20162018","2016-2018","%","4.9","E","Estimated value",""
"FS","Suite of Food Security Indicators","524","Nepal","6121","Value","210041","Prevalence of undernourishment (percent) (3-year average)","20172019","2017-2019","%","4.5","E","Estimated value",""
"FS","Suite of Food Security Indicators","524","Nepal","6121","Value","210041","Prevalence of undernourishment (percent) (3-year average)","20182020","2018-2020","%","4.6","E","Estimated value",""
"FS","Suite of Food Security Indicators","524","Nepal","6121","Value","210041","Prevalence of undernourishment (percent) (3-year average)","20192021","2019-2021","%","5","E","Estimated value",""
"FS","Suite of Food Security Indicators","524","Nepal","6121","Value","210041","Prevalence of undernourishment (percent) (3-year average)","20202022","2020-2022","%","5.2","E","Estimated value",""
"FS","Suite of Food Security Indicators","524","Nepal","6121","Value","210041","Prevalence of undernourishment (percent) (3-year average)","20212023","2021-2023","%","5.4","E","Estimated value",""
"FS","Suite of Food Security Indicators","524","Nepal","6121","Value","210041","Prevalence of undernourishment (percent) (3-year average)","20222024","2022-2024","%","5.3","E","Estimated value",""
"FS","Suite of Food Security Indicators","528","Netherlands (Kingdom of the)","6121","Value","210041","Prevalence of undernourishment (percent) (3-year average)","20002002","2000-2002","%","<2.5","E","Estimated value",""
"FS","Suite of Food Security Indicators","528","Netherlands (Kingdom of the)","6121","Value","210041","Prevalence of undernourishment (percent) (3-year average)","20012003","2001-2003","%","<2.5","E","Estimated value",""
"FS","Suite of Food Security Indicators","528","Netherlands (Kingdom of the)","6121","Value","210041","Prevalence of undernourishment (percent) (3-year average)","20022004","2002-2004","%","<2.5","E","Estimated value",""
"FS","Suite of Food Security Indicators","528","Netherlands (Kingdom of the)","6121","Value","210041","Prevalence of undernourishment (percent) (3-year average)","20032005","2003-2005","%","<2.5","E","Estimated value",""
"FS","Suite of Food Security Indicators","528","Netherlands (Kingdom of the)","6121","Value","210041","Prevalence of undernourishment (percent) (3-year average)","20042006","2004-2006","%","<2.5","E","Estimated value",""
"FS","Suite of Food Security Indicators","528","Netherlands (Kingdom of the)","6121","Value","210041","Prevalence of undernourishment (percent) (3-year average)","20052007","2005-2007","%","<2.5","E","Estimated value",""
"FS","Suite of Food Security Indicators","528","Netherlands (Kingdom of the)","6121","Value","210041","Prevalence of undernourishment (percent) (3-year average)","20062008","2006-2008","%","<2.5","E","Estimated value",""
"FS","Suite of Food Security Indicators","528","Netherlands (Kingdom of the)","6121","Value","210041","Prevalence of undernourishment (percent) (3-year average)","20072009","2007-2009","%","<2.5","E","Estimated value",""
"FS","Suite of Food Security Indicators","528","Netherlands (Kingdom of the)","6121","Value","210041","Prevalence of undernourishment (percent) (3-year average)","20082010","2008-2010","%","<2.5","E","Estimated value",""
"FS","Suite of Food Security Indicators","528","Netherlands (Kingdom of the)","6121","Value","210041","Prevalence of undernourishment (percent) (3-year average)","20092011","2009-2011","%","<2.5","E","Estimated value",""
"FS","Suite of Food Security Indicators","528","Netherlands (Kingdom of the)","6121","Value","210041","Prevalence of undernourishment (percent) (3-year average)","20102012","2010-2012","%","<2.5","E","Estimated value",""
"FS","Suite of Food Security Indicators","528","Netherlands (Kingdom of the)","6121","Value","210041","Prevalence of undernourishment (percent) (3-year average)","20112013","2011-2013","%","<2.5","E","Estimated value",""
"FS","Suite of Food Security Indicators","528","Netherlands (Kingdom of the)","6121","Value","210041","Prevalence of undernourishment (percent) (3-year average)","20122014","2012-2014","%","<2.5","E","Estimated value",""
"FS","Suite of Food Security Indicators","528","Netherlands (Kingdom of the)","6121","Value","210041","Prevalence of undernourishment (percent) (3-year average)","20132015","2013-2015","%","<2.5","E","Estimated value",""
"FS","Suite of Food Security Indicators","528","Netherlands (Kingdom of the)","6121","Value","210041","Prevalence of undernourishment (percent) (3-year average)","20142016","2014-2016","%","<2.5","E","Estimated value",""
"FS","Suite of Food Security Indicators","528","Netherlands (Kingdom of the)","6121","Value","210041","Prevalence of undernourishment (percent) (3-year average)","20152017","2015-2017","%","<2.5","E","Estimated value",""
"FS","Suite of Food Security Indicators","528","Netherlands (Kingdom of the)","6121","Value","210041","Prevalence of undernourishment (percent) (3-year average)","20162018","2016-2018","%","<2.5","E","Estimated value",""
"FS","Suite of Food Security Indicators","528","Netherlands (Kingdom of the)","6121","Value","210041","Prevalence of undernourishment (percent) (3-year average)","20172019","2017-2019","%","<2.5","E","Estimated value",""
"FS","Suite of Food Security Indicators","528","Netherlands (Kingdom of the)","6121","Value","210041","Prevalence of undernourishment (percent) (3-year average)","20182020","2018-2020","%","<2.5","E","Estimated value",""
"FS","Suite of Food Security Indicators","528","Netherlands (Kingdom of the)","6121","Value","210041","Prevalence of undernourishment (percent) (3-year average)","20192021","2019-2021","%","<2.5","E","Estimated value",""
"FS","Suite of Food Security Indicators","528","Netherlands (Kingdom of the)","6121","Value","210041","Prevalence of undernourishment (percent) (3-year average)","20202022","2020-2022","%","<2.5","E","Estimated value",""
"FS","Suite of Food Security Indicators","528","Netherlands (Kingdom of the)","6121","Value","210041","Prevalence of undernourishment (percent) (3-year average)","20212023","2021-2023","%","<2.5","E","Estimated value",""
"FS","Suite of Food Security Indicators","528","Netherlands (Kingdom of the)","6121","Value","210041","Prevalence of undernourishment (percent) (3-year average)","20222024","2022-2024","%","<2.5","E","Estimated value",""
"FS","Suite of Food Security Indicators","540","New Caledonia","6121","Value","210041","Prevalence of undernourishment (percent) (3-year average)","20002002","2000-2002","%","8.1","E","Estimated value",""
"FS","Suite of Food Security Indicators","540","New Caledonia","6121","Value","210041","Prevalence of undernourishment (percent) (3-year average)","20012003","2001-2003","%","8.3","E","Estimated value",""
"FS","Suite of Food Security Indicators","540","New Caledonia","6121","Value","210041","Prevalence of undernourishment (percent) (3-year average)","20022004","2002-2004","%","8.6","E","Estimated value",""
"FS","Suite of Food Security Indicators","540","New Caledonia","6121","Value","210041","Prevalence of undernourishment (percent) (3-year average)","20032005","2003-2005","%","8.9","E","Estimated value",""
"FS","Suite of Food Security Indicators","540","New Caledonia","6121","Value","210041","Prevalence of undernourishment (percent) (3-year average)","20042006","2004-2006","%","8.9","E","Estimated value",""
"FS","Suite of Food Security Indicators","540","New Caledonia","6121","Value","210041","Prevalence of undernourishment (percent) (3-year average)","20052007","2005-2007","%","8.9","E","Estimated value",""
"FS","Suite of Food Security Indicators","540","New Caledonia","6121","Value","210041","Prevalence of undernourishment (percent) (3-year average)","20062008","2006-2008","%","9","E","Estimated value",""
"FS","Suite of Food Security Indicators","540","New Caledonia","6121","Value","210041","Prevalence of undernourishment (percent) (3-year average)","20072009","2007-2009","%","9","E","Estimated value",""
"FS","Suite of Food Security Indicators","540","New Caledonia","6121","Value","210041","Prevalence of undernourishment (percent) (3-year average)","20082010","2008-2010","%","8.5","E","Estimated value",""
"FS","Suite of Food Security Indicators","540","New Caledonia","6121","Value","210041","Prevalence of undernourishment (percent) (3-year average)","20092011","2009-2011","%","8.1","E","Estimated value",""
"FS","Suite of Food Security Indicators","540","New Caledonia","6121","Value","210041","Prevalence of undernourishment (percent) (3-year average)","20102012","2010-2012","%","8.1","E","Estimated value",""
"FS","Suite of Food Security Indicators","540","New Caledonia","6121","Value","210041","Prevalence of undernourishment (percent) (3-year average)","20112013","2011-2013","%","8.3","E","Estimated value",""
"FS","Suite of Food Security Indicators","540","New Caledonia","6121","Value","210041","Prevalence of undernourishment (percent) (3-year average)","20122014","2012-2014","%","8.2","E","Estimated value",""
"FS","Suite of Food Security Indicators","540","New Caledonia","6121","Value","210041","Prevalence of undernourishment (percent) (3-year average)","20132015","2013-2015","%","7.9","E","Estimated value",""
"FS","Suite of Food Security Indicators","540","New Caledonia","6121","Value","210041","Prevalence of undernourishment (percent) (3-year average)","20142016","2014-2016","%","7.8","E","Estimated value",""
"FS","Suite of Food Security Indicators","540","New Caledonia","6121","Value","210041","Prevalence of undernourishment (percent) (3-year average)","20152017","2015-2017","%","7.6","E","Estimated value",""
"FS","Suite of Food Security Indicators","540","New Caledonia","6121","Value","210041","Prevalence of undernourishment (percent) (3-year average)","20162018","2016-2018","%","7.4","E","Estimated value",""
"FS","Suite of Food Security Indicators","540","New Caledonia","6121","Value","210041","Prevalence of undernourishment (percent) (3-year average)","20172019","2017-2019","%","6.9","E","Estimated value",""
"FS","Suite of Food Security Indicators","540","New Caledonia","6121","Value","210041","Prevalence of undernourishment (percent) (3-year average)","20182020","2018-2020","%","6.3","E","Estimated value",""
"FS","Suite of Food Security Indicators","540","New Caledonia","6121","Value","210041","Prevalence of undernourishment (percent) (3-year average)","20192021","2019-2021","%","5.7","E","Estimated value",""
"FS","Suite of Food Security Indicators","540","New Caledonia","6121","Value","210041","Prevalence of undernourishment (percent) (3-year average)","20202022","2020-2022","%","5.4","E","Estimated value",""
"FS","Suite of Food Security Indicators","540","New Caledonia","6121","Value","210041","Prevalence of undernourishment (percent) (3-year average)","20212023","2021-2023","%","5.2","E","Estimated value",""
"FS","Suite of Food Security Indicators","540","New Caledonia","6121","Value","210041","Prevalence of undernourishment (percent) (3-year average)","20222024","2022-2024","%","4.9","E","Estimated value",""
"FS","Suite of Food Security Indicators","554","New Zealand","6121","Value","210041","Prevalence of undernourishment (percent) (3-year average)","20002002","2000-2002","%","<2.5","E","Estimated value",""
"FS","Suite of Food Security Indicators","554","New Zealand","6121","Value","210041","Prevalence of undernourishment (percent) (3-year average)","20012003","2001-2003","%","<2.5","E","Estimated value",""
"FS","Suite of Food Security Indicators","554","New Zealand","6121","Value","210041","Prevalence of undernourishment (percent) (3-year average)","20022004","2002-2004","%","<2.5","E","Estimated value",""
"FS","Suite of Food Security Indicators","554","New Zealand","6121","Value","210041","Prevalence of undernourishment (percent) (3-year average)","20032005","2003-2005","%","<2.5","E","Estimated value",""
"FS","Suite of Food Security Indicators","554","New Zealand","6121","Value","210041","Prevalence of undernourishment (percent) (3-year average)","20042006","2004-2006","%","<2.5","E","Estimated value",""
"FS","Suite of Food Security Indicators","554","New Zealand","6121","Value","210041","Prevalence of undernourishment (percent) (3-year average)","20052007","2005-2007","%","<2.5","E","Estimated value",""
"FS","Suite of Food Security Indicators","554","New Zealand","6121","Value","210041","Prevalence of undernourishment (percent) (3-year average)","20062008","2006-2008","%","<2.5","E","Estimated value",""
"FS","Suite of Food Security Indicators","554","New Zealand","6121","Value","210041","Prevalence of undernourishment (percent) (3-year average)","20072009","2007-2009","%","<2.5","E","Estimated value",""
"FS","Suite of Food Security Indicators","554","New Zealand","6121","Value","210041","Prevalence of undernourishment (percent) (3-year average)","20082010","2008-2010","%","<2.5","E","Estimated value",""
"FS","Suite of Food Security Indicators","554","New Zealand","6121","Value","210041","Prevalence of undernourishment (percent) (3-year average)","20092011","2009-2011","%","<2.5","E","Estimated value",""
"FS","Suite of Food Security Indicators","554","New Zealand","6121","Value","210041","Prevalence of undernourishment (percent) (3-year average)","20102012","2010-2012","%","<2.5","E","Estimated value",""
"FS","Suite of Food Security Indicators","554","New Zealand","6121","Value","210041","Prevalence of undernourishment (percent) (3-year average)","20112013","2011-2013","%","<2.5","E","Estimated value",""
"FS","Suite of Food Security Indicators","554","New Zealand","6121","Value","210041","Prevalence of undernourishment (percent) (3-year average)","20122014","2012-2014","%","<2.5","E","Estimated value",""
"FS","Suite of Food Security Indicators","554","New Zealand","6121","Value","210041","Prevalence of undernourishment (percent) (3-year average)","20132015","2013-2015","%","<2.5","E","Estimated value",""
"FS","Suite of Food Security Indicators","554","New Zealand","6121","Value","210041","Prevalence of undernourishment (percent) (3-year average)","20142016","2014-2016","%","<2.5","E","Estimated value",""
"FS","Suite of Food Security Indicators","554","New Zealand","6121","Value","210041","Prevalence of undernourishment (percent) (3-year average)","20152017","2015-2017","%","<2.5","E","Estimated value",""
"FS","Suite of Food Security Indicators","554","New Zealand","6121","Value","210041","Prevalence of undernourishment (percent) (3-year average)","20162018","2016-2018","%","<2.5","E","Estimated value",""
"FS","Suite of Food Security Indicators","554","New Zealand","6121","Value","210041","Prevalence of undernourishment (percent) (3-year average)","20172019","2017-2019","%","<2.5","E","Estimated value",""
"FS","Suite of Food Security Indicators","554","New Zealand","6121","Value","210041","Prevalence of undernourishment (percent) (3-year average)","20182020","2018-2020","%","<2.5","E","Estimated value",""
"FS","Suite of Food Security Indicators","554","New Zealand","6121","Value","210041","Prevalence of undernourishment (percent) (3-year average)","20192021","2019-2021","%","<2.5","E","Estimated value",""
"FS","Suite of Food Security Indicators","554","New Zealand","6121","Value","210041","Prevalence of undernourishment (percent) (3-year average)","20202022","2020-2022","%","<2.5","E","Estimated value",""
"FS","Suite of Food Security Indicators","554","New Zealand","6121","Value","210041","Prevalence of undernourishment (percent) (3-year average)","20212023","2021-2023","%","<2.5","E","Estimated value",""
"FS","Suite of Food Security Indicators","554","New Zealand","6121","Value","210041","Prevalence of undernourishment (percent) (3-year average)","20222024","2022-2024","%","<2.5","E","Estimated value",""
"FS","Suite of Food Security Indicators","558","Nicaragua","6121","Value","210041","Prevalence of undernourishment (percent) (3-year average)","20002002","2000-2002","%","25.8","E","Estimated value",""
"FS","Suite of Food Security Indicators","558","Nicaragua","6121","Value","210041","Prevalence of undernourishment (percent) (3-year average)","20012003","2001-2003","%","23.6","E","Estimated value",""
"FS","Suite of Food Security Indicators","558","Nicaragua","6121","Value","210041","Prevalence of undernourishment (percent) (3-year average)","20022004","2002-2004","%","23.4","E","Estimated value",""
"FS","Suite of Food Security Indicators","558","Nicaragua","6121","Value","210041","Prevalence of undernourishment (percent) (3-year average)","20032005","2003-2005","%","22.6","E","Estimated value",""
"FS","Suite of Food Security Indicators","558","Nicaragua","6121","Value","210041","Prevalence of undernourishment (percent) (3-year average)","20042006","2004-2006","%","21.9","E","Estimated value",""
"FS","Suite of Food Security Indicators","558","Nicaragua","6121","Value","210041","Prevalence of undernourishment (percent) (3-year average)","20052007","2005-2007","%","20.9","E","Estimated value",""
"FS","Suite of Food Security Indicators","558","Nicaragua","6121","Value","210041","Prevalence of undernourishment (percent) (3-year average)","20062008","2006-2008","%","20.4","E","Estimated value",""
"FS","Suite of Food Security Indicators","558","Nicaragua","6121","Value","210041","Prevalence of undernourishment (percent) (3-year average)","20072009","2007-2009","%","19.9","E","Estimated value",""
"FS","Suite of Food Security Indicators","558","Nicaragua","6121","Value","210041","Prevalence of undernourishment (percent) (3-year average)","20082010","2008-2010","%","19.3","E","Estimated value",""
"FS","Suite of Food Security Indicators","558","Nicaragua","6121","Value","210041","Prevalence of undernourishment (percent) (3-year average)","20092011","2009-2011","%","18.3","E","Estimated value",""
"FS","Suite of Food Security Indicators","558","Nicaragua","6121","Value","210041","Prevalence of undernourishment (percent) (3-year average)","20102012","2010-2012","%","17.2","E","Estimated value",""
"FS","Suite of Food Security Indicators","558","Nicaragua","6121","Value","210041","Prevalence of undernourishment (percent) (3-year average)","20112013","2011-2013","%","17","E","Estimated value",""
"FS","Suite of Food Security Indicators","558","Nicaragua","6121","Value","210041","Prevalence of undernourishment (percent) (3-year average)","20122014","2012-2014","%","17.3","E","Estimated value",""
"FS","Suite of Food Security Indicators","558","Nicaragua","6121","Value","210041","Prevalence of undernourishment (percent) (3-year average)","20132015","2013-2015","%","17.7","E","Estimated value",""
"FS","Suite of Food Security Indicators","558","Nicaragua","6121","Value","210041","Prevalence of undernourishment (percent) (3-year average)","20142016","2014-2016","%","17.2","E","Estimated value",""
"FS","Suite of Food Security Indicators","558","Nicaragua","6121","Value","210041","Prevalence of undernourishment (percent) (3-year average)","20152017","2015-2017","%","16.3","E","Estimated value",""
"FS","Suite of Food Security Indicators","558","Nicaragua","6121","Value","210041","Prevalence of undernourishment (percent) (3-year average)","20162018","2016-2018","%","15.6","E","Estimated value",""
"FS","Suite of Food Security Indicators","558","Nicaragua","6121","Value","210041","Prevalence of undernourishment (percent) (3-year average)","20172019","2017-2019","%","15.5","E","Estimated value",""
"FS","Suite of Food Security Indicators","558","Nicaragua","6121","Value","210041","Prevalence of undernourishment (percent) (3-year average)","20182020","2018-2020","%","15.7","E","Estimated value",""
"FS","Suite of Food Security Indicators","558","Nicaragua","6121","Value","210041","Prevalence of undernourishment (percent) (3-year average)","20192021","2019-2021","%","16.6","E","Estimated value",""
"FS","Suite of Food Security Indicators","558","Nicaragua","6121","Value","210041","Prevalence of undernourishment (percent) (3-year average)","20202022","2020-2022","%","17","E","Estimated value",""
"FS","Suite of Food Security Indicators","558","Nicaragua","6121","Value","210041","Prevalence of undernourishment (percent) (3-year average)","20212023","2021-2023","%","17.3","E","Estimated value",""
"FS","Suite of Food Security Indicators","558","Nicaragua","6121","Value","210041","Prevalence of undernourishment (percent) (3-year average)","20222024","2022-2024","%","","O","Missing value",""
"FS","Suite of Food Security Indicators","562","Niger","6121","Value","210041","Prevalence of undernourishment (percent) (3-year average)","20002002","2000-2002","%","23.1","E","Estimated value",""
"FS","Suite of Food Security Indicators","562","Niger","6121","Value","210041","Prevalence of undernourishment (percent) (3-year average)","20012003","2001-2003","%","22.2","E","Estimated value",""
"FS","Suite of Food Security Indicators","562","Niger","6121","Value","210041","Prevalence of undernourishment (percent) (3-year average)","20022004","2002-2004","%","21.1","E","Estimated value",""
"FS","Suite of Food Security Indicators","562","Niger","6121","Value","210041","Prevalence of undernourishment (percent) (3-year average)","20032005","2003-2005","%","19.1","E","Estimated value",""
"FS","Suite of Food Security Indicators","562","Niger","6121","Value","210041","Prevalence of undernourishment (percent) (3-year average)","20042006","2004-2006","%","18","E","Estimated value",""
"FS","Suite of Food Security Indicators","562","Niger","6121","Value","210041","Prevalence of undernourishment (percent) (3-year average)","20052007","2005-2007","%","17","E","Estimated value",""
"FS","Suite of Food Security Indicators","562","Niger","6121","Value","210041","Prevalence of undernourishment (percent) (3-year average)","20062008","2006-2008","%","16.1","E","Estimated value",""
"FS","Suite of Food Security Indicators","562","Niger","6121","Value","210041","Prevalence of undernourishment (percent) (3-year average)","20072009","2007-2009","%","15.2","E","Estimated value",""
"FS","Suite of Food Security Indicators","562","Niger","6121","Value","210041","Prevalence of undernourishment (percent) (3-year average)","20082010","2008-2010","%","14.3","E","Estimated value",""
"FS","Suite of Food Security Indicators","562","Niger","6121","Value","210041","Prevalence of undernourishment (percent) (3-year average)","20092011","2009-2011","%","14.6","E","Estimated value",""
"FS","Suite of Food Security Indicators","562","Niger","6121","Value","210041","Prevalence of undernourishment (percent) (3-year average)","20102012","2010-2012","%","14.8","E","Estimated value",""
"FS","Suite of Food Security Indicators","562","Niger","6121","Value","210041","Prevalence of undernourishment (percent) (3-year average)","20112013","2011-2013","%","15","E","Estimated value",""
"FS","Suite of Food Security Indicators","562","Niger","6121","Value","210041","Prevalence of undernourishment (percent) (3-year average)","20122014","2012-2014","%","14.5","E","Estimated value",""
"FS","Suite of Food Security Indicators","562","Niger","6121","Value","210041","Prevalence of undernourishment (percent) (3-year average)","20132015","2013-2015","%","13.7","E","Estimated value",""
"FS","Suite of Food Security Indicators","562","Niger","6121","Value","210041","Prevalence of undernourishment (percent) (3-year average)","20142016","2014-2016","%","12.7","E","Estimated value",""
"FS","Suite of Food Security Indicators","562","Niger","6121","Value","210041","Prevalence of undernourishment (percent) (3-year average)","20152017","2015-2017","%","12","E","Estimated value",""
"FS","Suite of Food Security Indicators","562","Niger","6121","Value","210041","Prevalence of undernourishment (percent) (3-year average)","20162018","2016-2018","%","11.1","E","Estimated value",""
"FS","Suite of Food Security Indicators","562","Niger","6121","Value","210041","Prevalence of undernourishment (percent) (3-year average)","20172019","2017-2019","%","10.9","E","Estimated value",""
"FS","Suite of Food Security Indicators","562","Niger","6121","Value","210041","Prevalence of undernourishment (percent) (3-year average)","20182020","2018-2020","%","10.1","E","Estimated value",""
"FS","Suite of Food Security Indicators","562","Niger","6121","Value","210041","Prevalence of undernourishment (percent) (3-year average)","20192021","2019-2021","%","10.9","E","Estimated value",""
"FS","Suite of Food Security Indicators","562","Niger","6121","Value","210041","Prevalence of undernourishment (percent) (3-year average)","20202022","2020-2022","%","11.4","E","Estimated value",""
"FS","Suite of Food Security Indicators","562","Niger","6121","Value","210041","Prevalence of undernourishment (percent) (3-year average)","20212023","2021-2023","%","12.7","E","Estimated value",""
"FS","Suite of Food Security Indicators","562","Niger","6121","Value","210041","Prevalence of undernourishment (percent) (3-year average)","20222024","2022-2024","%","12.9","E","Estimated value",""
"FS","Suite of Food Security Indicators","566","Nigeria","6121","Value","210041","Prevalence of undernourishment (percent) (3-year average)","20002002","2000-2002","%","8.7","E","Estimated value",""
"FS","Suite of Food Security Indicators","566","Nigeria","6121","Value","210041","Prevalence of undernourishment (percent) (3-year average)","20012003","2001-2003","%","8.7","E","Estimated value",""
"FS","Suite of Food Security Indicators","566","Nigeria","6121","Value","210041","Prevalence of undernourishment (percent) (3-year average)","20022004","2002-2004","%","8.8","E","Estimated value",""
"FS","Suite of Food Security Indicators","566","Nigeria","6121","Value","210041","Prevalence of undernourishment (percent) (3-year average)","20032005","2003-2005","%","8.9","E","Estimated value",""
"FS","Suite of Food Security Indicators","566","Nigeria","6121","Value","210041","Prevalence of undernourishment (percent) (3-year average)","20042006","2004-2006","%","9.1","E","Estimated value",""
"FS","Suite of Food Security Indicators","566","Nigeria","6121","Value","210041","Prevalence of undernourishment (percent) (3-year average)","20052007","2005-2007","%","9.2","E","Estimated value",""
"FS","Suite of Food Security Indicators","566","Nigeria","6121","Value","210041","Prevalence of undernourishment (percent) (3-year average)","20062008","2006-2008","%","9.4","E","Estimated value",""
"FS","Suite of Food Security Indicators","566","Nigeria","6121","Value","210041","Prevalence of undernourishment (percent) (3-year average)","20072009","2007-2009","%","9.6","E","Estimated value",""
"FS","Suite of Food Security Indicators","566","Nigeria","6121","Value","210041","Prevalence of undernourishment (percent) (3-year average)","20082010","2008-2010","%","9.9","E","Estimated value",""
"FS","Suite of Food Security Indicators","566","Nigeria","6121","Value","210041","Prevalence of undernourishment (percent) (3-year average)","20092011","2009-2011","%","10.4","E","Estimated value",""
"FS","Suite of Food Security Indicators","566","Nigeria","6121","Value","210041","Prevalence of undernourishment (percent) (3-year average)","20102012","2010-2012","%","11.1","E","Estimated value",""
"FS","Suite of Food Security Indicators","566","Nigeria","6121","Value","210041","Prevalence of undernourishment (percent) (3-year average)","20112013","2011-2013","%","11.7","E","Estimated value",""
"FS","Suite of Food Security Indicators","566","Nigeria","6121","Value","210041","Prevalence of undernourishment (percent) (3-year average)","20122014","2012-2014","%","11.4","E","Estimated value",""
"FS","Suite of Food Security Indicators","566","Nigeria","6121","Value","210041","Prevalence of undernourishment (percent) (3-year average)","20132015","2013-2015","%","11.1","E","Estimated value",""
"FS","Suite of Food Security Indicators","566","Nigeria","6121","Value","210041","Prevalence of undernourishment (percent) (3-year average)","20142016","2014-2016","%","10.7","E","Estimated value",""
"FS","Suite of Food Security Indicators","566","Nigeria","6121","Value","210041","Prevalence of undernourishment (percent) (3-year average)","20152017","2015-2017","%","10.8","E","Estimated value",""
"FS","Suite of Food Security Indicators","566","Nigeria","6121","Value","210041","Prevalence of undernourishment (percent) (3-year average)","20162018","2016-2018","%","11.5","E","Estimated value",""
"FS","Suite of Food Security Indicators","566","Nigeria","6121","Value","210041","Prevalence of undernourishment (percent) (3-year average)","20172019","2017-2019","%","12.1","E","Estimated value",""
"FS","Suite of Food Security Indicators","566","Nigeria","6121","Value","210041","Prevalence of undernourishment (percent) (3-year average)","20182020","2018-2020","%","14.3","E","Estimated value",""
"FS","Suite of Food Security Indicators","566","Nigeria","6121","Value","210041","Prevalence of undernourishment (percent) (3-year average)","20192021","2019-2021","%","15.8","E","Estimated value",""
"FS","Suite of Food Security Indicators","566","Nigeria","6121","Value","210041","Prevalence of undernourishment (percent) (3-year average)","20202022","2020-2022","%","17.6","E","Estimated value",""
"FS","Suite of Food Security Indicators","566","Nigeria","6121","Value","210041","Prevalence of undernourishment (percent) (3-year average)","20212023","2021-2023","%","18.7","E","Estimated value",""
"FS","Suite of Food Security Indicators","566","Nigeria","6121","Value","210041","Prevalence of undernourishment (percent) (3-year average)","20222024","2022-2024","%","19.9","E","Estimated value",""
"FS","Suite of Food Security Indicators","570","Niue","6121","Value","210041","Prevalence of undernourishment (percent) (3-year average)","20002002","2000-2002","%","","O","Missing value",""
"FS","Suite of Food Security Indicators","570","Niue","6121","Value","210041","Prevalence of undernourishment (percent) (3-year average)","20012003","2001-2003","%","","O","Missing value",""
"FS","Suite of Food Security Indicators","570","Niue","6121","Value","210041","Prevalence of undernourishment (percent) (3-year average)","20022004","2002-2004","%","","O","Missing value",""
"FS","Suite of Food Security Indicators","570","Niue","6121","Value","210041","Prevalence of undernourishment (percent) (3-year average)","20032005","2003-2005","%","","O","Missing value",""
"FS","Suite of Food Security Indicators","570","Niue","6121","Value","210041","Prevalence of undernourishment (percent) (3-year average)","20042006","2004-2006","%","","O","Missing value",""
"FS","Suite of Food Security Indicators","570","Niue","6121","Value","210041","Prevalence of undernourishment (percent) (3-year average)","20052007","2005-2007","%","","O","Missing value",""
"FS","Suite of Food Security Indicators","570","Niue","6121","Value","210041","Prevalence of undernourishment (percent) (3-year average)","20062008","2006-2008","%","","O","Missing value",""
"FS","Suite of Food Security Indicators","570","Niue","6121","Value","210041","Prevalence of undernourishment (percent) (3-year average)","20072009","2007-2009","%","","O","Missing value",""
"FS","Suite of Food Security Indicators","570","Niue","6121","Value","210041","Prevalence of undernourishment (percent) (3-year average)","20082010","2008-2010","%","","O","Missing value",""
"FS","Suite of Food Security Indicators","570","Niue","6121","Value","210041","Prevalence of undernourishment (percent) (3-year average)","20092011","2009-2011","%","","O","Missing value",""
"FS","Suite of Food Security Indicators","570","Niue","6121","Value","210041","Prevalence of undernourishment (percent) (3-year average)","20102012","2010-2012","%","","O","Missing value",""
"FS","Suite of Food Security Indicators","570","Niue","6121","Value","210041","Prevalence of undernourishment (percent) (3-year average)","20112013","2011-2013","%","","O","Missing value",""
"FS","Suite of Food Security Indicators","570","Niue","6121","Value","210041","Prevalence of undernourishment (percent) (3-year average)","20122014","2012-2014","%","","O","Missing value",""
"FS","Suite of Food Security Indicators","570","Niue","6121","Value","210041","Prevalence of undernourishment (percent) (3-year average)","20132015","2013-2015","%","","O","Missing value",""
"FS","Suite of Food Security Indicators","570","Niue","6121","Value","210041","Prevalence of undernourishment (percent) (3-year average)","20142016","2014-2016","%","","O","Missing value",""
"FS","Suite of Food Security Indicators","570","Niue","6121","Value","210041","Prevalence of undernourishment (percent) (3-year average)","20152017","2015-2017","%","","O","Missing value",""
"FS","Suite of Food Security Indicators","570","Niue","6121","Value","210041","Prevalence of undernourishment (percent) (3-year average)","20162018","2016-2018","%","","O","Missing value",""
"FS","Suite of Food Security Indicators","570","Niue","6121","Value","210041","Prevalence of undernourishment (percent) (3-year average)","20172019","2017-2019","%","","O","Missing value",""
"FS","Suite of Food Security Indicators","570","Niue","6121","Value","210041","Prevalence of undernourishment (percent) (3-year average)","20182020","2018-2020","%","","O","Missing value",""
"FS","Suite of Food Security Indicators","570","Niue","6121","Value","210041","Prevalence of undernourishment (percent) (3-year average)","20192021","2019-2021","%","","O","Missing value",""
"FS","Suite of Food Security Indicators","570","Niue","6121","Value","210041","Prevalence of undernourishment (percent) (3-year average)","20202022","2020-2022","%","","O","Missing value",""
"FS","Suite of Food Security Indicators","570","Niue","6121","Value","210041","Prevalence of undernourishment (percent) (3-year average)","20212023","2021-2023","%","","O","Missing value",""
"FS","Suite of Food Security Indicators","570","Niue","6121","Value","210041","Prevalence of undernourishment (percent) (3-year average)","20222024","2022-2024","%","","O","Missing value",""
"FS","Suite of Food Security Indicators","807","North Macedonia","6121","Value","210041","Prevalence of undernourishment (percent) (3-year average)","20002002","2000-2002","%","6.7","E","Estimated value",""
"FS","Suite of Food Security Indicators","807","North Macedonia","6121","Value","210041","Prevalence of undernourishment (percent) (3-year average)","20012003","2001-2003","%","6.8","E","Estimated value",""
"FS","Suite of Food Security Indicators","807","North Macedonia","6121","Value","210041","Prevalence of undernourishment (percent) (3-year average)","20022004","2002-2004","%","5.3","E","Estimated value",""
"FS","Suite of Food Security Indicators","807","North Macedonia","6121","Value","210041","Prevalence of undernourishment (percent) (3-year average)","20032005","2003-2005","%","5","E","Estimated value",""
"FS","Suite of Food Security Indicators","807","North Macedonia","6121","Value","210041","Prevalence of undernourishment (percent) (3-year average)","20042006","2004-2006","%","4.5","E","Estimated value",""
"FS","Suite of Food Security Indicators","807","North Macedonia","6121","Value","210041","Prevalence of undernourishment (percent) (3-year average)","20052007","2005-2007","%","4.1","E","Estimated value",""
"FS","Suite of Food Security Indicators","807","North Macedonia","6121","Value","210041","Prevalence of undernourishment (percent) (3-year average)","20062008","2006-2008","%","3.5","E","Estimated value",""
"FS","Suite of Food Security Indicators","807","North Macedonia","6121","Value","210041","Prevalence of undernourishment (percent) (3-year average)","20072009","2007-2009","%","3","E","Estimated value",""
"FS","Suite of Food Security Indicators","807","North Macedonia","6121","Value","210041","Prevalence of undernourishment (percent) (3-year average)","20082010","2008-2010","%","3.3","E","Estimated value",""
"FS","Suite of Food Security Indicators","807","North Macedonia","6121","Value","210041","Prevalence of undernourishment (percent) (3-year average)","20092011","2009-2011","%","3.5","E","Estimated value",""
"FS","Suite of Food Security Indicators","807","North Macedonia","6121","Value","210041","Prevalence of undernourishment (percent) (3-year average)","20102012","2010-2012","%","3.7","E","Estimated value",""
"FS","Suite of Food Security Indicators","807","North Macedonia","6121","Value","210041","Prevalence of undernourishment (percent) (3-year average)","20112013","2011-2013","%","3.8","E","Estimated value",""
"FS","Suite of Food Security Indicators","807","North Macedonia","6121","Value","210041","Prevalence of undernourishment (percent) (3-year average)","20122014","2012-2014","%","3.8","E","Estimated value",""
"FS","Suite of Food Security Indicators","807","North Macedonia","6121","Value","210041","Prevalence of undernourishment (percent) (3-year average)","20132015","2013-2015","%","3.6","E","Estimated value",""
"FS","Suite of Food Security Indicators","807","North Macedonia","6121","Value","210041","Prevalence of undernourishment (percent) (3-year average)","20142016","2014-2016","%","3.5","E","Estimated value",""
"FS","Suite of Food Security Indicators","807","North Macedonia","6121","Value","210041","Prevalence of undernourishment (percent) (3-year average)","20152017","2015-2017","%","3.2","E","Estimated value",""
"FS","Suite of Food Security Indicators","807","North Macedonia","6121","Value","210041","Prevalence of undernourishment (percent) (3-year average)","20162018","2016-2018","%","2.9","E","Estimated value",""
"FS","Suite of Food Security Indicators","807","North Macedonia","6121","Value","210041","Prevalence of undernourishment (percent) (3-year average)","20172019","2017-2019","%","2.6","E","Estimated value",""
"FS","Suite of Food Security Indicators","807","North Macedonia","6121","Value","210041","Prevalence of undernourishment (percent) (3-year average)","20182020","2018-2020","%","2.8","E","Estimated value",""
"FS","Suite of Food Security Indicators","807","North Macedonia","6121","Value","210041","Prevalence of undernourishment (percent) (3-year average)","20192021","2019-2021","%","2.8","E","Estimated value",""
"FS","Suite of Food Security Indicators","807","North Macedonia","6121","Value","210041","Prevalence of undernourishment (percent) (3-year average)","20202022","2020-2022","%","2.9","E","Estimated value",""
"FS","Suite of Food Security Indicators","807","North Macedonia","6121","Value","210041","Prevalence of undernourishment (percent) (3-year average)","20212023","2021-2023","%","<2.5","E","Estimated value",""
"FS","Suite of Food Security Indicators","807","North Macedonia","6121","Value","210041","Prevalence of undernourishment (percent) (3-year average)","20222024","2022-2024","%","<2.5","E","Estimated value",""
"FS","Suite of Food Security Indicators","578","Norway","6121","Value","210041","Prevalence of undernourishment (percent) (3-year average)","20002002","2000-2002","%","<2.5","E","Estimated value",""
"FS","Suite of Food Security Indicators","578","Norway","6121","Value","210041","Prevalence of undernourishment (percent) (3-year average)","20012003","2001-2003","%","<2.5","E","Estimated value",""
"FS","Suite of Food Security Indicators","578","Norway","6121","Value","210041","Prevalence of undernourishment (percent) (3-year average)","20022004","2002-2004","%","<2.5","E","Estimated value",""
"FS","Suite of Food Security Indicators","578","Norway","6121","Value","210041","Prevalence of undernourishment (percent) (3-year average)","20032005","2003-2005","%","<2.5","E","Estimated value",""
"FS","Suite of Food Security Indicators","578","Norway","6121","Value","210041","Prevalence of undernourishment (percent) (3-year average)","20042006","2004-2006","%","<2.5","E","Estimated value",""
"FS","Suite of Food Security Indicators","578","Norway","6121","Value","210041","Prevalence of undernourishment (percent) (3-year average)","20052007","2005-2007","%","<2.5","E","Estimated value",""
"FS","Suite of Food Security Indicators","578","Norway","6121","Value","210041","Prevalence of undernourishment (percent) (3-year average)","20062008","2006-2008","%","<2.5","E","Estimated value",""
"FS","Suite of Food Security Indicators","578","Norway","6121","Value","210041","Prevalence of undernourishment (percent) (3-year average)","20072009","2007-2009","%","<2.5","E","Estimated value",""
"FS","Suite of Food Security Indicators","578","Norway","6121","Value","210041","Prevalence of undernourishment (percent) (3-year average)","20082010","2008-2010","%","<2.5","E","Estimated value",""
"FS","Suite of Food Security Indicators","578","Norway","6121","Value","210041","Prevalence of undernourishment (percent) (3-year average)","20092011","2009-2011","%","<2.5","E","Estimated value",""
"FS","Suite of Food Security Indicators","578","Norway","6121","Value","210041","Prevalence of undernourishment (percent) (3-year average)","20102012","2010-2012","%","<2.5","E","Estimated value",""
"FS","Suite of Food Security Indicators","578","Norway","6121","Value","210041","Prevalence of undernourishment (percent) (3-year average)","20112013","2011-2013","%","<2.5","E","Estimated value",""
"FS","Suite of Food Security Indicators","578","Norway","6121","Value","210041","Prevalence of undernourishment (percent) (3-year average)","20122014","2012-2014","%","<2.5","E","Estimated value",""
"FS","Suite of Food Security Indicators","578","Norway","6121","Value","210041","Prevalence of undernourishment (percent) (3-year average)","20132015","2013-2015","%","<2.5","E","Estimated value",""
"FS","Suite of Food Security Indicators","578","Norway","6121","Value","210041","Prevalence of undernourishment (percent) (3-year average)","20142016","2014-2016","%","<2.5","E","Estimated value",""
"FS","Suite of Food Security Indicators","578","Norway","6121","Value","210041","Prevalence of undernourishment (percent) (3-year average)","20152017","2015-2017","%","<2.5","E","Estimated value",""
"FS","Suite of Food Security Indicators","578","Norway","6121","Value","210041","Prevalence of undernourishment (percent) (3-year average)","20162018","2016-2018","%","<2.5","E","Estimated value",""
"FS","Suite of Food Security Indicators","578","Norway","6121","Value","210041","Prevalence of undernourishment (percent) (3-year average)","20172019","2017-2019","%","<2.5","E","Estimated value",""
"FS","Suite of Food Security Indicators","578","Norway","6121","Value","210041","Prevalence of undernourishment (percent) (3-year average)","20182020","2018-2020","%","<2.5","E","Estimated value",""
"FS","Suite of Food Security Indicators","578","Norway","6121","Value","210041","Prevalence of undernourishment (percent) (3-year average)","20192021","2019-2021","%","<2.5","E","Estimated value",""
"FS","Suite of Food Security Indicators","578","Norway","6121","Value","210041","Prevalence of undernourishment (percent) (3-year average)","20202022","2020-2022","%","<2.5","E","Estimated value",""
"FS","Suite of Food Security Indicators","578","Norway","6121","Value","210041","Prevalence of undernourishment (percent) (3-year average)","20212023","2021-2023","%","<2.5","E","Estimated value",""
"FS","Suite of Food Security Indicators","578","Norway","6121","Value","210041","Prevalence of undernourishment (percent) (3-year average)","20222024","2022-2024","%","<2.5","E","Estimated value",""
"FS","Suite of Food Security Indicators","512","Oman","6121","Value","210041","Prevalence of undernourishment (percent) (3-year average)","20002002","2000-2002","%","16.3","E","Estimated value",""
"FS","Suite of Food Security Indicators","512","Oman","6121","Value","210041","Prevalence of undernourishment (percent) (3-year average)","20012003","2001-2003","%","15.1","E","Estimated value",""
"FS","Suite of Food Security Indicators","512","Oman","6121","Value","210041","Prevalence of undernourishment (percent) (3-year average)","20022004","2002-2004","%","14.2","E","Estimated value",""
"FS","Suite of Food Security Indicators","512","Oman","6121","Value","210041","Prevalence of undernourishment (percent) (3-year average)","20032005","2003-2005","%","12.3","E","Estimated value",""
"FS","Suite of Food Security Indicators","512","Oman","6121","Value","210041","Prevalence of undernourishment (percent) (3-year average)","20042006","2004-2006","%","10.1","E","Estimated value",""
"FS","Suite of Food Security Indicators","512","Oman","6121","Value","210041","Prevalence of undernourishment (percent) (3-year average)","20052007","2005-2007","%","8.3","E","Estimated value",""
"FS","Suite of Food Security Indicators","512","Oman","6121","Value","210041","Prevalence of undernourishment (percent) (3-year average)","20062008","2006-2008","%","6.8","E","Estimated value",""
"FS","Suite of Food Security Indicators","512","Oman","6121","Value","210041","Prevalence of undernourishment (percent) (3-year average)","20072009","2007-2009","%","5.5","E","Estimated value",""
"FS","Suite of Food Security Indicators","512","Oman","6121","Value","210041","Prevalence of undernourishment (percent) (3-year average)","20082010","2008-2010","%","4.5","E","Estimated value",""
"FS","Suite of Food Security Indicators","512","Oman","6121","Value","210041","Prevalence of undernourishment (percent) (3-year average)","20092011","2009-2011","%","4.6","E","Estimated value",""
"FS","Suite of Food Security Indicators","512","Oman","6121","Value","210041","Prevalence of undernourishment (percent) (3-year average)","20102012","2010-2012","%","5.5","E","Estimated value",""
"FS","Suite of Food Security Indicators","512","Oman","6121","Value","210041","Prevalence of undernourishment (percent) (3-year average)","20112013","2011-2013","%","6.5","E","Estimated value",""
"FS","Suite of Food Security Indicators","512","Oman","6121","Value","210041","Prevalence of undernourishment (percent) (3-year average)","20122014","2012-2014","%","6.9","E","Estimated value",""
"FS","Suite of Food Security Indicators","512","Oman","6121","Value","210041","Prevalence of undernourishment (percent) (3-year average)","20132015","2013-2015","%","6.8","E","Estimated value",""
"FS","Suite of Food Security Indicators","512","Oman","6121","Value","210041","Prevalence of undernourishment (percent) (3-year average)","20142016","2014-2016","%","7.2","E","Estimated value",""
"FS","Suite of Food Security Indicators","512","Oman","6121","Value","210041","Prevalence of undernourishment (percent) (3-year average)","20152017","2015-2017","%","7.2","E","Estimated value",""
"FS","Suite of Food Security Indicators","512","Oman","6121","Value","210041","Prevalence of undernourishment (percent) (3-year average)","20162018","2016-2018","%","7","E","Estimated value",""
"FS","Suite of Food Security Indicators","512","Oman","6121","Value","210041","Prevalence of undernourishment (percent) (3-year average)","20172019","2017-2019","%","6.3","E","Estimated value",""
"FS","Suite of Food Security Indicators","512","Oman","6121","Value","210041","Prevalence of undernourishment (percent) (3-year average)","20182020","2018-2020","%","5.9","E","Estimated value",""
"FS","Suite of Food Security Indicators","512","Oman","6121","Value","210041","Prevalence of undernourishment (percent) (3-year average)","20192021","2019-2021","%","5.8","E","Estimated value",""
"FS","Suite of Food Security Indicators","512","Oman","6121","Value","210041","Prevalence of undernourishment (percent) (3-year average)","20202022","2020-2022","%","5.7","E","Estimated value",""
"FS","Suite of Food Security Indicators","512","Oman","6121","Value","210041","Prevalence of undernourishment (percent) (3-year average)","20212023","2021-2023","%","5.9","E","Estimated value",""
"FS","Suite of Food Security Indicators","512","Oman","6121","Value","210041","Prevalence of undernourishment (percent) (3-year average)","20222024","2022-2024","%","5.9","E","Estimated value",""
"FS","Suite of Food Security Indicators","586","Pakistan","6121","Value","210041","Prevalence of undernourishment (percent) (3-year average)","20002002","2000-2002","%","20.4","E","Estimated value",""
"FS","Suite of Food Security Indicators","586","Pakistan","6121","Value","210041","Prevalence of undernourishment (percent) (3-year average)","20012003","2001-2003","%","21","E","Estimated value",""
"FS","Suite of Food Security Indicators","586","Pakistan","6121","Value","210041","Prevalence of undernourishment (percent) (3-year average)","20022004","2002-2004","%","20.2","E","Estimated value",""
"FS","Suite of Food Security Indicators","586","Pakistan","6121","Value","210041","Prevalence of undernourishment (percent) (3-year average)","20032005","2003-2005","%","18.3","E","Estimated value",""
"FS","Suite of Food Security Indicators","586","Pakistan","6121","Value","210041","Prevalence of undernourishment (percent) (3-year average)","20042006","2004-2006","%","16.9","E","Estimated value",""
"FS","Suite of Food Security Indicators","586","Pakistan","6121","Value","210041","Prevalence of undernourishment (percent) (3-year average)","20052007","2005-2007","%","15.7","E","Estimated value",""
"FS","Suite of Food Security Indicators","586","Pakistan","6121","Value","210041","Prevalence of undernourishment (percent) (3-year average)","20062008","2006-2008","%","15.1","E","Estimated value",""
"FS","Suite of Food Security Indicators","586","Pakistan","6121","Value","210041","Prevalence of undernourishment (percent) (3-year average)","20072009","2007-2009","%","15.1","E","Estimated value",""
"FS","Suite of Food Security Indicators","586","Pakistan","6121","Value","210041","Prevalence of undernourishment (percent) (3-year average)","20082010","2008-2010","%","15.4","E","Estimated value",""
"FS","Suite of Food Security Indicators","586","Pakistan","6121","Value","210041","Prevalence of undernourishment (percent) (3-year average)","20092011","2009-2011","%","15.5","E","Estimated value",""
"FS","Suite of Food Security Indicators","586","Pakistan","6121","Value","210041","Prevalence of undernourishment (percent) (3-year average)","20102012","2010-2012","%","15.4","E","Estimated value",""
"FS","Suite of Food Security Indicators","586","Pakistan","6121","Value","210041","Prevalence of undernourishment (percent) (3-year average)","20112013","2011-2013","%","15","E","Estimated value",""
"FS","Suite of Food Security Indicators","586","Pakistan","6121","Value","210041","Prevalence of undernourishment (percent) (3-year average)","20122014","2012-2014","%","14.7","E","Estimated value",""
"FS","Suite of Food Security Indicators","586","Pakistan","6121","Value","210041","Prevalence of undernourishment (percent) (3-year average)","20132015","2013-2015","%","14.2","E","Estimated value",""
"FS","Suite of Food Security Indicators","586","Pakistan","6121","Value","210041","Prevalence of undernourishment (percent) (3-year average)","20142016","2014-2016","%","13.3","E","Estimated value",""
"FS","Suite of Food Security Indicators","586","Pakistan","6121","Value","210041","Prevalence of undernourishment (percent) (3-year average)","20152017","2015-2017","%","11.5","E","Estimated value",""
"FS","Suite of Food Security Indicators","586","Pakistan","6121","Value","210041","Prevalence of undernourishment (percent) (3-year average)","20162018","2016-2018","%","11.7","E","Estimated value",""
"FS","Suite of Food Security Indicators","586","Pakistan","6121","Value","210041","Prevalence of undernourishment (percent) (3-year average)","20172019","2017-2019","%","10.9","E","Estimated value",""
"FS","Suite of Food Security Indicators","586","Pakistan","6121","Value","210041","Prevalence of undernourishment (percent) (3-year average)","20182020","2018-2020","%","12.9","E","Estimated value",""
"FS","Suite of Food Security Indicators","586","Pakistan","6121","Value","210041","Prevalence of undernourishment (percent) (3-year average)","20192021","2019-2021","%","13.4","E","Estimated value",""
"FS","Suite of Food Security Indicators","586","Pakistan","6121","Value","210041","Prevalence of undernourishment (percent) (3-year average)","20202022","2020-2022","%","16.4","E","Estimated value",""
"FS","Suite of Food Security Indicators","586","Pakistan","6121","Value","210041","Prevalence of undernourishment (percent) (3-year average)","20212023","2021-2023","%","16.7","E","Estimated value",""
"FS","Suite of Food Security Indicators","586","Pakistan","6121","Value","210041","Prevalence of undernourishment (percent) (3-year average)","20222024","2022-2024","%","16.5","E","Estimated value",""
"FS","Suite of Food Security Indicators","585","Palau","6121","Value","210041","Prevalence of undernourishment (percent) (3-year average)","20002002","2000-2002","%","","O","Missing value",""
"FS","Suite of Food Security Indicators","585","Palau","6121","Value","210041","Prevalence of undernourishment (percent) (3-year average)","20012003","2001-2003","%","","O","Missing value",""
"FS","Suite of Food Security Indicators","585","Palau","6121","Value","210041","Prevalence of undernourishment (percent) (3-year average)","20022004","2002-2004","%","","O","Missing value",""
"FS","Suite of Food Security Indicators","585","Palau","6121","Value","210041","Prevalence of undernourishment (percent) (3-year average)","20032005","2003-2005","%","","O","Missing value",""
"FS","Suite of Food Security Indicators","585","Palau","6121","Value","210041","Prevalence of undernourishment (percent) (3-year average)","20042006","2004-2006","%","","O","Missing value",""
"FS","Suite of Food Security Indicators","585","Palau","6121","Value","210041","Prevalence of undernourishment (percent) (3-year average)","20052007","2005-2007","%","","O","Missing value",""
"FS","Suite of Food Security Indicators","585","Palau","6121","Value","210041","Prevalence of undernourishment (percent) (3-year average)","20062008","2006-2008","%","","O","Missing value",""
"FS","Suite of Food Security Indicators","585","Palau","6121","Value","210041","Prevalence of undernourishment (percent) (3-year average)","20072009","2007-2009","%","","O","Missing value",""
"FS","Suite of Food Security Indicators","585","Palau","6121","Value","210041","Prevalence of undernourishment (percent) (3-year average)","20082010","2008-2010","%","","O","Missing value",""
"FS","Suite of Food Security Indicators","585","Palau","6121","Value","210041","Prevalence of undernourishment (percent) (3-year average)","20092011","2009-2011","%","","O","Missing value",""
"FS","Suite of Food Security Indicators","585","Palau","6121","Value","210041","Prevalence of undernourishment (percent) (3-year average)","20102012","2010-2012","%","","O","Missing value",""
"FS","Suite of Food Security Indicators","585","Palau","6121","Value","210041","Prevalence of undernourishment (percent) (3-year average)","20112013","2011-2013","%","","O","Missing value",""
"FS","Suite of Food Security Indicators","585","Palau","6121","Value","210041","Prevalence of undernourishment (percent) (3-year average)","20122014","2012-2014","%","","O","Missing value",""
"FS","Suite of Food Security Indicators","585","Palau","6121","Value","210041","Prevalence of undernourishment (percent) (3-year average)","20132015","2013-2015","%","","O","Missing value",""
"FS","Suite of Food Security Indicators","585","Palau","6121","Value","210041","Prevalence of undernourishment (percent) (3-year average)","20142016","2014-2016","%","","O","Missing value",""
"FS","Suite of Food Security Indicators","585","Palau","6121","Value","210041","Prevalence of undernourishment (percent) (3-year average)","20152017","2015-2017","%","","O","Missing value",""
"FS","Suite of Food Security Indicators","585","Palau","6121","Value","210041","Prevalence of undernourishment (percent) (3-year average)","20162018","2016-2018","%","","O","Missing value",""
"FS","Suite of Food Security Indicators","585","Palau","6121","Value","210041","Prevalence of undernourishment (percent) (3-year average)","20172019","2017-2019","%","","O","Missing value",""
"FS","Suite of Food Security Indicators","585","Palau","6121","Value","210041","Prevalence of undernourishment (percent) (3-year average)","20182020","2018-2020","%","","O","Missing value",""
"FS","Suite of Food Security Indicators","585","Palau","6121","Value","210041","Prevalence of undernourishment (percent) (3-year average)","20192021","2019-2021","%","","O","Missing value",""
"FS","Suite of Food Security Indicators","585","Palau","6121","Value","210041","Prevalence of undernourishment (percent) (3-year average)","20202022","2020-2022","%","","O","Missing value",""
"FS","Suite of Food Security Indicators","585","Palau","6121","Value","210041","Prevalence of undernourishment (percent) (3-year average)","20212023","2021-2023","%","","O","Missing value",""
"FS","Suite of Food Security Indicators","585","Palau","6121","Value","210041","Prevalence of undernourishment (percent) (3-year average)","20222024","2022-2024","%","","O","Missing value",""
"FS","Suite of Food Security Indicators","275","Palestine","6121","Value","210041","Prevalence of undernourishment (percent) (3-year average)","20002002","2000-2002","%","","O","Missing value",""
"FS","Suite of Food Security Indicators","275","Palestine","6121","Value","210041","Prevalence of undernourishment (percent) (3-year average)","20012003","2001-2003","%","","O","Missing value",""
"FS","Suite of Food Security Indicators","275","Palestine","6121","Value","210041","Prevalence of undernourishment (percent) (3-year average)","20022004","2002-2004","%","","O","Missing value",""
"FS","Suite of Food Security Indicators","275","Palestine","6121","Value","210041","Prevalence of undernourishment (percent) (3-year average)","20032005","2003-2005","%","","O","Missing value",""
"FS","Suite of Food Security Indicators","275","Palestine","6121","Value","210041","Prevalence of undernourishment (percent) (3-year average)","20042006","2004-2006","%","","O","Missing value",""
"FS","Suite of Food Security Indicators","275","Palestine","6121","Value","210041","Prevalence of undernourishment (percent) (3-year average)","20052007","2005-2007","%","","O","Missing value",""
"FS","Suite of Food Security Indicators","275","Palestine","6121","Value","210041","Prevalence of undernourishment (percent) (3-year average)","20062008","2006-2008","%","","O","Missing value",""
"FS","Suite of Food Security Indicators","275","Palestine","6121","Value","210041","Prevalence of undernourishment (percent) (3-year average)","20072009","2007-2009","%","","O","Missing value",""
"FS","Suite of Food Security Indicators","275","Palestine","6121","Value","210041","Prevalence of undernourishment (percent) (3-year average)","20082010","2008-2010","%","","O","Missing value",""
"FS","Suite of Food Security Indicators","275","Palestine","6121","Value","210041","Prevalence of undernourishment (percent) (3-year average)","20092011","2009-2011","%","","O","Missing value",""
"FS","Suite of Food Security Indicators","275","Palestine","6121","Value","210041","Prevalence of undernourishment (percent) (3-year average)","20102012","2010-2012","%","","O","Missing value",""
"FS","Suite of Food Security Indicators","275","Palestine","6121","Value","210041","Prevalence of undernourishment (percent) (3-year average)","20112013","2011-2013","%","","O","Missing value",""
"FS","Suite of Food Security Indicators","275","Palestine","6121","Value","210041","Prevalence of undernourishment (percent) (3-year average)","20122014","2012-2014","%","","O","Missing value",""
"FS","Suite of Food Security Indicators","275","Palestine","6121","Value","210041","Prevalence of undernourishment (percent) (3-year average)","20132015","2013-2015","%","","O","Missing value",""
"FS","Suite of Food Security Indicators","275","Palestine","6121","Value","210041","Prevalence of undernourishment (percent) (3-year average)","20142016","2014-2016","%","","O","Missing value",""
"FS","Suite of Food Security Indicators","275","Palestine","6121","Value","210041","Prevalence of undernourishment (percent) (3-year average)","20152017","2015-2017","%","","O","Missing value",""
"FS","Suite of Food Security Indicators","275","Palestine","6121","Value","210041","Prevalence of undernourishment (percent) (3-year average)","20162018","2016-2018","%","","O","Missing value",""
"FS","Suite of Food Security Indicators","275","Palestine","6121","Value","210041","Prevalence of undernourishment (percent) (3-year average)","20172019","2017-2019","%","","O","Missing value",""
"FS","Suite of Food Security Indicators","275","Palestine","6121","Value","210041","Prevalence of undernourishment (percent) (3-year average)","20182020","2018-2020","%","","O","Missing value",""
"FS","Suite of Food Security Indicators","275","Palestine","6121","Value","210041","Prevalence of undernourishment (percent) (3-year average)","20192021","2019-2021","%","","O","Missing value",""
"FS","Suite of Food Security Indicators","275","Palestine","6121","Value","210041","Prevalence of undernourishment (percent) (3-year average)","20202022","2020-2022","%","","O","Missing value",""
"FS","Suite of Food Security Indicators","275","Palestine","6121","Value","210041","Prevalence of undernourishment (percent) (3-year average)","20212023","2021-2023","%","","O","Missing value",""
"FS","Suite of Food Security Indicators","275","Palestine","6121","Value","210041","Prevalence of undernourishment (percent) (3-year average)","20222024","2022-2024","%","","O","Missing value",""
"FS","Suite of Food Security Indicators","591","Panama","6121","Value","210041","Prevalence of undernourishment (percent) (3-year average)","20002002","2000-2002","%","23.2","E","Estimated value",""
"FS","Suite of Food Security Indicators","591","Panama","6121","Value","210041","Prevalence of undernourishment (percent) (3-year average)","20012003","2001-2003","%","19.4","E","Estimated value",""
"FS","Suite of Food Security Indicators","591","Panama","6121","Value","210041","Prevalence of undernourishment (percent) (3-year average)","20022004","2002-2004","%","17.4","E","Estimated value",""
"FS","Suite of Food Security Indicators","591","Panama","6121","Value","210041","Prevalence of undernourishment (percent) (3-year average)","20032005","2003-2005","%","16.2","E","Estimated value",""
"FS","Suite of Food Security Indicators","591","Panama","6121","Value","210041","Prevalence of undernourishment (percent) (3-year average)","20042006","2004-2006","%","14.8","E","Estimated value",""
"FS","Suite of Food Security Indicators","591","Panama","6121","Value","210041","Prevalence of undernourishment (percent) (3-year average)","20052007","2005-2007","%","13.5","E","Estimated value",""
"FS","Suite of Food Security Indicators","591","Panama","6121","Value","210041","Prevalence of undernourishment (percent) (3-year average)","20062008","2006-2008","%","12.3","E","Estimated value",""
"FS","Suite of Food Security Indicators","591","Panama","6121","Value","210041","Prevalence of undernourishment (percent) (3-year average)","20072009","2007-2009","%","11.2","E","Estimated value",""
"FS","Suite of Food Security Indicators","591","Panama","6121","Value","210041","Prevalence of undernourishment (percent) (3-year average)","20082010","2008-2010","%","10.1","E","Estimated value",""
"FS","Suite of Food Security Indicators","591","Panama","6121","Value","210041","Prevalence of undernourishment (percent) (3-year average)","20092011","2009-2011","%","8.9","E","Estimated value",""
"FS","Suite of Food Security Indicators","591","Panama","6121","Value","210041","Prevalence of undernourishment (percent) (3-year average)","20102012","2010-2012","%","7.9","E","Estimated value",""
"FS","Suite of Food Security Indicators","591","Panama","6121","Value","210041","Prevalence of undernourishment (percent) (3-year average)","20112013","2011-2013","%","7.3","E","Estimated value",""
"FS","Suite of Food Security Indicators","591","Panama","6121","Value","210041","Prevalence of undernourishment (percent) (3-year average)","20122014","2012-2014","%","7.1","E","Estimated value",""
"FS","Suite of Food Security Indicators","591","Panama","6121","Value","210041","Prevalence of undernourishment (percent) (3-year average)","20132015","2013-2015","%","7.1","E","Estimated value",""
"FS","Suite of Food Security Indicators","591","Panama","6121","Value","210041","Prevalence of undernourishment (percent) (3-year average)","20142016","2014-2016","%","7","E","Estimated value",""
"FS","Suite of Food Security Indicators","591","Panama","6121","Value","210041","Prevalence of undernourishment (percent) (3-year average)","20152017","2015-2017","%","6.7","E","Estimated value",""
"FS","Suite of Food Security Indicators","591","Panama","6121","Value","210041","Prevalence of undernourishment (percent) (3-year average)","20162018","2016-2018","%","5.8","E","Estimated value",""
"FS","Suite of Food Security Indicators","591","Panama","6121","Value","210041","Prevalence of undernourishment (percent) (3-year average)","20172019","2017-2019","%","5","E","Estimated value",""
"FS","Suite of Food Security Indicators","591","Panama","6121","Value","210041","Prevalence of undernourishment (percent) (3-year average)","20182020","2018-2020","%","4.5","E","Estimated value",""
"FS","Suite of Food Security Indicators","591","Panama","6121","Value","210041","Prevalence of undernourishment (percent) (3-year average)","20192021","2019-2021","%","4.8","E","Estimated value",""
"FS","Suite of Food Security Indicators","591","Panama","6121","Value","210041","Prevalence of undernourishment (percent) (3-year average)","20202022","2020-2022","%","5.3","E","Estimated value",""
"FS","Suite of Food Security Indicators","591","Panama","6121","Value","210041","Prevalence of undernourishment (percent) (3-year average)","20212023","2021-2023","%","5.8","E","Estimated value",""
"FS","Suite of Food Security Indicators","591","Panama","6121","Value","210041","Prevalence of undernourishment (percent) (3-year average)","20222024","2022-2024","%","5.7","E","Estimated value",""
"FS","Suite of Food Security Indicators","598","Papua New Guinea","6121","Value","210041","Prevalence of undernourishment (percent) (3-year average)","20002002","2000-2002","%","26.7","E","Estimated value",""
"FS","Suite of Food Security Indicators","598","Papua New Guinea","6121","Value","210041","Prevalence of undernourishment (percent) (3-year average)","20012003","2001-2003","%","27.4","E","Estimated value",""
"FS","Suite of Food Security Indicators","598","Papua New Guinea","6121","Value","210041","Prevalence of undernourishment (percent) (3-year average)","20022004","2002-2004","%","28.1","E","Estimated value",""
"FS","Suite of Food Security Indicators","598","Papua New Guinea","6121","Value","210041","Prevalence of undernourishment (percent) (3-year average)","20032005","2003-2005","%","29","E","Estimated value",""
"FS","Suite of Food Security Indicators","598","Papua New Guinea","6121","Value","210041","Prevalence of undernourishment (percent) (3-year average)","20042006","2004-2006","%","27.9","E","Estimated value",""
"FS","Suite of Food Security Indicators","598","Papua New Guinea","6121","Value","210041","Prevalence of undernourishment (percent) (3-year average)","20052007","2005-2007","%","27.9","E","Estimated value",""
"FS","Suite of Food Security Indicators","598","Papua New Guinea","6121","Value","210041","Prevalence of undernourishment (percent) (3-year average)","20062008","2006-2008","%","27.2","E","Estimated value",""
"FS","Suite of Food Security Indicators","598","Papua New Guinea","6121","Value","210041","Prevalence of undernourishment (percent) (3-year average)","20072009","2007-2009","%","27.6","E","Estimated value",""
"FS","Suite of Food Security Indicators","598","Papua New Guinea","6121","Value","210041","Prevalence of undernourishment (percent) (3-year average)","20082010","2008-2010","%","28.8","E","Estimated value",""
"FS","Suite of Food Security Indicators","598","Papua New Guinea","6121","Value","210041","Prevalence of undernourishment (percent) (3-year average)","20092011","2009-2011","%","29.9","E","Estimated value",""
"FS","Suite of Food Security Indicators","598","Papua New Guinea","6121","Value","210041","Prevalence of undernourishment (percent) (3-year average)","20102012","2010-2012","%","30.1","E","Estimated value",""
"FS","Suite of Food Security Indicators","598","Papua New Guinea","6121","Value","210041","Prevalence of undernourishment (percent) (3-year average)","20112013","2011-2013","%","28.6","E","Estimated value",""
"FS","Suite of Food Security Indicators","598","Papua New Guinea","6121","Value","210041","Prevalence of undernourishment (percent) (3-year average)","20122014","2012-2014","%","27.3","E","Estimated value",""
"FS","Suite of Food Security Indicators","598","Papua New Guinea","6121","Value","210041","Prevalence of undernourishment (percent) (3-year average)","20132015","2013-2015","%","27.6","E","Estimated value",""
"FS","Suite of Food Security Indicators","598","Papua New Guinea","6121","Value","210041","Prevalence of undernourishment (percent) (3-year average)","20142016","2014-2016","%","27.8","E","Estimated value",""
"FS","Suite of Food Security Indicators","598","Papua New Guinea","6121","Value","210041","Prevalence of undernourishment (percent) (3-year average)","20152017","2015-2017","%","28.2","E","Estimated value",""
"FS","Suite of Food Security Indicators","598","Papua New Guinea","6121","Value","210041","Prevalence of undernourishment (percent) (3-year average)","20162018","2016-2018","%","28.3","E","Estimated value",""
"FS","Suite of Food Security Indicators","598","Papua New Guinea","6121","Value","210041","Prevalence of undernourishment (percent) (3-year average)","20172019","2017-2019","%","28.5","E","Estimated value",""
"FS","Suite of Food Security Indicators","598","Papua New Guinea","6121","Value","210041","Prevalence of undernourishment (percent) (3-year average)","20182020","2018-2020","%","28.2","E","Estimated value",""
"FS","Suite of Food Security Indicators","598","Papua New Guinea","6121","Value","210041","Prevalence of undernourishment (percent) (3-year average)","20192021","2019-2021","%","28.3","E","Estimated value",""
"FS","Suite of Food Security Indicators","598","Papua New Guinea","6121","Value","210041","Prevalence of undernourishment (percent) (3-year average)","20202022","2020-2022","%","27.9","E","Estimated value",""
"FS","Suite of Food Security Indicators","598","Papua New Guinea","6121","Value","210041","Prevalence of undernourishment (percent) (3-year average)","20212023","2021-2023","%","28.8","E","Estimated value",""
"FS","Suite of Food Security Indicators","598","Papua New Guinea","6121","Value","210041","Prevalence of undernourishment (percent) (3-year average)","20222024","2022-2024","%","28.7","E","Estimated value",""
"FS","Suite of Food Security Indicators","600","Paraguay","6121","Value","210041","Prevalence of undernourishment (percent) (3-year average)","20002002","2000-2002","%","10.3","E","Estimated value",""
"FS","Suite of Food Security Indicators","600","Paraguay","6121","Value","210041","Prevalence of undernourishment (percent) (3-year average)","20012003","2001-2003","%","9.1","E","Estimated value",""
"FS","Suite of Food Security Indicators","600","Paraguay","6121","Value","210041","Prevalence of undernourishment (percent) (3-year average)","20022004","2002-2004","%","8.6","E","Estimated value",""
"FS","Suite of Food Security Indicators","600","Paraguay","6121","Value","210041","Prevalence of undernourishment (percent) (3-year average)","20032005","2003-2005","%","7.9","E","Estimated value",""
"FS","Suite of Food Security Indicators","600","Paraguay","6121","Value","210041","Prevalence of undernourishment (percent) (3-year average)","20042006","2004-2006","%","7.4","E","Estimated value",""
"FS","Suite of Food Security Indicators","600","Paraguay","6121","Value","210041","Prevalence of undernourishment (percent) (3-year average)","20052007","2005-2007","%","6","E","Estimated value",""
"FS","Suite of Food Security Indicators","600","Paraguay","6121","Value","210041","Prevalence of undernourishment (percent) (3-year average)","20062008","2006-2008","%","4.6","E","Estimated value",""
"FS","Suite of Food Security Indicators","600","Paraguay","6121","Value","210041","Prevalence of undernourishment (percent) (3-year average)","20072009","2007-2009","%","3.6","E","Estimated value",""
"FS","Suite of Food Security Indicators","600","Paraguay","6121","Value","210041","Prevalence of undernourishment (percent) (3-year average)","20082010","2008-2010","%","2.9","E","Estimated value",""
"FS","Suite of Food Security Indicators","600","Paraguay","6121","Value","210041","Prevalence of undernourishment (percent) (3-year average)","20092011","2009-2011","%","<2.5","E","Estimated value",""
"FS","Suite of Food Security Indicators","600","Paraguay","6121","Value","210041","Prevalence of undernourishment (percent) (3-year average)","20102012","2010-2012","%","<2.5","E","Estimated value",""
"FS","Suite of Food Security Indicators","600","Paraguay","6121","Value","210041","Prevalence of undernourishment (percent) (3-year average)","20112013","2011-2013","%","<2.5","E","Estimated value",""
"FS","Suite of Food Security Indicators","600","Paraguay","6121","Value","210041","Prevalence of undernourishment (percent) (3-year average)","20122014","2012-2014","%","<2.5","E","Estimated value",""
"FS","Suite of Food Security Indicators","600","Paraguay","6121","Value","210041","Prevalence of undernourishment (percent) (3-year average)","20132015","2013-2015","%","<2.5","E","Estimated value",""
"FS","Suite of Food Security Indicators","600","Paraguay","6121","Value","210041","Prevalence of undernourishment (percent) (3-year average)","20142016","2014-2016","%","<2.5","E","Estimated value",""
"FS","Suite of Food Security Indicators","600","Paraguay","6121","Value","210041","Prevalence of undernourishment (percent) (3-year average)","20152017","2015-2017","%","2.6","E","Estimated value",""
"FS","Suite of Food Security Indicators","600","Paraguay","6121","Value","210041","Prevalence of undernourishment (percent) (3-year average)","20162018","2016-2018","%","2.6","E","Estimated value",""
"FS","Suite of Food Security Indicators","600","Paraguay","6121","Value","210041","Prevalence of undernourishment (percent) (3-year average)","20172019","2017-2019","%","2.7","E","Estimated value",""
"FS","Suite of Food Security Indicators","600","Paraguay","6121","Value","210041","Prevalence of undernourishment (percent) (3-year average)","20182020","2018-2020","%","3.1","E","Estimated value",""
"FS","Suite of Food Security Indicators","600","Paraguay","6121","Value","210041","Prevalence of undernourishment (percent) (3-year average)","20192021","2019-2021","%","3.4","E","Estimated value",""
"FS","Suite of Food Security Indicators","600","Paraguay","6121","Value","210041","Prevalence of undernourishment (percent) (3-year average)","20202022","2020-2022","%","3.9","E","Estimated value",""
"FS","Suite of Food Security Indicators","600","Paraguay","6121","Value","210041","Prevalence of undernourishment (percent) (3-year average)","20212023","2021-2023","%","4.4","E","Estimated value",""
"FS","Suite of Food Security Indicators","600","Paraguay","6121","Value","210041","Prevalence of undernourishment (percent) (3-year average)","20222024","2022-2024","%","5.2","E","Estimated value",""
"FS","Suite of Food Security Indicators","604","Peru","6121","Value","210041","Prevalence of undernourishment (percent) (3-year average)","20002002","2000-2002","%","20.4","E","Estimated value",""
"FS","Suite of Food Security Indicators","604","Peru","6121","Value","210041","Prevalence of undernourishment (percent) (3-year average)","20012003","2001-2003","%","21.8","E","Estimated value",""
"FS","Suite of Food Security Indicators","604","Peru","6121","Value","210041","Prevalence of undernourishment (percent) (3-year average)","20022004","2002-2004","%","22.1","E","Estimated value",""
"FS","Suite of Food Security Indicators","604","Peru","6121","Value","210041","Prevalence of undernourishment (percent) (3-year average)","20032005","2003-2005","%","20.7","E","Estimated value",""
"FS","Suite of Food Security Indicators","604","Peru","6121","Value","210041","Prevalence of undernourishment (percent) (3-year average)","20042006","2004-2006","%","17.9","E","Estimated value",""
"FS","Suite of Food Security Indicators","604","Peru","6121","Value","210041","Prevalence of undernourishment (percent) (3-year average)","20052007","2005-2007","%","14.9","E","Estimated value",""
"FS","Suite of Food Security Indicators","604","Peru","6121","Value","210041","Prevalence of undernourishment (percent) (3-year average)","20062008","2006-2008","%","13","E","Estimated value",""
"FS","Suite of Food Security Indicators","604","Peru","6121","Value","210041","Prevalence of undernourishment (percent) (3-year average)","20072009","2007-2009","%","11","E","Estimated value",""
"FS","Suite of Food Security Indicators","604","Peru","6121","Value","210041","Prevalence of undernourishment (percent) (3-year average)","20082010","2008-2010","%","9.4","E","Estimated value",""
"FS","Suite of Food Security Indicators","604","Peru","6121","Value","210041","Prevalence of undernourishment (percent) (3-year average)","20092011","2009-2011","%","8.5","E","Estimated value",""
"FS","Suite of Food Security Indicators","604","Peru","6121","Value","210041","Prevalence of undernourishment (percent) (3-year average)","20102012","2010-2012","%","7.6","E","Estimated value",""
"FS","Suite of Food Security Indicators","604","Peru","6121","Value","210041","Prevalence of undernourishment (percent) (3-year average)","20112013","2011-2013","%","6.7","E","Estimated value",""
"FS","Suite of Food Security Indicators","604","Peru","6121","Value","210041","Prevalence of undernourishment (percent) (3-year average)","20122014","2012-2014","%","5.6","E","Estimated value",""
"FS","Suite of Food Security Indicators","604","Peru","6121","Value","210041","Prevalence of undernourishment (percent) (3-year average)","20132015","2013-2015","%","5.3","E","Estimated value",""
"FS","Suite of Food Security Indicators","604","Peru","6121","Value","210041","Prevalence of undernourishment (percent) (3-year average)","20142016","2014-2016","%","5.7","E","Estimated value",""
"FS","Suite of Food Security Indicators","604","Peru","6121","Value","210041","Prevalence of undernourishment (percent) (3-year average)","20152017","2015-2017","%","6.2","E","Estimated value",""
"FS","Suite of Food Security Indicators","604","Peru","6121","Value","210041","Prevalence of undernourishment (percent) (3-year average)","20162018","2016-2018","%","6.5","E","Estimated value",""
"FS","Suite of Food Security Indicators","604","Peru","6121","Value","210041","Prevalence of undernourishment (percent) (3-year average)","20172019","2017-2019","%","6","E","Estimated value",""
"FS","Suite of Food Security Indicators","604","Peru","6121","Value","210041","Prevalence of undernourishment (percent) (3-year average)","20182020","2018-2020","%","6.2","E","Estimated value",""
"FS","Suite of Food Security Indicators","604","Peru","6121","Value","210041","Prevalence of undernourishment (percent) (3-year average)","20192021","2019-2021","%","6.3","E","Estimated value",""
"FS","Suite of Food Security Indicators","604","Peru","6121","Value","210041","Prevalence of undernourishment (percent) (3-year average)","20202022","2020-2022","%","6.5","E","Estimated value",""
"FS","Suite of Food Security Indicators","604","Peru","6121","Value","210041","Prevalence of undernourishment (percent) (3-year average)","20212023","2021-2023","%","6.6","E","Estimated value",""
"FS","Suite of Food Security Indicators","604","Peru","6121","Value","210041","Prevalence of undernourishment (percent) (3-year average)","20222024","2022-2024","%","6.9","E","Estimated value",""
"FS","Suite of Food Security Indicators","608","Philippines","6121","Value","210041","Prevalence of undernourishment (percent) (3-year average)","20002002","2000-2002","%","18.5","E","Estimated value",""
"FS","Suite of Food Security Indicators","608","Philippines","6121","Value","210041","Prevalence of undernourishment (percent) (3-year average)","20012003","2001-2003","%","18.3","E","Estimated value",""
"FS","Suite of Food Security Indicators","608","Philippines","6121","Value","210041","Prevalence of undernourishment (percent) (3-year average)","20022004","2002-2004","%","17.8","E","Estimated value",""
"FS","Suite of Food Security Indicators","608","Philippines","6121","Value","210041","Prevalence of undernourishment (percent) (3-year average)","20032005","2003-2005","%","17.6","E","Estimated value",""
"FS","Suite of Food Security Indicators","608","Philippines","6121","Value","210041","Prevalence of undernourishment (percent) (3-year average)","20042006","2004-2006","%","17.3","E","Estimated value",""
"FS","Suite of Food Security Indicators","608","Philippines","6121","Value","210041","Prevalence of undernourishment (percent) (3-year average)","20052007","2005-2007","%","17","E","Estimated value",""
"FS","Suite of Food Security Indicators","608","Philippines","6121","Value","210041","Prevalence of undernourishment (percent) (3-year average)","20062008","2006-2008","%","16.7","E","Estimated value",""
"FS","Suite of Food Security Indicators","608","Philippines","6121","Value","210041","Prevalence of undernourishment (percent) (3-year average)","20072009","2007-2009","%","16.4","E","Estimated value",""
"FS","Suite of Food Security Indicators","608","Philippines","6121","Value","210041","Prevalence of undernourishment (percent) (3-year average)","20082010","2008-2010","%","16","E","Estimated value",""
"FS","Suite of Food Security Indicators","608","Philippines","6121","Value","210041","Prevalence of undernourishment (percent) (3-year average)","20092011","2009-2011","%","15.7","E","Estimated value",""
"FS","Suite of Food Security Indicators","608","Philippines","6121","Value","210041","Prevalence of undernourishment (percent) (3-year average)","20102012","2010-2012","%","14.9","E","Estimated value",""
"FS","Suite of Food Security Indicators","608","Philippines","6121","Value","210041","Prevalence of undernourishment (percent) (3-year average)","20112013","2011-2013","%","14.3","E","Estimated value",""
"FS","Suite of Food Security Indicators","608","Philippines","6121","Value","210041","Prevalence of undernourishment (percent) (3-year average)","20122014","2012-2014","%","13.7","E","Estimated value",""
"FS","Suite of Food Security Indicators","608","Philippines","6121","Value","210041","Prevalence of undernourishment (percent) (3-year average)","20132015","2013-2015","%","12.9","E","Estimated value",""
"FS","Suite of Food Security Indicators","608","Philippines","6121","Value","210041","Prevalence of undernourishment (percent) (3-year average)","20142016","2014-2016","%","11.4","E","Estimated value",""
"FS","Suite of Food Security Indicators","608","Philippines","6121","Value","210041","Prevalence of undernourishment (percent) (3-year average)","20152017","2015-2017","%","9.7","E","Estimated value",""
"FS","Suite of Food Security Indicators","608","Philippines","6121","Value","210041","Prevalence of undernourishment (percent) (3-year average)","20162018","2016-2018","%","7.8","E","Estimated value",""
"FS","Suite of Food Security Indicators","608","Philippines","6121","Value","210041","Prevalence of undernourishment (percent) (3-year average)","20172019","2017-2019","%","6.4","E","Estimated value",""
"FS","Suite of Food Security Indicators","608","Philippines","6121","Value","210041","Prevalence of undernourishment (percent) (3-year average)","20182020","2018-2020","%","5.8","E","Estimated value",""
"FS","Suite of Food Security Indicators","608","Philippines","6121","Value","210041","Prevalence of undernourishment (percent) (3-year average)","20192021","2019-2021","%","5.2","E","Estimated value",""
"FS","Suite of Food Security Indicators","608","Philippines","6121","Value","210041","Prevalence of undernourishment (percent) (3-year average)","20202022","2020-2022","%","4.6","E","Estimated value",""
"FS","Suite of Food Security Indicators","608","Philippines","6121","Value","210041","Prevalence of undernourishment (percent) (3-year average)","20212023","2021-2023","%","3.5","E","Estimated value",""
"FS","Suite of Food Security Indicators","608","Philippines","6121","Value","210041","Prevalence of undernourishment (percent) (3-year average)","20222024","2022-2024","%","3","E","Estimated value",""
"FS","Suite of Food Security Indicators","616","Poland","6121","Value","210041","Prevalence of undernourishment (percent) (3-year average)","20002002","2000-2002","%","<2.5","E","Estimated value",""
"FS","Suite of Food Security Indicators","616","Poland","6121","Value","210041","Prevalence of undernourishment (percent) (3-year average)","20012003","2001-2003","%","<2.5","E","Estimated value",""
"FS","Suite of Food Security Indicators","616","Poland","6121","Value","210041","Prevalence of undernourishment (percent) (3-year average)","20022004","2002-2004","%","<2.5","E","Estimated value",""
"FS","Suite of Food Security Indicators","616","Poland","6121","Value","210041","Prevalence of undernourishment (percent) (3-year average)","20032005","2003-2005","%","<2.5","E","Estimated value",""
"FS","Suite of Food Security Indicators","616","Poland","6121","Value","210041","Prevalence of undernourishment (percent) (3-year average)","20042006","2004-2006","%","<2.5","E","Estimated value",""
"FS","Suite of Food Security Indicators","616","Poland","6121","Value","210041","Prevalence of undernourishment (percent) (3-year average)","20052007","2005-2007","%","<2.5","E","Estimated value",""
"FS","Suite of Food Security Indicators","616","Poland","6121","Value","210041","Prevalence of undernourishment (percent) (3-year average)","20062008","2006-2008","%","<2.5","E","Estimated value",""
"FS","Suite of Food Security Indicators","616","Poland","6121","Value","210041","Prevalence of undernourishment (percent) (3-year average)","20072009","2007-2009","%","<2.5","E","Estimated value",""
"FS","Suite of Food Security Indicators","616","Poland","6121","Value","210041","Prevalence of undernourishment (percent) (3-year average)","20082010","2008-2010","%","<2.5","E","Estimated value",""
"FS","Suite of Food Security Indicators","616","Poland","6121","Value","210041","Prevalence of undernourishment (percent) (3-year average)","20092011","2009-2011","%","<2.5","E","Estimated value",""
"FS","Suite of Food Security Indicators","616","Poland","6121","Value","210041","Prevalence of undernourishment (percent) (3-year average)","20102012","2010-2012","%","<2.5","E","Estimated value",""
"FS","Suite of Food Security Indicators","616","Poland","6121","Value","210041","Prevalence of undernourishment (percent) (3-year average)","20112013","2011-2013","%","<2.5","E","Estimated value",""
"FS","Suite of Food Security Indicators","616","Poland","6121","Value","210041","Prevalence of undernourishment (percent) (3-year average)","20122014","2012-2014","%","<2.5","E","Estimated value",""
"FS","Suite of Food Security Indicators","616","Poland","6121","Value","210041","Prevalence of undernourishment (percent) (3-year average)","20132015","2013-2015","%","<2.5","E","Estimated value",""
"FS","Suite of Food Security Indicators","616","Poland","6121","Value","210041","Prevalence of undernourishment (percent) (3-year average)","20142016","2014-2016","%","<2.5","E","Estimated value",""
"FS","Suite of Food Security Indicators","616","Poland","6121","Value","210041","Prevalence of undernourishment (percent) (3-year average)","20152017","2015-2017","%","<2.5","E","Estimated value",""
"FS","Suite of Food Security Indicators","616","Poland","6121","Value","210041","Prevalence of undernourishment (percent) (3-year average)","20162018","2016-2018","%","<2.5","E","Estimated value",""
"FS","Suite of Food Security Indicators","616","Poland","6121","Value","210041","Prevalence of undernourishment (percent) (3-year average)","20172019","2017-2019","%","<2.5","E","Estimated value",""
"FS","Suite of Food Security Indicators","616","Poland","6121","Value","210041","Prevalence of undernourishment (percent) (3-year average)","20182020","2018-2020","%","<2.5","E","Estimated value",""
"FS","Suite of Food Security Indicators","616","Poland","6121","Value","210041","Prevalence of undernourishment (percent) (3-year average)","20192021","2019-2021","%","<2.5","E","Estimated value",""
"FS","Suite of Food Security Indicators","616","Poland","6121","Value","210041","Prevalence of undernourishment (percent) (3-year average)","20202022","2020-2022","%","<2.5","E","Estimated value",""
"FS","Suite of Food Security Indicators","616","Poland","6121","Value","210041","Prevalence of undernourishment (percent) (3-year average)","20212023","2021-2023","%","<2.5","E","Estimated value",""
"FS","Suite of Food Security Indicators","616","Poland","6121","Value","210041","Prevalence of undernourishment (percent) (3-year average)","20222024","2022-2024","%","<2.5","E","Estimated value",""
"FS","Suite of Food Security Indicators","620","Portugal","6121","Value","210041","Prevalence of undernourishment (percent) (3-year average)","20002002","2000-2002","%","<2.5","E","Estimated value",""
"FS","Suite of Food Security Indicators","620","Portugal","6121","Value","210041","Prevalence of undernourishment (percent) (3-year average)","20012003","2001-2003","%","<2.5","E","Estimated value",""
"FS","Suite of Food Security Indicators","620","Portugal","6121","Value","210041","Prevalence of undernourishment (percent) (3-year average)","20022004","2002-2004","%","<2.5","E","Estimated value",""
"FS","Suite of Food Security Indicators","620","Portugal","6121","Value","210041","Prevalence of undernourishment (percent) (3-year average)","20032005","2003-2005","%","<2.5","E","Estimated value",""
"FS","Suite of Food Security Indicators","620","Portugal","6121","Value","210041","Prevalence of undernourishment (percent) (3-year average)","20042006","2004-2006","%","<2.5","E","Estimated value",""
"FS","Suite of Food Security Indicators","620","Portugal","6121","Value","210041","Prevalence of undernourishment (percent) (3-year average)","20052007","2005-2007","%","<2.5","E","Estimated value",""
"FS","Suite of Food Security Indicators","620","Portugal","6121","Value","210041","Prevalence of undernourishment (percent) (3-year average)","20062008","2006-2008","%","<2.5","E","Estimated value",""
"FS","Suite of Food Security Indicators","620","Portugal","6121","Value","210041","Prevalence of undernourishment (percent) (3-year average)","20072009","2007-2009","%","<2.5","E","Estimated value",""
"FS","Suite of Food Security Indicators","620","Portugal","6121","Value","210041","Prevalence of undernourishment (percent) (3-year average)","20082010","2008-2010","%","<2.5","E","Estimated value",""
"FS","Suite of Food Security Indicators","620","Portugal","6121","Value","210041","Prevalence of undernourishment (percent) (3-year average)","20092011","2009-2011","%","<2.5","E","Estimated value",""
"FS","Suite of Food Security Indicators","620","Portugal","6121","Value","210041","Prevalence of undernourishment (percent) (3-year average)","20102012","2010-2012","%","<2.5","E","Estimated value",""
"FS","Suite of Food Security Indicators","620","Portugal","6121","Value","210041","Prevalence of undernourishment (percent) (3-year average)","20112013","2011-2013","%","<2.5","E","Estimated value",""
"FS","Suite of Food Security Indicators","620","Portugal","6121","Value","210041","Prevalence of undernourishment (percent) (3-year average)","20122014","2012-2014","%","<2.5","E","Estimated value",""
"FS","Suite of Food Security Indicators","620","Portugal","6121","Value","210041","Prevalence of undernourishment (percent) (3-year average)","20132015","2013-2015","%","<2.5","E","Estimated value",""
"FS","Suite of Food Security Indicators","620","Portugal","6121","Value","210041","Prevalence of undernourishment (percent) (3-year average)","20142016","2014-2016","%","<2.5","E","Estimated value",""
"FS","Suite of Food Security Indicators","620","Portugal","6121","Value","210041","Prevalence of undernourishment (percent) (3-year average)","20152017","2015-2017","%","<2.5","E","Estimated value",""
"FS","Suite of Food Security Indicators","620","Portugal","6121","Value","210041","Prevalence of undernourishment (percent) (3-year average)","20162018","2016-2018","%","<2.5","E","Estimated value",""
"FS","Suite of Food Security Indicators","620","Portugal","6121","Value","210041","Prevalence of undernourishment (percent) (3-year average)","20172019","2017-2019","%","<2.5","E","Estimated value",""
"FS","Suite of Food Security Indicators","620","Portugal","6121","Value","210041","Prevalence of undernourishment (percent) (3-year average)","20182020","2018-2020","%","<2.5","E","Estimated value",""
"FS","Suite of Food Security Indicators","620","Portugal","6121","Value","210041","Prevalence of undernourishment (percent) (3-year average)","20192021","2019-2021","%","<2.5","E","Estimated value",""
"FS","Suite of Food Security Indicators","620","Portugal","6121","Value","210041","Prevalence of undernourishment (percent) (3-year average)","20202022","2020-2022","%","<2.5","E","Estimated value",""
"FS","Suite of Food Security Indicators","620","Portugal","6121","Value","210041","Prevalence of undernourishment (percent) (3-year average)","20212023","2021-2023","%","<2.5","E","Estimated value",""
"FS","Suite of Food Security Indicators","620","Portugal","6121","Value","210041","Prevalence of undernourishment (percent) (3-year average)","20222024","2022-2024","%","<2.5","E","Estimated value",""
"FS","Suite of Food Security Indicators","630","Puerto Rico","6121","Value","210041","Prevalence of undernourishment (percent) (3-year average)","20002002","2000-2002","%","","O","Missing value",""
"FS","Suite of Food Security Indicators","630","Puerto Rico","6121","Value","210041","Prevalence of undernourishment (percent) (3-year average)","20012003","2001-2003","%","","O","Missing value",""
"FS","Suite of Food Security Indicators","630","Puerto Rico","6121","Value","210041","Prevalence of undernourishment (percent) (3-year average)","20022004","2002-2004","%","","O","Missing value",""
"FS","Suite of Food Security Indicators","630","Puerto Rico","6121","Value","210041","Prevalence of undernourishment (percent) (3-year average)","20032005","2003-2005","%","","O","Missing value",""
"FS","Suite of Food Security Indicators","630","Puerto Rico","6121","Value","210041","Prevalence of undernourishment (percent) (3-year average)","20042006","2004-2006","%","","O","Missing value",""
"FS","Suite of Food Security Indicators","630","Puerto Rico","6121","Value","210041","Prevalence of undernourishment (percent) (3-year average)","20052007","2005-2007","%","","O","Missing value",""
"FS","Suite of Food Security Indicators","630","Puerto Rico","6121","Value","210041","Prevalence of undernourishment (percent) (3-year average)","20062008","2006-2008","%","","O","Missing value",""
"FS","Suite of Food Security Indicators","630","Puerto Rico","6121","Value","210041","Prevalence of undernourishment (percent) (3-year average)","20072009","2007-2009","%","","O","Missing value",""
"FS","Suite of Food Security Indicators","630","Puerto Rico","6121","Value","210041","Prevalence of undernourishment (percent) (3-year average)","20082010","2008-2010","%","","O","Missing value",""
"FS","Suite of Food Security Indicators","630","Puerto Rico","6121","Value","210041","Prevalence of undernourishment (percent) (3-year average)","20092011","2009-2011","%","","O","Missing value",""
"FS","Suite of Food Security Indicators","630","Puerto Rico","6121","Value","210041","Prevalence of undernourishment (percent) (3-year average)","20102012","2010-2012","%","","O","Missing value",""
"FS","Suite of Food Security Indicators","630","Puerto Rico","6121","Value","210041","Prevalence of undernourishment (percent) (3-year average)","20112013","2011-2013","%","","O","Missing value",""
"FS","Suite of Food Security Indicators","630","Puerto Rico","6121","Value","210041","Prevalence of undernourishment (percent) (3-year average)","20122014","2012-2014","%","","O","Missing value",""
"FS","Suite of Food Security Indicators","630","Puerto Rico","6121","Value","210041","Prevalence of undernourishment (percent) (3-year average)","20132015","2013-2015","%","","O","Missing value",""
"FS","Suite of Food Security Indicators","630","Puerto Rico","6121","Value","210041","Prevalence of undernourishment (percent) (3-year average)","20142016","2014-2016","%","","O","Missing value",""
"FS","Suite of Food Security Indicators","630","Puerto Rico","6121","Value","210041","Prevalence of undernourishment (percent) (3-year average)","20152017","2015-2017","%","","O","Missing value",""
"FS","Suite of Food Security Indicators","630","Puerto Rico","6121","Value","210041","Prevalence of undernourishment (percent) (3-year average)","20162018","2016-2018","%","","O","Missing value",""
"FS","Suite of Food Security Indicators","630","Puerto Rico","6121","Value","210041","Prevalence of undernourishment (percent) (3-year average)","20172019","2017-2019","%","","O","Missing value",""
"FS","Suite of Food Security Indicators","630","Puerto Rico","6121","Value","210041","Prevalence of undernourishment (percent) (3-year average)","20182020","2018-2020","%","","O","Missing value",""
"FS","Suite of Food Security Indicators","630","Puerto Rico","6121","Value","210041","Prevalence of undernourishment (percent) (3-year average)","20192021","2019-2021","%","","O","Missing value",""
"FS","Suite of Food Security Indicators","630","Puerto Rico","6121","Value","210041","Prevalence of undernourishment (percent) (3-year average)","20202022","2020-2022","%","","O","Missing value",""
"FS","Suite of Food Security Indicators","630","Puerto Rico","6121","Value","210041","Prevalence of undernourishment (percent) (3-year average)","20212023","2021-2023","%","","O","Missing value",""
"FS","Suite of Food Security Indicators","630","Puerto Rico","6121","Value","210041","Prevalence of undernourishment (percent) (3-year average)","20222024","2022-2024","%","","O","Missing value",""
"FS","Suite of Food Security Indicators","634","Qatar","6121","Value","210041","Prevalence of undernourishment (percent) (3-year average)","20002002","2000-2002","%","","O","Missing value",""
"FS","Suite of Food Security Indicators","634","Qatar","6121","Value","210041","Prevalence of undernourishment (percent) (3-year average)","20012003","2001-2003","%","","O","Missing value",""
"FS","Suite of Food Security Indicators","634","Qatar","6121","Value","210041","Prevalence of undernourishment (percent) (3-year average)","20022004","2002-2004","%","","O","Missing value",""
"FS","Suite of Food Security Indicators","634","Qatar","6121","Value","210041","Prevalence of undernourishment (percent) (3-year average)","20032005","2003-2005","%","","O","Missing value",""
"FS","Suite of Food Security Indicators","634","Qatar","6121","Value","210041","Prevalence of undernourishment (percent) (3-year average)","20042006","2004-2006","%","","O","Missing value",""
"FS","Suite of Food Security Indicators","634","Qatar","6121","Value","210041","Prevalence of undernourishment (percent) (3-year average)","20052007","2005-2007","%","","O","Missing value",""
"FS","Suite of Food Security Indicators","634","Qatar","6121","Value","210041","Prevalence of undernourishment (percent) (3-year average)","20062008","2006-2008","%","","O","Missing value",""
"FS","Suite of Food Security Indicators","634","Qatar","6121","Value","210041","Prevalence of undernourishment (percent) (3-year average)","20072009","2007-2009","%","","O","Missing value",""
"FS","Suite of Food Security Indicators","634","Qatar","6121","Value","210041","Prevalence of undernourishment (percent) (3-year average)","20082010","2008-2010","%","","O","Missing value",""
"FS","Suite of Food Security Indicators","634","Qatar","6121","Value","210041","Prevalence of undernourishment (percent) (3-year average)","20092011","2009-2011","%","","O","Missing value",""
"FS","Suite of Food Security Indicators","634","Qatar","6121","Value","210041","Prevalence of undernourishment (percent) (3-year average)","20102012","2010-2012","%","","O","Missing value",""
"FS","Suite of Food Security Indicators","634","Qatar","6121","Value","210041","Prevalence of undernourishment (percent) (3-year average)","20112013","2011-2013","%","","O","Missing value",""
"FS","Suite of Food Security Indicators","634","Qatar","6121","Value","210041","Prevalence of undernourishment (percent) (3-year average)","20122014","2012-2014","%","","O","Missing value",""
"FS","Suite of Food Security Indicators","634","Qatar","6121","Value","210041","Prevalence of undernourishment (percent) (3-year average)","20132015","2013-2015","%","","O","Missing value",""
"FS","Suite of Food Security Indicators","634","Qatar","6121","Value","210041","Prevalence of undernourishment (percent) (3-year average)","20142016","2014-2016","%","","O","Missing value",""
"FS","Suite of Food Security Indicators","634","Qatar","6121","Value","210041","Prevalence of undernourishment (percent) (3-year average)","20152017","2015-2017","%","","O","Missing value",""
"FS","Suite of Food Security Indicators","634","Qatar","6121","Value","210041","Prevalence of undernourishment (percent) (3-year average)","20162018","2016-2018","%","","O","Missing value",""
"FS","Suite of Food Security Indicators","634","Qatar","6121","Value","210041","Prevalence of undernourishment (percent) (3-year average)","20172019","2017-2019","%","","O","Missing value",""
"FS","Suite of Food Security Indicators","634","Qatar","6121","Value","210041","Prevalence of undernourishment (percent) (3-year average)","20182020","2018-2020","%","","O","Missing value",""
"FS","Suite of Food Security Indicators","634","Qatar","6121","Value","210041","Prevalence of undernourishment (percent) (3-year average)","20192021","2019-2021","%","","O","Missing value",""
"FS","Suite of Food Security Indicators","634","Qatar","6121","Value","210041","Prevalence of undernourishment (percent) (3-year average)","20202022","2020-2022","%","","O","Missing value",""
"FS","Suite of Food Security Indicators","634","Qatar","6121","Value","210041","Prevalence of undernourishment (percent) (3-year average)","20212023","2021-2023","%","","O","Missing value",""
"FS","Suite of Food Security Indicators","634","Qatar","6121","Value","210041","Prevalence of undernourishment (percent) (3-year average)","20222024","2022-2024","%","","O","Missing value",""
"FS","Suite of Food Security Indicators","410","Republic of Korea","6121","Value","210041","Prevalence of undernourishment (percent) (3-year average)","20002002","2000-2002","%","<2.5","E","Estimated value",""
"FS","Suite of Food Security Indicators","410","Republic of Korea","6121","Value","210041","Prevalence of undernourishment (percent) (3-year average)","20012003","2001-2003","%","2.6","E","Estimated value",""
"FS","Suite of Food Security Indicators","410","Republic of Korea","6121","Value","210041","Prevalence of undernourishment (percent) (3-year average)","20022004","2002-2004","%","2.7","E","Estimated value",""
"FS","Suite of Food Security Indicators","410","Republic of Korea","6121","Value","210041","Prevalence of undernourishment (percent) (3-year average)","20032005","2003-2005","%","2.5","E","Estimated value",""
"FS","Suite of Food Security Indicators","410","Republic of Korea","6121","Value","210041","Prevalence of undernourishment (percent) (3-year average)","20042006","2004-2006","%","<2.5","E","Estimated value",""
"FS","Suite of Food Security Indicators","410","Republic of Korea","6121","Value","210041","Prevalence of undernourishment (percent) (3-year average)","20052007","2005-2007","%","<2.5","E","Estimated value",""
"FS","Suite of Food Security Indicators","410","Republic of Korea","6121","Value","210041","Prevalence of undernourishment (percent) (3-year average)","20062008","2006-2008","%","<2.5","E","Estimated value",""
"FS","Suite of Food Security Indicators","410","Republic of Korea","6121","Value","210041","Prevalence of undernourishment (percent) (3-year average)","20072009","2007-2009","%","<2.5","E","Estimated value",""
"FS","Suite of Food Security Indicators","410","Republic of Korea","6121","Value","210041","Prevalence of undernourishment (percent) (3-year average)","20082010","2008-2010","%","<2.5","E","Estimated value",""
"FS","Suite of Food Security Indicators","410","Republic of Korea","6121","Value","210041","Prevalence of undernourishment (percent) (3-year average)","20092011","2009-2011","%","<2.5","E","Estimated value",""
"FS","Suite of Food Security Indicators","410","Republic of Korea","6121","Value","210041","Prevalence of undernourishment (percent) (3-year average)","20102012","2010-2012","%","<2.5","E","Estimated value",""
"FS","Suite of Food Security Indicators","410","Republic of Korea","6121","Value","210041","Prevalence of undernourishment (percent) (3-year average)","20112013","2011-2013","%","<2.5","E","Estimated value",""
"FS","Suite of Food Security Indicators","410","Republic of Korea","6121","Value","210041","Prevalence of undernourishment (percent) (3-year average)","20122014","2012-2014","%","<2.5","E","Estimated value",""
"FS","Suite of Food Security Indicators","410","Republic of Korea","6121","Value","210041","Prevalence of undernourishment (percent) (3-year average)","20132015","2013-2015","%","<2.5","E","Estimated value",""
"FS","Suite of Food Security Indicators","410","Republic of Korea","6121","Value","210041","Prevalence of undernourishment (percent) (3-year average)","20142016","2014-2016","%","<2.5","E","Estimated value",""
"FS","Suite of Food Security Indicators","410","Republic of Korea","6121","Value","210041","Prevalence of undernourishment (percent) (3-year average)","20152017","2015-2017","%","<2.5","E","Estimated value",""
"FS","Suite of Food Security Indicators","410","Republic of Korea","6121","Value","210041","Prevalence of undernourishment (percent) (3-year average)","20162018","2016-2018","%","<2.5","E","Estimated value",""
"FS","Suite of Food Security Indicators","410","Republic of Korea","6121","Value","210041","Prevalence of undernourishment (percent) (3-year average)","20172019","2017-2019","%","<2.5","E","Estimated value",""
"FS","Suite of Food Security Indicators","410","Republic of Korea","6121","Value","210041","Prevalence of undernourishment (percent) (3-year average)","20182020","2018-2020","%","<2.5","E","Estimated value",""
"FS","Suite of Food Security Indicators","410","Republic of Korea","6121","Value","210041","Prevalence of undernourishment (percent) (3-year average)","20192021","2019-2021","%","<2.5","E","Estimated value",""
"FS","Suite of Food Security Indicators","410","Republic of Korea","6121","Value","210041","Prevalence of undernourishment (percent) (3-year average)","20202022","2020-2022","%","<2.5","E","Estimated value",""
"FS","Suite of Food Security Indicators","410","Republic of Korea","6121","Value","210041","Prevalence of undernourishment (percent) (3-year average)","20212023","2021-2023","%","<2.5","E","Estimated value",""
"FS","Suite of Food Security Indicators","410","Republic of Korea","6121","Value","210041","Prevalence of undernourishment (percent) (3-year average)","20222024","2022-2024","%","<2.5","E","Estimated value",""
"FS","Suite of Food Security Indicators","498","Republic of Moldova","6121","Value","210041","Prevalence of undernourishment (percent) (3-year average)","20002002","2000-2002","%","24.3","E","Estimated value",""
"FS","Suite of Food Security Indicators","498","Republic of Moldova","6121","Value","210041","Prevalence of undernourishment (percent) (3-year average)","20012003","2001-2003","%","26.9","E","Estimated value",""
"FS","Suite of Food Security Indicators","498","Republic of Moldova","6121","Value","210041","Prevalence of undernourishment (percent) (3-year average)","20022004","2002-2004","%","29.6","E","Estimated value",""
"FS","Suite of Food Security Indicators","498","Republic of Moldova","6121","Value","210041","Prevalence of undernourishment (percent) (3-year average)","20032005","2003-2005","%","31.7","E","Estimated value",""
"FS","Suite of Food Security Indicators","498","Republic of Moldova","6121","Value","210041","Prevalence of undernourishment (percent) (3-year average)","20042006","2004-2006","%","32.3","E","Estimated value",""
"FS","Suite of Food Security Indicators","498","Republic of Moldova","6121","Value","210041","Prevalence of undernourishment (percent) (3-year average)","20052007","2005-2007","%","30.6","E","Estimated value",""
"FS","Suite of Food Security Indicators","498","Republic of Moldova","6121","Value","210041","Prevalence of undernourishment (percent) (3-year average)","20062008","2006-2008","%","27.5","E","Estimated value",""
"FS","Suite of Food Security Indicators","498","Republic of Moldova","6121","Value","210041","Prevalence of undernourishment (percent) (3-year average)","20072009","2007-2009","%","22.9","E","Estimated value",""
"FS","Suite of Food Security Indicators","498","Republic of Moldova","6121","Value","210041","Prevalence of undernourishment (percent) (3-year average)","20082010","2008-2010","%","17.9","E","Estimated value",""
"FS","Suite of Food Security Indicators","498","Republic of Moldova","6121","Value","210041","Prevalence of undernourishment (percent) (3-year average)","20092011","2009-2011","%","12.9","E","Estimated value",""
"FS","Suite of Food Security Indicators","498","Republic of Moldova","6121","Value","210041","Prevalence of undernourishment (percent) (3-year average)","20102012","2010-2012","%","8.4","E","Estimated value",""
"FS","Suite of Food Security Indicators","498","Republic of Moldova","6121","Value","210041","Prevalence of undernourishment (percent) (3-year average)","20112013","2011-2013","%","5.7","E","Estimated value",""
"FS","Suite of Food Security Indicators","498","Republic of Moldova","6121","Value","210041","Prevalence of undernourishment (percent) (3-year average)","20122014","2012-2014","%","4.4","E","Estimated value",""
"FS","Suite of Food Security Indicators","498","Republic of Moldova","6121","Value","210041","Prevalence of undernourishment (percent) (3-year average)","20132015","2013-2015","%","3.8","E","Estimated value",""
"FS","Suite of Food Security Indicators","498","Republic of Moldova","6121","Value","210041","Prevalence of undernourishment (percent) (3-year average)","20142016","2014-2016","%","3.3","E","Estimated value",""
"FS","Suite of Food Security Indicators","498","Republic of Moldova","6121","Value","210041","Prevalence of undernourishment (percent) (3-year average)","20152017","2015-2017","%","2.5","E","Estimated value",""
"FS","Suite of Food Security Indicators","498","Republic of Moldova","6121","Value","210041","Prevalence of undernourishment (percent) (3-year average)","20162018","2016-2018","%","<2.5","E","Estimated value",""
"FS","Suite of Food Security Indicators","498","Republic of Moldova","6121","Value","210041","Prevalence of undernourishment (percent) (3-year average)","20172019","2017-2019","%","<2.5","E","Estimated value",""
"FS","Suite of Food Security Indicators","498","Republic of Moldova","6121","Value","210041","Prevalence of undernourishment (percent) (3-year average)","20182020","2018-2020","%","<2.5","E","Estimated value",""
"FS","Suite of Food Security Indicators","498","Republic of Moldova","6121","Value","210041","Prevalence of undernourishment (percent) (3-year average)","20192021","2019-2021","%","<2.5","E","Estimated value",""
"FS","Suite of Food Security Indicators","498","Republic of Moldova","6121","Value","210041","Prevalence of undernourishment (percent) (3-year average)","20202022","2020-2022","%","<2.5","E","Estimated value",""
"FS","Suite of Food Security Indicators","498","Republic of Moldova","6121","Value","210041","Prevalence of undernourishment (percent) (3-year average)","20212023","2021-2023","%","<2.5","E","Estimated value",""
"FS","Suite of Food Security Indicators","498","Republic of Moldova","6121","Value","210041","Prevalence of undernourishment (percent) (3-year average)","20222024","2022-2024","%","<2.5","E","Estimated value",""
"FS","Suite of Food Security Indicators","642","Romania","6121","Value","210041","Prevalence of undernourishment (percent) (3-year average)","20002002","2000-2002","%","<2.5","E","Estimated value",""
"FS","Suite of Food Security Indicators","642","Romania","6121","Value","210041","Prevalence of undernourishment (percent) (3-year average)","20012003","2001-2003","%","<2.5","E","Estimated value",""
"FS","Suite of Food Security Indicators","642","Romania","6121","Value","210041","Prevalence of undernourishment (percent) (3-year average)","20022004","2002-2004","%","<2.5","E","Estimated value",""
"FS","Suite of Food Security Indicators","642","Romania","6121","Value","210041","Prevalence of undernourishment (percent) (3-year average)","20032005","2003-2005","%","<2.5","E","Estimated value",""
"FS","Suite of Food Security Indicators","642","Romania","6121","Value","210041","Prevalence of undernourishment (percent) (3-year average)","20042006","2004-2006","%","<2.5","E","Estimated value",""
"FS","Suite of Food Security Indicators","642","Romania","6121","Value","210041","Prevalence of undernourishment (percent) (3-year average)","20052007","2005-2007","%","<2.5","E","Estimated value",""
"FS","Suite of Food Security Indicators","642","Romania","6121","Value","210041","Prevalence of undernourishment (percent) (3-year average)","20062008","2006-2008","%","<2.5","E","Estimated value",""
"FS","Suite of Food Security Indicators","642","Romania","6121","Value","210041","Prevalence of undernourishment (percent) (3-year average)","20072009","2007-2009","%","<2.5","E","Estimated value",""
"FS","Suite of Food Security Indicators","642","Romania","6121","Value","210041","Prevalence of undernourishment (percent) (3-year average)","20082010","2008-2010","%","<2.5","E","Estimated value",""
"FS","Suite of Food Security Indicators","642","Romania","6121","Value","210041","Prevalence of undernourishment (percent) (3-year average)","20092011","2009-2011","%","<2.5","E","Estimated value",""
"FS","Suite of Food Security Indicators","642","Romania","6121","Value","210041","Prevalence of undernourishment (percent) (3-year average)","20102012","2010-2012","%","<2.5","E","Estimated value",""
"FS","Suite of Food Security Indicators","642","Romania","6121","Value","210041","Prevalence of undernourishment (percent) (3-year average)","20112013","2011-2013","%","<2.5","E","Estimated value",""
"FS","Suite of Food Security Indicators","642","Romania","6121","Value","210041","Prevalence of undernourishment (percent) (3-year average)","20122014","2012-2014","%","<2.5","E","Estimated value",""
"FS","Suite of Food Security Indicators","642","Romania","6121","Value","210041","Prevalence of undernourishment (percent) (3-year average)","20132015","2013-2015","%","<2.5","E","Estimated value",""
"FS","Suite of Food Security Indicators","642","Romania","6121","Value","210041","Prevalence of undernourishment (percent) (3-year average)","20142016","2014-2016","%","<2.5","E","Estimated value",""
"FS","Suite of Food Security Indicators","642","Romania","6121","Value","210041","Prevalence of undernourishment (percent) (3-year average)","20152017","2015-2017","%","<2.5","E","Estimated value",""
"FS","Suite of Food Security Indicators","642","Romania","6121","Value","210041","Prevalence of undernourishment (percent) (3-year average)","20162018","2016-2018","%","<2.5","E","Estimated value",""
"FS","Suite of Food Security Indicators","642","Romania","6121","Value","210041","Prevalence of undernourishment (percent) (3-year average)","20172019","2017-2019","%","<2.5","E","Estimated value",""
"FS","Suite of Food Security Indicators","642","Romania","6121","Value","210041","Prevalence of undernourishment (percent) (3-year average)","20182020","2018-2020","%","<2.5","E","Estimated value",""
"FS","Suite of Food Security Indicators","642","Romania","6121","Value","210041","Prevalence of undernourishment (percent) (3-year average)","20192021","2019-2021","%","<2.5","E","Estimated value",""
"FS","Suite of Food Security Indicators","642","Romania","6121","Value","210041","Prevalence of undernourishment (percent) (3-year average)","20202022","2020-2022","%","<2.5","E","Estimated value",""
"FS","Suite of Food Security Indicators","642","Romania","6121","Value","210041","Prevalence of undernourishment (percent) (3-year average)","20212023","2021-2023","%","<2.5","E","Estimated value",""
"FS","Suite of Food Security Indicators","642","Romania","6121","Value","210041","Prevalence of undernourishment (percent) (3-year average)","20222024","2022-2024","%","<2.5","E","Estimated value",""
"FS","Suite of Food Security Indicators","643","Russian Federation","6121","Value","210041","Prevalence of undernourishment (percent) (3-year average)","20002002","2000-2002","%","4.2","E","Estimated value",""
"FS","Suite of Food Security Indicators","643","Russian Federation","6121","Value","210041","Prevalence of undernourishment (percent) (3-year average)","20012003","2001-2003","%","3.3","E","Estimated value",""
"FS","Suite of Food Security Indicators","643","Russian Federation","6121","Value","210041","Prevalence of undernourishment (percent) (3-year average)","20022004","2002-2004","%","2.7","E","Estimated value",""
"FS","Suite of Food Security Indicators","643","Russian Federation","6121","Value","210041","Prevalence of undernourishment (percent) (3-year average)","20032005","2003-2005","%","<2.5","E","Estimated value",""
"FS","Suite of Food Security Indicators","643","Russian Federation","6121","Value","210041","Prevalence of undernourishment (percent) (3-year average)","20042006","2004-2006","%","<2.5","E","Estimated value",""
"FS","Suite of Food Security Indicators","643","Russian Federation","6121","Value","210041","Prevalence of undernourishment (percent) (3-year average)","20052007","2005-2007","%","<2.5","E","Estimated value",""
"FS","Suite of Food Security Indicators","643","Russian Federation","6121","Value","210041","Prevalence of undernourishment (percent) (3-year average)","20062008","2006-2008","%","<2.5","E","Estimated value",""
"FS","Suite of Food Security Indicators","643","Russian Federation","6121","Value","210041","Prevalence of undernourishment (percent) (3-year average)","20072009","2007-2009","%","<2.5","E","Estimated value",""
"FS","Suite of Food Security Indicators","643","Russian Federation","6121","Value","210041","Prevalence of undernourishment (percent) (3-year average)","20082010","2008-2010","%","<2.5","E","Estimated value",""
"FS","Suite of Food Security Indicators","643","Russian Federation","6121","Value","210041","Prevalence of undernourishment (percent) (3-year average)","20092011","2009-2011","%","<2.5","E","Estimated value",""
"FS","Suite of Food Security Indicators","643","Russian Federation","6121","Value","210041","Prevalence of undernourishment (percent) (3-year average)","20102012","2010-2012","%","<2.5","E","Estimated value",""
"FS","Suite of Food Security Indicators","643","Russian Federation","6121","Value","210041","Prevalence of undernourishment (percent) (3-year average)","20112013","2011-2013","%","<2.5","E","Estimated value",""
"FS","Suite of Food Security Indicators","643","Russian Federation","6121","Value","210041","Prevalence of undernourishment (percent) (3-year average)","20122014","2012-2014","%","<2.5","E","Estimated value",""
"FS","Suite of Food Security Indicators","643","Russian Federation","6121","Value","210041","Prevalence of undernourishment (percent) (3-year average)","20132015","2013-2015","%","<2.5","E","Estimated value",""
"FS","Suite of Food Security Indicators","643","Russian Federation","6121","Value","210041","Prevalence of undernourishment (percent) (3-year average)","20142016","2014-2016","%","<2.5","E","Estimated value",""
"FS","Suite of Food Security Indicators","643","Russian Federation","6121","Value","210041","Prevalence of undernourishment (percent) (3-year average)","20152017","2015-2017","%","<2.5","E","Estimated value",""
"FS","Suite of Food Security Indicators","643","Russian Federation","6121","Value","210041","Prevalence of undernourishment (percent) (3-year average)","20162018","2016-2018","%","<2.5","E","Estimated value",""
"FS","Suite of Food Security Indicators","643","Russian Federation","6121","Value","210041","Prevalence of undernourishment (percent) (3-year average)","20172019","2017-2019","%","<2.5","E","Estimated value",""
"FS","Suite of Food Security Indicators","643","Russian Federation","6121","Value","210041","Prevalence of undernourishment (percent) (3-year average)","20182020","2018-2020","%","<2.5","E","Estimated value",""
"FS","Suite of Food Security Indicators","643","Russian Federation","6121","Value","210041","Prevalence of undernourishment (percent) (3-year average)","20192021","2019-2021","%","<2.5","E","Estimated value",""
"FS","Suite of Food Security Indicators","643","Russian Federation","6121","Value","210041","Prevalence of undernourishment (percent) (3-year average)","20202022","2020-2022","%","<2.5","E","Estimated value",""
"FS","Suite of Food Security Indicators","643","Russian Federation","6121","Value","210041","Prevalence of undernourishment (percent) (3-year average)","20212023","2021-2023","%","<2.5","E","Estimated value",""
"FS","Suite of Food Security Indicators","643","Russian Federation","6121","Value","210041","Prevalence of undernourishment (percent) (3-year average)","20222024","2022-2024","%","<2.5","E","Estimated value",""
"FS","Suite of Food Security Indicators","646","Rwanda","6121","Value","210041","Prevalence of undernourishment (percent) (3-year average)","20002002","2000-2002","%","37.6","E","Estimated value",""
"FS","Suite of Food Security Indicators","646","Rwanda","6121","Value","210041","Prevalence of undernourishment (percent) (3-year average)","20012003","2001-2003","%","34.3","E","Estimated value",""
"FS","Suite of Food Security Indicators","646","Rwanda","6121","Value","210041","Prevalence of undernourishment (percent) (3-year average)","20022004","2002-2004","%","33.6","E","Estimated value",""
"FS","Suite of Food Security Indicators","646","Rwanda","6121","Value","210041","Prevalence of undernourishment (percent) (3-year average)","20032005","2003-2005","%","36","E","Estimated value",""
"FS","Suite of Food Security Indicators","646","Rwanda","6121","Value","210041","Prevalence of undernourishment (percent) (3-year average)","20042006","2004-2006","%","36.7","E","Estimated value",""
"FS","Suite of Food Security Indicators","646","Rwanda","6121","Value","210041","Prevalence of undernourishment (percent) (3-year average)","20052007","2005-2007","%","36.6","E","Estimated value",""
"FS","Suite of Food Security Indicators","646","Rwanda","6121","Value","210041","Prevalence of undernourishment (percent) (3-year average)","20062008","2006-2008","%","36.5","E","Estimated value",""
"FS","Suite of Food Security Indicators","646","Rwanda","6121","Value","210041","Prevalence of undernourishment (percent) (3-year average)","20072009","2007-2009","%","36.5","E","Estimated value",""
"FS","Suite of Food Security Indicators","646","Rwanda","6121","Value","210041","Prevalence of undernourishment (percent) (3-year average)","20082010","2008-2010","%","36","E","Estimated value",""
"FS","Suite of Food Security Indicators","646","Rwanda","6121","Value","210041","Prevalence of undernourishment (percent) (3-year average)","20092011","2009-2011","%","35.7","E","Estimated value",""
"FS","Suite of Food Security Indicators","646","Rwanda","6121","Value","210041","Prevalence of undernourishment (percent) (3-year average)","20102012","2010-2012","%","35.3","E","Estimated value",""
"FS","Suite of Food Security Indicators","646","Rwanda","6121","Value","210041","Prevalence of undernourishment (percent) (3-year average)","20112013","2011-2013","%","35.5","E","Estimated value",""
"FS","Suite of Food Security Indicators","646","Rwanda","6121","Value","210041","Prevalence of undernourishment (percent) (3-year average)","20122014","2012-2014","%","35.7","E","Estimated value",""
"FS","Suite of Food Security Indicators","646","Rwanda","6121","Value","210041","Prevalence of undernourishment (percent) (3-year average)","20132015","2013-2015","%","37.1","E","Estimated value",""
"FS","Suite of Food Security Indicators","646","Rwanda","6121","Value","210041","Prevalence of undernourishment (percent) (3-year average)","20142016","2014-2016","%","35.8","E","Estimated value",""
"FS","Suite of Food Security Indicators","646","Rwanda","6121","Value","210041","Prevalence of undernourishment (percent) (3-year average)","20152017","2015-2017","%","33.7","E","Estimated value",""
"FS","Suite of Food Security Indicators","646","Rwanda","6121","Value","210041","Prevalence of undernourishment (percent) (3-year average)","20162018","2016-2018","%","31.9","E","Estimated value",""
"FS","Suite of Food Security Indicators","646","Rwanda","6121","Value","210041","Prevalence of undernourishment (percent) (3-year average)","20172019","2017-2019","%","32.7","E","Estimated value",""
"FS","Suite of Food Security Indicators","646","Rwanda","6121","Value","210041","Prevalence of undernourishment (percent) (3-year average)","20182020","2018-2020","%","35.6","E","Estimated value",""
"FS","Suite of Food Security Indicators","646","Rwanda","6121","Value","210041","Prevalence of undernourishment (percent) (3-year average)","20192021","2019-2021","%","34.7","E","Estimated value",""
"FS","Suite of Food Security Indicators","646","Rwanda","6121","Value","210041","Prevalence of undernourishment (percent) (3-year average)","20202022","2020-2022","%","31","E","Estimated value",""
"FS","Suite of Food Security Indicators","646","Rwanda","6121","Value","210041","Prevalence of undernourishment (percent) (3-year average)","20212023","2021-2023","%","26.6","E","Estimated value",""
"FS","Suite of Food Security Indicators","646","Rwanda","6121","Value","210041","Prevalence of undernourishment (percent) (3-year average)","20222024","2022-2024","%","24.4","E","Estimated value",""
"FS","Suite of Food Security Indicators","659","Saint Kitts and Nevis","6121","Value","210041","Prevalence of undernourishment (percent) (3-year average)","20002002","2000-2002","%","","O","Missing value",""
"FS","Suite of Food Security Indicators","659","Saint Kitts and Nevis","6121","Value","210041","Prevalence of undernourishment (percent) (3-year average)","20012003","2001-2003","%","","O","Missing value",""
"FS","Suite of Food Security Indicators","659","Saint Kitts and Nevis","6121","Value","210041","Prevalence of undernourishment (percent) (3-year average)","20022004","2002-2004","%","","O","Missing value",""
"FS","Suite of Food Security Indicators","659","Saint Kitts and Nevis","6121","Value","210041","Prevalence of undernourishment (percent) (3-year average)","20032005","2003-2005","%","","O","Missing value",""
"FS","Suite of Food Security Indicators","659","Saint Kitts and Nevis","6121","Value","210041","Prevalence of undernourishment (percent) (3-year average)","20042006","2004-2006","%","","O","Missing value",""
"FS","Suite of Food Security Indicators","659","Saint Kitts and Nevis","6121","Value","210041","Prevalence of undernourishment (percent) (3-year average)","20052007","2005-2007","%","","O","Missing value",""
"FS","Suite of Food Security Indicators","659","Saint Kitts and Nevis","6121","Value","210041","Prevalence of undernourishment (percent) (3-year average)","20062008","2006-2008","%","","O","Missing value",""
"FS","Suite of Food Security Indicators","659","Saint Kitts and Nevis","6121","Value","210041","Prevalence of undernourishment (percent) (3-year average)","20072009","2007-2009","%","","O","Missing value",""
"FS","Suite of Food Security Indicators","659","Saint Kitts and Nevis","6121","Value","210041","Prevalence of undernourishment (percent) (3-year average)","20082010","2008-2010","%","","O","Missing value",""
"FS","Suite of Food Security Indicators","659","Saint Kitts and Nevis","6121","Value","210041","Prevalence of undernourishment (percent) (3-year average)","20092011","2009-2011","%","","O","Missing value",""
"FS","Suite of Food Security Indicators","659","Saint Kitts and Nevis","6121","Value","210041","Prevalence of undernourishment (percent) (3-year average)","20102012","2010-2012","%","","O","Missing value",""
"FS","Suite of Food Security Indicators","659","Saint Kitts and Nevis","6121","Value","210041","Prevalence of undernourishment (percent) (3-year average)","20112013","2011-2013","%","","O","Missing value",""
"FS","Suite of Food Security Indicators","659","Saint Kitts and Nevis","6121","Value","210041","Prevalence of undernourishment (percent) (3-year average)","20122014","2012-2014","%","","O","Missing value",""
"FS","Suite of Food Security Indicators","659","Saint Kitts and Nevis","6121","Value","210041","Prevalence of undernourishment (percent) (3-year average)","20132015","2013-2015","%","","O","Missing value",""
"FS","Suite of Food Security Indicators","659","Saint Kitts and Nevis","6121","Value","210041","Prevalence of undernourishment (percent) (3-year average)","20142016","2014-2016","%","","O","Missing value",""
"FS","Suite of Food Security Indicators","659","Saint Kitts and Nevis","6121","Value","210041","Prevalence of undernourishment (percent) (3-year average)","20152017","2015-2017","%","","O","Missing value",""
"FS","Suite of Food Security Indicators","659","Saint Kitts and Nevis","6121","Value","210041","Prevalence of undernourishment (percent) (3-year average)","20162018","2016-2018","%","","O","Missing value",""
"FS","Suite of Food Security Indicators","659","Saint Kitts and Nevis","6121","Value","210041","Prevalence of undernourishment (percent) (3-year average)","20172019","2017-2019","%","","O","Missing value",""
"FS","Suite of Food Security Indicators","659","Saint Kitts and Nevis","6121","Value","210041","Prevalence of undernourishment (percent) (3-year average)","20182020","2018-2020","%","","O","Missing value",""
"FS","Suite of Food Security Indicators","659","Saint Kitts and Nevis","6121","Value","210041","Prevalence of undernourishment (percent) (3-year average)","20192021","2019-2021","%","","O","Missing value",""
"FS","Suite of Food Security Indicators","659","Saint Kitts and Nevis","6121","Value","210041","Prevalence of undernourishment (percent) (3-year average)","20202022","2020-2022","%","","O","Missing value",""
"FS","Suite of Food Security Indicators","659","Saint Kitts and Nevis","6121","Value","210041","Prevalence of undernourishment (percent) (3-year average)","20212023","2021-2023","%","","O","Missing value",""
"FS","Suite of Food Security Indicators","659","Saint Kitts and Nevis","6121","Value","210041","Prevalence of undernourishment (percent) (3-year average)","20222024","2022-2024","%","","O","Missing value",""
"FS","Suite of Food Security Indicators","662","Saint Lucia","6121","Value","210041","Prevalence of undernourishment (percent) (3-year average)","20002002","2000-2002","%","","O","Missing value",""
"FS","Suite of Food Security Indicators","662","Saint Lucia","6121","Value","210041","Prevalence of undernourishment (percent) (3-year average)","20012003","2001-2003","%","","O","Missing value",""
"FS","Suite of Food Security Indicators","662","Saint Lucia","6121","Value","210041","Prevalence of undernourishment (percent) (3-year average)","20022004","2002-2004","%","","O","Missing value",""
"FS","Suite of Food Security Indicators","662","Saint Lucia","6121","Value","210041","Prevalence of undernourishment (percent) (3-year average)","20032005","2003-2005","%","","O","Missing value",""
"FS","Suite of Food Security Indicators","662","Saint Lucia","6121","Value","210041","Prevalence of undernourishment (percent) (3-year average)","20042006","2004-2006","%","","O","Missing value",""
"FS","Suite of Food Security Indicators","662","Saint Lucia","6121","Value","210041","Prevalence of undernourishment (percent) (3-year average)","20052007","2005-2007","%","","O","Missing value",""
"FS","Suite of Food Security Indicators","662","Saint Lucia","6121","Value","210041","Prevalence of undernourishment (percent) (3-year average)","20062008","2006-2008","%","","O","Missing value",""
"FS","Suite of Food Security Indicators","662","Saint Lucia","6121","Value","210041","Prevalence of undernourishment (percent) (3-year average)","20072009","2007-2009","%","","O","Missing value",""
"FS","Suite of Food Security Indicators","662","Saint Lucia","6121","Value","210041","Prevalence of undernourishment (percent) (3-year average)","20082010","2008-2010","%","","O","Missing value",""
"FS","Suite of Food Security Indicators","662","Saint Lucia","6121","Value","210041","Prevalence of undernourishment (percent) (3-year average)","20092011","2009-2011","%","","O","Missing value",""
"FS","Suite of Food Security Indicators","662","Saint Lucia","6121","Value","210041","Prevalence of undernourishment (percent) (3-year average)","20102012","2010-2012","%","","O","Missing value",""
"FS","Suite of Food Security Indicators","662","Saint Lucia","6121","Value","210041","Prevalence of undernourishment (percent) (3-year average)","20112013","2011-2013","%","","O","Missing value",""
"FS","Suite of Food Security Indicators","662","Saint Lucia","6121","Value","210041","Prevalence of undernourishment (percent) (3-year average)","20122014","2012-2014","%","","O","Missing value",""
"FS","Suite of Food Security Indicators","662","Saint Lucia","6121","Value","210041","Prevalence of undernourishment (percent) (3-year average)","20132015","2013-2015","%","","O","Missing value",""
"FS","Suite of Food Security Indicators","662","Saint Lucia","6121","Value","210041","Prevalence of undernourishment (percent) (3-year average)","20142016","2014-2016","%","","O","Missing value",""
"FS","Suite of Food Security Indicators","662","Saint Lucia","6121","Value","210041","Prevalence of undernourishment (percent) (3-year average)","20152017","2015-2017","%","","O","Missing value",""
"FS","Suite of Food Security Indicators","662","Saint Lucia","6121","Value","210041","Prevalence of undernourishment (percent) (3-year average)","20162018","2016-2018","%","","O","Missing value",""
"FS","Suite of Food Security Indicators","662","Saint Lucia","6121","Value","210041","Prevalence of undernourishment (percent) (3-year average)","20172019","2017-2019","%","","O","Missing value",""
"FS","Suite of Food Security Indicators","662","Saint Lucia","6121","Value","210041","Prevalence of undernourishment (percent) (3-year average)","20182020","2018-2020","%","","O","Missing value",""
"FS","Suite of Food Security Indicators","662","Saint Lucia","6121","Value","210041","Prevalence of undernourishment (percent) (3-year average)","20192021","2019-2021","%","","O","Missing value",""
"FS","Suite of Food Security Indicators","662","Saint Lucia","6121","Value","210041","Prevalence of undernourishment (percent) (3-year average)","20202022","2020-2022","%","","O","Missing value",""
"FS","Suite of Food Security Indicators","662","Saint Lucia","6121","Value","210041","Prevalence of undernourishment (percent) (3-year average)","20212023","2021-2023","%","","O","Missing value",""
"FS","Suite of Food Security Indicators","662","Saint Lucia","6121","Value","210041","Prevalence of undernourishment (percent) (3-year average)","20222024","2022-2024","%","","O","Missing value",""
"FS","Suite of Food Security Indicators","670","Saint Vincent and the Grenadines","6121","Value","210041","Prevalence of undernourishment (percent) (3-year average)","20002002","2000-2002","%","12.9","E","Estimated value",""
"FS","Suite of Food Security Indicators","670","Saint Vincent and the Grenadines","6121","Value","210041","Prevalence of undernourishment (percent) (3-year average)","20012003","2001-2003","%","11.3","E","Estimated value",""
"FS","Suite of Food Security Indicators","670","Saint Vincent and the Grenadines","6121","Value","210041","Prevalence of undernourishment (percent) (3-year average)","20022004","2002-2004","%","9.1","E","Estimated value",""
"FS","Suite of Food Security Indicators","670","Saint Vincent and the Grenadines","6121","Value","210041","Prevalence of undernourishment (percent) (3-year average)","20032005","2003-2005","%","8.2","E","Estimated value",""
"FS","Suite of Food Security Indicators","670","Saint Vincent and the Grenadines","6121","Value","210041","Prevalence of undernourishment (percent) (3-year average)","20042006","2004-2006","%","7.4","E","Estimated value",""
"FS","Suite of Food Security Indicators","670","Saint Vincent and the Grenadines","6121","Value","210041","Prevalence of undernourishment (percent) (3-year average)","20052007","2005-2007","%","6.7","E","Estimated value",""
"FS","Suite of Food Security Indicators","670","Saint Vincent and the Grenadines","6121","Value","210041","Prevalence of undernourishment (percent) (3-year average)","20062008","2006-2008","%","6.3","E","Estimated value",""
"FS","Suite of Food Security Indicators","670","Saint Vincent and the Grenadines","6121","Value","210041","Prevalence of undernourishment (percent) (3-year average)","20072009","2007-2009","%","5.9","E","Estimated value",""
"FS","Suite of Food Security Indicators","670","Saint Vincent and the Grenadines","6121","Value","210041","Prevalence of undernourishment (percent) (3-year average)","20082010","2008-2010","%","5.7","E","Estimated value",""
"FS","Suite of Food Security Indicators","670","Saint Vincent and the Grenadines","6121","Value","210041","Prevalence of undernourishment (percent) (3-year average)","20092011","2009-2011","%","5.5","E","Estimated value",""
"FS","Suite of Food Security Indicators","670","Saint Vincent and the Grenadines","6121","Value","210041","Prevalence of undernourishment (percent) (3-year average)","20102012","2010-2012","%","5.3","E","Estimated value",""
"FS","Suite of Food Security Indicators","670","Saint Vincent and the Grenadines","6121","Value","210041","Prevalence of undernourishment (percent) (3-year average)","20112013","2011-2013","%","5","E","Estimated value",""
"FS","Suite of Food Security Indicators","670","Saint Vincent and the Grenadines","6121","Value","210041","Prevalence of undernourishment (percent) (3-year average)","20122014","2012-2014","%","4.8","E","Estimated value",""
"FS","Suite of Food Security Indicators","670","Saint Vincent and the Grenadines","6121","Value","210041","Prevalence of undernourishment (percent) (3-year average)","20132015","2013-2015","%","4.6","E","Estimated value",""
"FS","Suite of Food Security Indicators","670","Saint Vincent and the Grenadines","6121","Value","210041","Prevalence of undernourishment (percent) (3-year average)","20142016","2014-2016","%","4.7","E","Estimated value",""
"FS","Suite of Food Security Indicators","670","Saint Vincent and the Grenadines","6121","Value","210041","Prevalence of undernourishment (percent) (3-year average)","20152017","2015-2017","%","4.7","E","Estimated value",""
"FS","Suite of Food Security Indicators","670","Saint Vincent and the Grenadines","6121","Value","210041","Prevalence of undernourishment (percent) (3-year average)","20162018","2016-2018","%","4.9","E","Estimated value",""
"FS","Suite of Food Security Indicators","670","Saint Vincent and the Grenadines","6121","Value","210041","Prevalence of undernourishment (percent) (3-year average)","20172019","2017-2019","%","5.1","E","Estimated value",""
"FS","Suite of Food Security Indicators","670","Saint Vincent and the Grenadines","6121","Value","210041","Prevalence of undernourishment (percent) (3-year average)","20182020","2018-2020","%","5.5","E","Estimated value",""
"FS","Suite of Food Security Indicators","670","Saint Vincent and the Grenadines","6121","Value","210041","Prevalence of undernourishment (percent) (3-year average)","20192021","2019-2021","%","5.8","E","Estimated value",""
"FS","Suite of Food Security Indicators","670","Saint Vincent and the Grenadines","6121","Value","210041","Prevalence of undernourishment (percent) (3-year average)","20202022","2020-2022","%","5.8","E","Estimated value",""
"FS","Suite of Food Security Indicators","670","Saint Vincent and the Grenadines","6121","Value","210041","Prevalence of undernourishment (percent) (3-year average)","20212023","2021-2023","%","5.9","E","Estimated value",""
"FS","Suite of Food Security Indicators","670","Saint Vincent and the Grenadines","6121","Value","210041","Prevalence of undernourishment (percent) (3-year average)","20222024","2022-2024","%","6.1","E","Estimated value",""
"FS","Suite of Food Security Indicators","882","Samoa","6121","Value","210041","Prevalence of undernourishment (percent) (3-year average)","20002002","2000-2002","%","3.8","E","Estimated value",""
"FS","Suite of Food Security Indicators","882","Samoa","6121","Value","210041","Prevalence of undernourishment (percent) (3-year average)","20012003","2001-2003","%","3.7","E","Estimated value",""
"FS","Suite of Food Security Indicators","882","Samoa","6121","Value","210041","Prevalence of undernourishment (percent) (3-year average)","20022004","2002-2004","%","3.7","E","Estimated value",""
"FS","Suite of Food Security Indicators","882","Samoa","6121","Value","210041","Prevalence of undernourishment (percent) (3-year average)","20032005","2003-2005","%","3.6","E","Estimated value",""
"FS","Suite of Food Security Indicators","882","Samoa","6121","Value","210041","Prevalence of undernourishment (percent) (3-year average)","20042006","2004-2006","%","3.7","E","Estimated value",""
"FS","Suite of Food Security Indicators","882","Samoa","6121","Value","210041","Prevalence of undernourishment (percent) (3-year average)","20052007","2005-2007","%","4.1","E","Estimated value",""
"FS","Suite of Food Security Indicators","882","Samoa","6121","Value","210041","Prevalence of undernourishment (percent) (3-year average)","20062008","2006-2008","%","4.2","E","Estimated value",""
"FS","Suite of Food Security Indicators","882","Samoa","6121","Value","210041","Prevalence of undernourishment (percent) (3-year average)","20072009","2007-2009","%","4.3","E","Estimated value",""
"FS","Suite of Food Security Indicators","882","Samoa","6121","Value","210041","Prevalence of undernourishment (percent) (3-year average)","20082010","2008-2010","%","4.3","E","Estimated value",""
"FS","Suite of Food Security Indicators","882","Samoa","6121","Value","210041","Prevalence of undernourishment (percent) (3-year average)","20092011","2009-2011","%","4.6","E","Estimated value",""
"FS","Suite of Food Security Indicators","882","Samoa","6121","Value","210041","Prevalence of undernourishment (percent) (3-year average)","20102012","2010-2012","%","4.7","E","Estimated value",""
"FS","Suite of Food Security Indicators","882","Samoa","6121","Value","210041","Prevalence of undernourishment (percent) (3-year average)","20112013","2011-2013","%","4.6","E","Estimated value",""
"FS","Suite of Food Security Indicators","882","Samoa","6121","Value","210041","Prevalence of undernourishment (percent) (3-year average)","20122014","2012-2014","%","4.2","E","Estimated value",""
"FS","Suite of Food Security Indicators","882","Samoa","6121","Value","210041","Prevalence of undernourishment (percent) (3-year average)","20132015","2013-2015","%","4.4","E","Estimated value",""
"FS","Suite of Food Security Indicators","882","Samoa","6121","Value","210041","Prevalence of undernourishment (percent) (3-year average)","20142016","2014-2016","%","4.6","E","Estimated value",""
"FS","Suite of Food Security Indicators","882","Samoa","6121","Value","210041","Prevalence of undernourishment (percent) (3-year average)","20152017","2015-2017","%","5.1","E","Estimated value",""
"FS","Suite of Food Security Indicators","882","Samoa","6121","Value","210041","Prevalence of undernourishment (percent) (3-year average)","20162018","2016-2018","%","4.9","E","Estimated value",""
"FS","Suite of Food Security Indicators","882","Samoa","6121","Value","210041","Prevalence of undernourishment (percent) (3-year average)","20172019","2017-2019","%","4.7","E","Estimated value",""
"FS","Suite of Food Security Indicators","882","Samoa","6121","Value","210041","Prevalence of undernourishment (percent) (3-year average)","20182020","2018-2020","%","4.5","E","Estimated value",""
"FS","Suite of Food Security Indicators","882","Samoa","6121","Value","210041","Prevalence of undernourishment (percent) (3-year average)","20192021","2019-2021","%","4.4","E","Estimated value",""
"FS","Suite of Food Security Indicators","882","Samoa","6121","Value","210041","Prevalence of undernourishment (percent) (3-year average)","20202022","2020-2022","%","4.5","E","Estimated value",""
"FS","Suite of Food Security Indicators","882","Samoa","6121","Value","210041","Prevalence of undernourishment (percent) (3-year average)","20212023","2021-2023","%","4.2","E","Estimated value",""
"FS","Suite of Food Security Indicators","882","Samoa","6121","Value","210041","Prevalence of undernourishment (percent) (3-year average)","20222024","2022-2024","%","3.6","E","Estimated value",""
"FS","Suite of Food Security Indicators","678","Sao Tome and Principe","6121","Value","210041","Prevalence of undernourishment (percent) (3-year average)","20002002","2000-2002","%","15.5","E","Estimated value",""
"FS","Suite of Food Security Indicators","678","Sao Tome and Principe","6121","Value","210041","Prevalence of undernourishment (percent) (3-year average)","20012003","2001-2003","%","13.8","E","Estimated value",""
"FS","Suite of Food Security Indicators","678","Sao Tome and Principe","6121","Value","210041","Prevalence of undernourishment (percent) (3-year average)","20022004","2002-2004","%","12.3","E","Estimated value",""
"FS","Suite of Food Security Indicators","678","Sao Tome and Principe","6121","Value","210041","Prevalence of undernourishment (percent) (3-year average)","20032005","2003-2005","%","11.1","E","Estimated value",""
"FS","Suite of Food Security Indicators","678","Sao Tome and Principe","6121","Value","210041","Prevalence of undernourishment (percent) (3-year average)","20042006","2004-2006","%","10.4","E","Estimated value",""
"FS","Suite of Food Security Indicators","678","Sao Tome and Principe","6121","Value","210041","Prevalence of undernourishment (percent) (3-year average)","20052007","2005-2007","%","10.6","E","Estimated value",""
"FS","Suite of Food Security Indicators","678","Sao Tome and Principe","6121","Value","210041","Prevalence of undernourishment (percent) (3-year average)","20062008","2006-2008","%","11.6","E","Estimated value",""
"FS","Suite of Food Security Indicators","678","Sao Tome and Principe","6121","Value","210041","Prevalence of undernourishment (percent) (3-year average)","20072009","2007-2009","%","13","E","Estimated value",""
"FS","Suite of Food Security Indicators","678","Sao Tome and Principe","6121","Value","210041","Prevalence of undernourishment (percent) (3-year average)","20082010","2008-2010","%","14.7","E","Estimated value",""
"FS","Suite of Food Security Indicators","678","Sao Tome and Principe","6121","Value","210041","Prevalence of undernourishment (percent) (3-year average)","20092011","2009-2011","%","16.5","E","Estimated value",""
"FS","Suite of Food Security Indicators","678","Sao Tome and Principe","6121","Value","210041","Prevalence of undernourishment (percent) (3-year average)","20102012","2010-2012","%","17.6","E","Estimated value",""
"FS","Suite of Food Security Indicators","678","Sao Tome and Principe","6121","Value","210041","Prevalence of undernourishment (percent) (3-year average)","20112013","2011-2013","%","17.4","E","Estimated value",""
"FS","Suite of Food Security Indicators","678","Sao Tome and Principe","6121","Value","210041","Prevalence of undernourishment (percent) (3-year average)","20122014","2012-2014","%","17.4","E","Estimated value",""
"FS","Suite of Food Security Indicators","678","Sao Tome and Principe","6121","Value","210041","Prevalence of undernourishment (percent) (3-year average)","20132015","2013-2015","%","18.1","E","Estimated value",""
"FS","Suite of Food Security Indicators","678","Sao Tome and Principe","6121","Value","210041","Prevalence of undernourishment (percent) (3-year average)","20142016","2014-2016","%","18.5","E","Estimated value",""
"FS","Suite of Food Security Indicators","678","Sao Tome and Principe","6121","Value","210041","Prevalence of undernourishment (percent) (3-year average)","20152017","2015-2017","%","18.3","E","Estimated value",""
"FS","Suite of Food Security Indicators","678","Sao Tome and Principe","6121","Value","210041","Prevalence of undernourishment (percent) (3-year average)","20162018","2016-2018","%","17.9","E","Estimated value",""
"FS","Suite of Food Security Indicators","678","Sao Tome and Principe","6121","Value","210041","Prevalence of undernourishment (percent) (3-year average)","20172019","2017-2019","%","17.8","E","Estimated value",""
"FS","Suite of Food Security Indicators","678","Sao Tome and Principe","6121","Value","210041","Prevalence of undernourishment (percent) (3-year average)","20182020","2018-2020","%","16.9","E","Estimated value",""
"FS","Suite of Food Security Indicators","678","Sao Tome and Principe","6121","Value","210041","Prevalence of undernourishment (percent) (3-year average)","20192021","2019-2021","%","15.9","E","Estimated value",""
"FS","Suite of Food Security Indicators","678","Sao Tome and Principe","6121","Value","210041","Prevalence of undernourishment (percent) (3-year average)","20202022","2020-2022","%","16","E","Estimated value",""
"FS","Suite of Food Security Indicators","678","Sao Tome and Principe","6121","Value","210041","Prevalence of undernourishment (percent) (3-year average)","20212023","2021-2023","%","16.7","E","Estimated value",""
"FS","Suite of Food Security Indicators","678","Sao Tome and Principe","6121","Value","210041","Prevalence of undernourishment (percent) (3-year average)","20222024","2022-2024","%","17.4","E","Estimated value",""
"FS","Suite of Food Security Indicators","682","Saudi Arabia","6121","Value","210041","Prevalence of undernourishment (percent) (3-year average)","20002002","2000-2002","%","4.6","E","Estimated value",""
"FS","Suite of Food Security Indicators","682","Saudi Arabia","6121","Value","210041","Prevalence of undernourishment (percent) (3-year average)","20012003","2001-2003","%","4.8","E","Estimated value",""
"FS","Suite of Food Security Indicators","682","Saudi Arabia","6121","Value","210041","Prevalence of undernourishment (percent) (3-year average)","20022004","2002-2004","%","4.7","E","Estimated value",""
"FS","Suite of Food Security Indicators","682","Saudi Arabia","6121","Value","210041","Prevalence of undernourishment (percent) (3-year average)","20032005","2003-2005","%","4.5","E","Estimated value",""
"FS","Suite of Food Security Indicators","682","Saudi Arabia","6121","Value","210041","Prevalence of undernourishment (percent) (3-year average)","20042006","2004-2006","%","4.2","E","Estimated value",""
"FS","Suite of Food Security Indicators","682","Saudi Arabia","6121","Value","210041","Prevalence of undernourishment (percent) (3-year average)","20052007","2005-2007","%","3.9","E","Estimated value",""
"FS","Suite of Food Security Indicators","682","Saudi Arabia","6121","Value","210041","Prevalence of undernourishment (percent) (3-year average)","20062008","2006-2008","%","3.6","E","Estimated value",""
"FS","Suite of Food Security Indicators","682","Saudi Arabia","6121","Value","210041","Prevalence of undernourishment (percent) (3-year average)","20072009","2007-2009","%","3.4","E","Estimated value",""
"FS","Suite of Food Security Indicators","682","Saudi Arabia","6121","Value","210041","Prevalence of undernourishment (percent) (3-year average)","20082010","2008-2010","%","3.1","E","Estimated value",""
"FS","Suite of Food Security Indicators","682","Saudi Arabia","6121","Value","210041","Prevalence of undernourishment (percent) (3-year average)","20092011","2009-2011","%","3.2","E","Estimated value",""
"FS","Suite of Food Security Indicators","682","Saudi Arabia","6121","Value","210041","Prevalence of undernourishment (percent) (3-year average)","20102012","2010-2012","%","3.1","E","Estimated value",""
"FS","Suite of Food Security Indicators","682","Saudi Arabia","6121","Value","210041","Prevalence of undernourishment (percent) (3-year average)","20112013","2011-2013","%","3.2","E","Estimated value",""
"FS","Suite of Food Security Indicators","682","Saudi Arabia","6121","Value","210041","Prevalence of undernourishment (percent) (3-year average)","20122014","2012-2014","%","2.8","E","Estimated value",""
"FS","Suite of Food Security Indicators","682","Saudi Arabia","6121","Value","210041","Prevalence of undernourishment (percent) (3-year average)","20132015","2013-2015","%","2.7","E","Estimated value",""
"FS","Suite of Food Security Indicators","682","Saudi Arabia","6121","Value","210041","Prevalence of undernourishment (percent) (3-year average)","20142016","2014-2016","%","<2.5","E","Estimated value",""
"FS","Suite of Food Security Indicators","682","Saudi Arabia","6121","Value","210041","Prevalence of undernourishment (percent) (3-year average)","20152017","2015-2017","%","<2.5","E","Estimated value",""
"FS","Suite of Food Security Indicators","682","Saudi Arabia","6121","Value","210041","Prevalence of undernourishment (percent) (3-year average)","20162018","2016-2018","%","<2.5","E","Estimated value",""
"FS","Suite of Food Security Indicators","682","Saudi Arabia","6121","Value","210041","Prevalence of undernourishment (percent) (3-year average)","20172019","2017-2019","%","<2.5","E","Estimated value",""
"FS","Suite of Food Security Indicators","682","Saudi Arabia","6121","Value","210041","Prevalence of undernourishment (percent) (3-year average)","20182020","2018-2020","%","<2.5","E","Estimated value",""
"FS","Suite of Food Security Indicators","682","Saudi Arabia","6121","Value","210041","Prevalence of undernourishment (percent) (3-year average)","20192021","2019-2021","%","<2.5","E","Estimated value",""
"FS","Suite of Food Security Indicators","682","Saudi Arabia","6121","Value","210041","Prevalence of undernourishment (percent) (3-year average)","20202022","2020-2022","%","<2.5","E","Estimated value",""
"FS","Suite of Food Security Indicators","682","Saudi Arabia","6121","Value","210041","Prevalence of undernourishment (percent) (3-year average)","20212023","2021-2023","%","<2.5","E","Estimated value",""
"FS","Suite of Food Security Indicators","682","Saudi Arabia","6121","Value","210041","Prevalence of undernourishment (percent) (3-year average)","20222024","2022-2024","%","<2.5","E","Estimated value",""
"FS","Suite of Food Security Indicators","686","Senegal","6121","Value","210041","Prevalence of undernourishment (percent) (3-year average)","20002002","2000-2002","%","21.1","E","Estimated value",""
"FS","Suite of Food Security Indicators","686","Senegal","6121","Value","210041","Prevalence of undernourishment (percent) (3-year average)","20012003","2001-2003","%","20","E","Estimated value",""
"FS","Suite of Food Security Indicators","686","Senegal","6121","Value","210041","Prevalence of undernourishment (percent) (3-year average)","20022004","2002-2004","%","18.6","E","Estimated value",""
"FS","Suite of Food Security Indicators","686","Senegal","6121","Value","210041","Prevalence of undernourishment (percent) (3-year average)","20032005","2003-2005","%","17.1","E","Estimated value",""
"FS","Suite of Food Security Indicators","686","Senegal","6121","Value","210041","Prevalence of undernourishment (percent) (3-year average)","20042006","2004-2006","%","15.8","E","Estimated value",""
"FS","Suite of Food Security Indicators","686","Senegal","6121","Value","210041","Prevalence of undernourishment (percent) (3-year average)","20052007","2005-2007","%","14.6","E","Estimated value",""
"FS","Suite of Food Security Indicators","686","Senegal","6121","Value","210041","Prevalence of undernourishment (percent) (3-year average)","20062008","2006-2008","%","12.2","E","Estimated value",""
"FS","Suite of Food Security Indicators","686","Senegal","6121","Value","210041","Prevalence of undernourishment (percent) (3-year average)","20072009","2007-2009","%","10.9","E","Estimated value",""
"FS","Suite of Food Security Indicators","686","Senegal","6121","Value","210041","Prevalence of undernourishment (percent) (3-year average)","20082010","2008-2010","%","10.3","E","Estimated value",""
"FS","Suite of Food Security Indicators","686","Senegal","6121","Value","210041","Prevalence of undernourishment (percent) (3-year average)","20092011","2009-2011","%","10.9","E","Estimated value",""
"FS","Suite of Food Security Indicators","686","Senegal","6121","Value","210041","Prevalence of undernourishment (percent) (3-year average)","20102012","2010-2012","%","11.1","E","Estimated value",""
"FS","Suite of Food Security Indicators","686","Senegal","6121","Value","210041","Prevalence of undernourishment (percent) (3-year average)","20112013","2011-2013","%","11.3","E","Estimated value",""
"FS","Suite of Food Security Indicators","686","Senegal","6121","Value","210041","Prevalence of undernourishment (percent) (3-year average)","20122014","2012-2014","%","11.2","E","Estimated value",""
"FS","Suite of Food Security Indicators","686","Senegal","6121","Value","210041","Prevalence of undernourishment (percent) (3-year average)","20132015","2013-2015","%","11.1","E","Estimated value",""
"FS","Suite of Food Security Indicators","686","Senegal","6121","Value","210041","Prevalence of undernourishment (percent) (3-year average)","20142016","2014-2016","%","10","E","Estimated value",""
"FS","Suite of Food Security Indicators","686","Senegal","6121","Value","210041","Prevalence of undernourishment (percent) (3-year average)","20152017","2015-2017","%","8.9","E","Estimated value",""
"FS","Suite of Food Security Indicators","686","Senegal","6121","Value","210041","Prevalence of undernourishment (percent) (3-year average)","20162018","2016-2018","%","8","E","Estimated value",""
"FS","Suite of Food Security Indicators","686","Senegal","6121","Value","210041","Prevalence of undernourishment (percent) (3-year average)","20172019","2017-2019","%","7.1","E","Estimated value",""
"FS","Suite of Food Security Indicators","686","Senegal","6121","Value","210041","Prevalence of undernourishment (percent) (3-year average)","20182020","2018-2020","%","6.2","E","Estimated value",""
"FS","Suite of Food Security Indicators","686","Senegal","6121","Value","210041","Prevalence of undernourishment (percent) (3-year average)","20192021","2019-2021","%","5.3","E","Estimated value",""
"FS","Suite of Food Security Indicators","686","Senegal","6121","Value","210041","Prevalence of undernourishment (percent) (3-year average)","20202022","2020-2022","%","5.2","E","Estimated value",""
"FS","Suite of Food Security Indicators","686","Senegal","6121","Value","210041","Prevalence of undernourishment (percent) (3-year average)","20212023","2021-2023","%","5.1","E","Estimated value",""
"FS","Suite of Food Security Indicators","686","Senegal","6121","Value","210041","Prevalence of undernourishment (percent) (3-year average)","20222024","2022-2024","%","5.1","E","Estimated value",""
"FS","Suite of Food Security Indicators","688","Serbia","6121","Value","210041","Prevalence of undernourishment (percent) (3-year average)","20002002","2000-2002","%","4.8","E","Estimated value",""
"FS","Suite of Food Security Indicators","688","Serbia","6121","Value","210041","Prevalence of undernourishment (percent) (3-year average)","20012003","2001-2003","%","4.6","E","Estimated value",""
"FS","Suite of Food Security Indicators","688","Serbia","6121","Value","210041","Prevalence of undernourishment (percent) (3-year average)","20022004","2002-2004","%","3.9","E","Estimated value",""
"FS","Suite of Food Security Indicators","688","Serbia","6121","Value","210041","Prevalence of undernourishment (percent) (3-year average)","20032005","2003-2005","%","3.1","E","Estimated value",""
"FS","Suite of Food Security Indicators","688","Serbia","6121","Value","210041","Prevalence of undernourishment (percent) (3-year average)","20042006","2004-2006","%","2.6","E","Estimated value",""
"FS","Suite of Food Security Indicators","688","Serbia","6121","Value","210041","Prevalence of undernourishment (percent) (3-year average)","20052007","2005-2007","%","<2.5","E","Estimated value",""
"FS","Suite of Food Security Indicators","688","Serbia","6121","Value","210041","Prevalence of undernourishment (percent) (3-year average)","20062008","2006-2008","%","<2.5","E","Estimated value",""
"FS","Suite of Food Security Indicators","688","Serbia","6121","Value","210041","Prevalence of undernourishment (percent) (3-year average)","20072009","2007-2009","%","<2.5","E","Estimated value",""
"FS","Suite of Food Security Indicators","688","Serbia","6121","Value","210041","Prevalence of undernourishment (percent) (3-year average)","20082010","2008-2010","%","<2.5","E","Estimated value",""
"FS","Suite of Food Security Indicators","688","Serbia","6121","Value","210041","Prevalence of undernourishment (percent) (3-year average)","20092011","2009-2011","%","<2.5","E","Estimated value",""
"FS","Suite of Food Security Indicators","688","Serbia","6121","Value","210041","Prevalence of undernourishment (percent) (3-year average)","20102012","2010-2012","%","<2.5","E","Estimated value",""
"FS","Suite of Food Security Indicators","688","Serbia","6121","Value","210041","Prevalence of undernourishment (percent) (3-year average)","20112013","2011-2013","%","<2.5","E","Estimated value",""
"FS","Suite of Food Security Indicators","688","Serbia","6121","Value","210041","Prevalence of undernourishment (percent) (3-year average)","20122014","2012-2014","%","<2.5","E","Estimated value",""
"FS","Suite of Food Security Indicators","688","Serbia","6121","Value","210041","Prevalence of undernourishment (percent) (3-year average)","20132015","2013-2015","%","<2.5","E","Estimated value",""
"FS","Suite of Food Security Indicators","688","Serbia","6121","Value","210041","Prevalence of undernourishment (percent) (3-year average)","20142016","2014-2016","%","<2.5","E","Estimated value",""
"FS","Suite of Food Security Indicators","688","Serbia","6121","Value","210041","Prevalence of undernourishment (percent) (3-year average)","20152017","2015-2017","%","<2.5","E","Estimated value",""
"FS","Suite of Food Security Indicators","688","Serbia","6121","Value","210041","Prevalence of undernourishment (percent) (3-year average)","20162018","2016-2018","%","<2.5","E","Estimated value",""
"FS","Suite of Food Security Indicators","688","Serbia","6121","Value","210041","Prevalence of undernourishment (percent) (3-year average)","20172019","2017-2019","%","<2.5","E","Estimated value",""
"FS","Suite of Food Security Indicators","688","Serbia","6121","Value","210041","Prevalence of undernourishment (percent) (3-year average)","20182020","2018-2020","%","<2.5","E","Estimated value",""
"FS","Suite of Food Security Indicators","688","Serbia","6121","Value","210041","Prevalence of undernourishment (percent) (3-year average)","20192021","2019-2021","%","<2.5","E","Estimated value",""
"FS","Suite of Food Security Indicators","688","Serbia","6121","Value","210041","Prevalence of undernourishment (percent) (3-year average)","20202022","2020-2022","%","<2.5","E","Estimated value",""
"FS","Suite of Food Security Indicators","688","Serbia","6121","Value","210041","Prevalence of undernourishment (percent) (3-year average)","20212023","2021-2023","%","<2.5","E","Estimated value",""
"FS","Suite of Food Security Indicators","688","Serbia","6121","Value","210041","Prevalence of undernourishment (percent) (3-year average)","20222024","2022-2024","%","<2.5","E","Estimated value",""
"FS","Suite of Food Security Indicators","690","Seychelles","6121","Value","210041","Prevalence of undernourishment (percent) (3-year average)","20002002","2000-2002","%","<2.5","E","Estimated value",""
"FS","Suite of Food Security Indicators","690","Seychelles","6121","Value","210041","Prevalence of undernourishment (percent) (3-year average)","20012003","2001-2003","%","<2.5","E","Estimated value",""
"FS","Suite of Food Security Indicators","690","Seychelles","6121","Value","210041","Prevalence of undernourishment (percent) (3-year average)","20022004","2002-2004","%","<2.5","E","Estimated value",""
"FS","Suite of Food Security Indicators","690","Seychelles","6121","Value","210041","Prevalence of undernourishment (percent) (3-year average)","20032005","2003-2005","%","<2.5","E","Estimated value",""
"FS","Suite of Food Security Indicators","690","Seychelles","6121","Value","210041","Prevalence of undernourishment (percent) (3-year average)","20042006","2004-2006","%","2.8","E","Estimated value",""
"FS","Suite of Food Security Indicators","690","Seychelles","6121","Value","210041","Prevalence of undernourishment (percent) (3-year average)","20052007","2005-2007","%","3.1","E","Estimated value",""
"FS","Suite of Food Security Indicators","690","Seychelles","6121","Value","210041","Prevalence of undernourishment (percent) (3-year average)","20062008","2006-2008","%","3.5","E","Estimated value",""
"FS","Suite of Food Security Indicators","690","Seychelles","6121","Value","210041","Prevalence of undernourishment (percent) (3-year average)","20072009","2007-2009","%","3.9","E","Estimated value",""
"FS","Suite of Food Security Indicators","690","Seychelles","6121","Value","210041","Prevalence of undernourishment (percent) (3-year average)","20082010","2008-2010","%","4.3","E","Estimated value",""
"FS","Suite of Food Security Indicators","690","Seychelles","6121","Value","210041","Prevalence of undernourishment (percent) (3-year average)","20092011","2009-2011","%","4.9","E","Estimated value",""
"FS","Suite of Food Security Indicators","690","Seychelles","6121","Value","210041","Prevalence of undernourishment (percent) (3-year average)","20102012","2010-2012","%","5.2","E","Estimated value",""
"FS","Suite of Food Security Indicators","690","Seychelles","6121","Value","210041","Prevalence of undernourishment (percent) (3-year average)","20112013","2011-2013","%","5.5","E","Estimated value",""
"FS","Suite of Food Security Indicators","690","Seychelles","6121","Value","210041","Prevalence of undernourishment (percent) (3-year average)","20122014","2012-2014","%","5.2","E","Estimated value",""
"FS","Suite of Food Security Indicators","690","Seychelles","6121","Value","210041","Prevalence of undernourishment (percent) (3-year average)","20132015","2013-2015","%","4.9","E","Estimated value",""
"FS","Suite of Food Security Indicators","690","Seychelles","6121","Value","210041","Prevalence of undernourishment (percent) (3-year average)","20142016","2014-2016","%","4.3","E","Estimated value",""
"FS","Suite of Food Security Indicators","690","Seychelles","6121","Value","210041","Prevalence of undernourishment (percent) (3-year average)","20152017","2015-2017","%","3.7","E","Estimated value",""
"FS","Suite of Food Security Indicators","690","Seychelles","6121","Value","210041","Prevalence of undernourishment (percent) (3-year average)","20162018","2016-2018","%","3.3","E","Estimated value",""
"FS","Suite of Food Security Indicators","690","Seychelles","6121","Value","210041","Prevalence of undernourishment (percent) (3-year average)","20172019","2017-2019","%","3","E","Estimated value",""
"FS","Suite of Food Security Indicators","690","Seychelles","6121","Value","210041","Prevalence of undernourishment (percent) (3-year average)","20182020","2018-2020","%","2.7","E","Estimated value",""
"FS","Suite of Food Security Indicators","690","Seychelles","6121","Value","210041","Prevalence of undernourishment (percent) (3-year average)","20192021","2019-2021","%","<2.5","E","Estimated value",""
"FS","Suite of Food Security Indicators","690","Seychelles","6121","Value","210041","Prevalence of undernourishment (percent) (3-year average)","20202022","2020-2022","%","<2.5","E","Estimated value",""
"FS","Suite of Food Security Indicators","690","Seychelles","6121","Value","210041","Prevalence of undernourishment (percent) (3-year average)","20212023","2021-2023","%","<2.5","E","Estimated value",""
"FS","Suite of Food Security Indicators","690","Seychelles","6121","Value","210041","Prevalence of undernourishment (percent) (3-year average)","20222024","2022-2024","%","<2.5","E","Estimated value",""
"FS","Suite of Food Security Indicators","694","Sierra Leone","6121","Value","210041","Prevalence of undernourishment (percent) (3-year average)","20002002","2000-2002","%","50","E","Estimated value",""
"FS","Suite of Food Security Indicators","694","Sierra Leone","6121","Value","210041","Prevalence of undernourishment (percent) (3-year average)","20012003","2001-2003","%","49.2","E","Estimated value",""
"FS","Suite of Food Security Indicators","694","Sierra Leone","6121","Value","210041","Prevalence of undernourishment (percent) (3-year average)","20022004","2002-2004","%","47","E","Estimated value",""
"FS","Suite of Food Security Indicators","694","Sierra Leone","6121","Value","210041","Prevalence of undernourishment (percent) (3-year average)","20032005","2003-2005","%","44.4","E","Estimated value",""
"FS","Suite of Food Security Indicators","694","Sierra Leone","6121","Value","210041","Prevalence of undernourishment (percent) (3-year average)","20042006","2004-2006","%","40.2","E","Estimated value",""
"FS","Suite of Food Security Indicators","694","Sierra Leone","6121","Value","210041","Prevalence of undernourishment (percent) (3-year average)","20052007","2005-2007","%","36","E","Estimated value",""
"FS","Suite of Food Security Indicators","694","Sierra Leone","6121","Value","210041","Prevalence of undernourishment (percent) (3-year average)","20062008","2006-2008","%","31.9","E","Estimated value",""
"FS","Suite of Food Security Indicators","694","Sierra Leone","6121","Value","210041","Prevalence of undernourishment (percent) (3-year average)","20072009","2007-2009","%","28.1","E","Estimated value",""
"FS","Suite of Food Security Indicators","694","Sierra Leone","6121","Value","210041","Prevalence of undernourishment (percent) (3-year average)","20082010","2008-2010","%","24.8","E","Estimated value",""
"FS","Suite of Food Security Indicators","694","Sierra Leone","6121","Value","210041","Prevalence of undernourishment (percent) (3-year average)","20092011","2009-2011","%","22.5","E","Estimated value",""
"FS","Suite of Food Security Indicators","694","Sierra Leone","6121","Value","210041","Prevalence of undernourishment (percent) (3-year average)","20102012","2010-2012","%","21.6","E","Estimated value",""
"FS","Suite of Food Security Indicators","694","Sierra Leone","6121","Value","210041","Prevalence of undernourishment (percent) (3-year average)","20112013","2011-2013","%","21.9","E","Estimated value",""
"FS","Suite of Food Security Indicators","694","Sierra Leone","6121","Value","210041","Prevalence of undernourishment (percent) (3-year average)","20122014","2012-2014","%","23.2","E","Estimated value",""
"FS","Suite of Food Security Indicators","694","Sierra Leone","6121","Value","210041","Prevalence of undernourishment (percent) (3-year average)","20132015","2013-2015","%","23.2","E","Estimated value",""
"FS","Suite of Food Security Indicators","694","Sierra Leone","6121","Value","210041","Prevalence of undernourishment (percent) (3-year average)","20142016","2014-2016","%","24.1","E","Estimated value",""
"FS","Suite of Food Security Indicators","694","Sierra Leone","6121","Value","210041","Prevalence of undernourishment (percent) (3-year average)","20152017","2015-2017","%","24.5","E","Estimated value",""
"FS","Suite of Food Security Indicators","694","Sierra Leone","6121","Value","210041","Prevalence of undernourishment (percent) (3-year average)","20162018","2016-2018","%","26","E","Estimated value",""
"FS","Suite of Food Security Indicators","694","Sierra Leone","6121","Value","210041","Prevalence of undernourishment (percent) (3-year average)","20172019","2017-2019","%","27","E","Estimated value",""
"FS","Suite of Food Security Indicators","694","Sierra Leone","6121","Value","210041","Prevalence of undernourishment (percent) (3-year average)","20182020","2018-2020","%","27.8","E","Estimated value",""
"FS","Suite of Food Security Indicators","694","Sierra Leone","6121","Value","210041","Prevalence of undernourishment (percent) (3-year average)","20192021","2019-2021","%","27.5","E","Estimated value",""
"FS","Suite of Food Security Indicators","694","Sierra Leone","6121","Value","210041","Prevalence of undernourishment (percent) (3-year average)","20202022","2020-2022","%","26.3","E","Estimated value",""
"FS","Suite of Food Security Indicators","694","Sierra Leone","6121","Value","210041","Prevalence of undernourishment (percent) (3-year average)","20212023","2021-2023","%","25.2","E","Estimated value",""
"FS","Suite of Food Security Indicators","694","Sierra Leone","6121","Value","210041","Prevalence of undernourishment (percent) (3-year average)","20222024","2022-2024","%","24.1","E","Estimated value",""
"FS","Suite of Food Security Indicators","702","Singapore","6121","Value","210041","Prevalence of undernourishment (percent) (3-year average)","20002002","2000-2002","%","","O","Missing value",""
"FS","Suite of Food Security Indicators","702","Singapore","6121","Value","210041","Prevalence of undernourishment (percent) (3-year average)","20012003","2001-2003","%","","O","Missing value",""
"FS","Suite of Food Security Indicators","702","Singapore","6121","Value","210041","Prevalence of undernourishment (percent) (3-year average)","20022004","2002-2004","%","","O","Missing value",""
"FS","Suite of Food Security Indicators","702","Singapore","6121","Value","210041","Prevalence of undernourishment (percent) (3-year average)","20032005","2003-2005","%","","O","Missing value",""
"FS","Suite of Food Security Indicators","702","Singapore","6121","Value","210041","Prevalence of undernourishment (percent) (3-year average)","20042006","2004-2006","%","","O","Missing value",""
"FS","Suite of Food Security Indicators","702","Singapore","6121","Value","210041","Prevalence of undernourishment (percent) (3-year average)","20052007","2005-2007","%","","O","Missing value",""
"FS","Suite of Food Security Indicators","702","Singapore","6121","Value","210041","Prevalence of undernourishment (percent) (3-year average)","20062008","2006-2008","%","","O","Missing value",""
"FS","Suite of Food Security Indicators","702","Singapore","6121","Value","210041","Prevalence of undernourishment (percent) (3-year average)","20072009","2007-2009","%","","O","Missing value",""
"FS","Suite of Food Security Indicators","702","Singapore","6121","Value","210041","Prevalence of undernourishment (percent) (3-year average)","20082010","2008-2010","%","","O","Missing value",""
"FS","Suite of Food Security Indicators","702","Singapore","6121","Value","210041","Prevalence of undernourishment (percent) (3-year average)","20092011","2009-2011","%","","O","Missing value",""
"FS","Suite of Food Security Indicators","702","Singapore","6121","Value","210041","Prevalence of undernourishment (percent) (3-year average)","20102012","2010-2012","%","","O","Missing value",""
"FS","Suite of Food Security Indicators","702","Singapore","6121","Value","210041","Prevalence of undernourishment (percent) (3-year average)","20112013","2011-2013","%","","O","Missing value",""
"FS","Suite of Food Security Indicators","702","Singapore","6121","Value","210041","Prevalence of undernourishment (percent) (3-year average)","20122014","2012-2014","%","","O","Missing value",""
"FS","Suite of Food Security Indicators","702","Singapore","6121","Value","210041","Prevalence of undernourishment (percent) (3-year average)","20132015","2013-2015","%","","O","Missing value",""
"FS","Suite of Food Security Indicators","702","Singapore","6121","Value","210041","Prevalence of undernourishment (percent) (3-year average)","20142016","2014-2016","%","","O","Missing value",""
"FS","Suite of Food Security Indicators","702","Singapore","6121","Value","210041","Prevalence of undernourishment (percent) (3-year average)","20152017","2015-2017","%","","O","Missing value",""
"FS","Suite of Food Security Indicators","702","Singapore","6121","Value","210041","Prevalence of undernourishment (percent) (3-year average)","20162018","2016-2018","%","","O","Missing value",""
"FS","Suite of Food Security Indicators","702","Singapore","6121","Value","210041","Prevalence of undernourishment (percent) (3-year average)","20172019","2017-2019","%","","O","Missing value",""
"FS","Suite of Food Security Indicators","702","Singapore","6121","Value","210041","Prevalence of undernourishment (percent) (3-year average)","20182020","2018-2020","%","","O","Missing value",""
"FS","Suite of Food Security Indicators","702","Singapore","6121","Value","210041","Prevalence of undernourishment (percent) (3-year average)","20192021","2019-2021","%","","O","Missing value",""
"FS","Suite of Food Security Indicators","702","Singapore","6121","Value","210041","Prevalence of undernourishment (percent) (3-year average)","20202022","2020-2022","%","","O","Missing value",""
"FS","Suite of Food Security Indicators","702","Singapore","6121","Value","210041","Prevalence of undernourishment (percent) (3-year average)","20212023","2021-2023","%","","O","Missing value",""
"FS","Suite of Food Security Indicators","702","Singapore","6121","Value","210041","Prevalence of undernourishment (percent) (3-year average)","20222024","2022-2024","%","","O","Missing value",""
"FS","Suite of Food Security Indicators","703","Slovakia","6121","Value","210041","Prevalence of undernourishment (percent) (3-year average)","20002002","2000-2002","%","6.2","E","Estimated value",""
"FS","Suite of Food Security Indicators","703","Slovakia","6121","Value","210041","Prevalence of undernourishment (percent) (3-year average)","20012003","2001-2003","%","6.2","E","Estimated value",""
"FS","Suite of Food Security Indicators","703","Slovakia","6121","Value","210041","Prevalence of undernourishment (percent) (3-year average)","20022004","2002-2004","%","6.1","E","Estimated value",""
"FS","Suite of Food Security Indicators","703","Slovakia","6121","Value","210041","Prevalence of undernourishment (percent) (3-year average)","20032005","2003-2005","%","5.9","E","Estimated value",""
"FS","Suite of Food Security Indicators","703","Slovakia","6121","Value","210041","Prevalence of undernourishment (percent) (3-year average)","20042006","2004-2006","%","5.6","E","Estimated value",""
"FS","Suite of Food Security Indicators","703","Slovakia","6121","Value","210041","Prevalence of undernourishment (percent) (3-year average)","20052007","2005-2007","%","5.7","E","Estimated value",""
"FS","Suite of Food Security Indicators","703","Slovakia","6121","Value","210041","Prevalence of undernourishment (percent) (3-year average)","20062008","2006-2008","%","5.6","E","Estimated value",""
"FS","Suite of Food Security Indicators","703","Slovakia","6121","Value","210041","Prevalence of undernourishment (percent) (3-year average)","20072009","2007-2009","%","5.1","E","Estimated value",""
"FS","Suite of Food Security Indicators","703","Slovakia","6121","Value","210041","Prevalence of undernourishment (percent) (3-year average)","20082010","2008-2010","%","4.9","E","Estimated value",""
"FS","Suite of Food Security Indicators","703","Slovakia","6121","Value","210041","Prevalence of undernourishment (percent) (3-year average)","20092011","2009-2011","%","5.2","E","Estimated value",""
"FS","Suite of Food Security Indicators","703","Slovakia","6121","Value","210041","Prevalence of undernourishment (percent) (3-year average)","20102012","2010-2012","%","6.1","E","Estimated value",""
"FS","Suite of Food Security Indicators","703","Slovakia","6121","Value","210041","Prevalence of undernourishment (percent) (3-year average)","20112013","2011-2013","%","5.8","E","Estimated value",""
"FS","Suite of Food Security Indicators","703","Slovakia","6121","Value","210041","Prevalence of undernourishment (percent) (3-year average)","20122014","2012-2014","%","5.6","E","Estimated value",""
"FS","Suite of Food Security Indicators","703","Slovakia","6121","Value","210041","Prevalence of undernourishment (percent) (3-year average)","20132015","2013-2015","%","5.7","E","Estimated value",""
"FS","Suite of Food Security Indicators","703","Slovakia","6121","Value","210041","Prevalence of undernourishment (percent) (3-year average)","20142016","2014-2016","%","5.7","E","Estimated value",""
"FS","Suite of Food Security Indicators","703","Slovakia","6121","Value","210041","Prevalence of undernourishment (percent) (3-year average)","20152017","2015-2017","%","5.3","E","Estimated value",""
"FS","Suite of Food Security Indicators","703","Slovakia","6121","Value","210041","Prevalence of undernourishment (percent) (3-year average)","20162018","2016-2018","%","4.1","E","Estimated value",""
"FS","Suite of Food Security Indicators","703","Slovakia","6121","Value","210041","Prevalence of undernourishment (percent) (3-year average)","20172019","2017-2019","%","3.3","E","Estimated value",""
"FS","Suite of Food Security Indicators","703","Slovakia","6121","Value","210041","Prevalence of undernourishment (percent) (3-year average)","20182020","2018-2020","%","2.8","E","Estimated value",""
"FS","Suite of Food Security Indicators","703","Slovakia","6121","Value","210041","Prevalence of undernourishment (percent) (3-year average)","20192021","2019-2021","%","2.7","E","Estimated value",""
"FS","Suite of Food Security Indicators","703","Slovakia","6121","Value","210041","Prevalence of undernourishment (percent) (3-year average)","20202022","2020-2022","%","3","E","Estimated value",""
"FS","Suite of Food Security Indicators","703","Slovakia","6121","Value","210041","Prevalence of undernourishment (percent) (3-year average)","20212023","2021-2023","%","3.2","E","Estimated value",""
"FS","Suite of Food Security Indicators","703","Slovakia","6121","Value","210041","Prevalence of undernourishment (percent) (3-year average)","20222024","2022-2024","%","3.1","E","Estimated value",""
"FS","Suite of Food Security Indicators","705","Slovenia","6121","Value","210041","Prevalence of undernourishment (percent) (3-year average)","20002002","2000-2002","%","<2.5","E","Estimated value",""
"FS","Suite of Food Security Indicators","705","Slovenia","6121","Value","210041","Prevalence of undernourishment (percent) (3-year average)","20012003","2001-2003","%","<2.5","E","Estimated value",""
"FS","Suite of Food Security Indicators","705","Slovenia","6121","Value","210041","Prevalence of undernourishment (percent) (3-year average)","20022004","2002-2004","%","<2.5","E","Estimated value",""
"FS","Suite of Food Security Indicators","705","Slovenia","6121","Value","210041","Prevalence of undernourishment (percent) (3-year average)","20032005","2003-2005","%","<2.5","E","Estimated value",""
"FS","Suite of Food Security Indicators","705","Slovenia","6121","Value","210041","Prevalence of undernourishment (percent) (3-year average)","20042006","2004-2006","%","<2.5","E","Estimated value",""
"FS","Suite of Food Security Indicators","705","Slovenia","6121","Value","210041","Prevalence of undernourishment (percent) (3-year average)","20052007","2005-2007","%","<2.5","E","Estimated value",""
"FS","Suite of Food Security Indicators","705","Slovenia","6121","Value","210041","Prevalence of undernourishment (percent) (3-year average)","20062008","2006-2008","%","<2.5","E","Estimated value",""
"FS","Suite of Food Security Indicators","705","Slovenia","6121","Value","210041","Prevalence of undernourishment (percent) (3-year average)","20072009","2007-2009","%","<2.5","E","Estimated value",""
"FS","Suite of Food Security Indicators","705","Slovenia","6121","Value","210041","Prevalence of undernourishment (percent) (3-year average)","20082010","2008-2010","%","<2.5","E","Estimated value",""
"FS","Suite of Food Security Indicators","705","Slovenia","6121","Value","210041","Prevalence of undernourishment (percent) (3-year average)","20092011","2009-2011","%","<2.5","E","Estimated value",""
"FS","Suite of Food Security Indicators","705","Slovenia","6121","Value","210041","Prevalence of undernourishment (percent) (3-year average)","20102012","2010-2012","%","<2.5","E","Estimated value",""
"FS","Suite of Food Security Indicators","705","Slovenia","6121","Value","210041","Prevalence of undernourishment (percent) (3-year average)","20112013","2011-2013","%","<2.5","E","Estimated value",""
"FS","Suite of Food Security Indicators","705","Slovenia","6121","Value","210041","Prevalence of undernourishment (percent) (3-year average)","20122014","2012-2014","%","<2.5","E","Estimated value",""
"FS","Suite of Food Security Indicators","705","Slovenia","6121","Value","210041","Prevalence of undernourishment (percent) (3-year average)","20132015","2013-2015","%","<2.5","E","Estimated value",""
"FS","Suite of Food Security Indicators","705","Slovenia","6121","Value","210041","Prevalence of undernourishment (percent) (3-year average)","20142016","2014-2016","%","<2.5","E","Estimated value",""
"FS","Suite of Food Security Indicators","705","Slovenia","6121","Value","210041","Prevalence of undernourishment (percent) (3-year average)","20152017","2015-2017","%","<2.5","E","Estimated value",""
"FS","Suite of Food Security Indicators","705","Slovenia","6121","Value","210041","Prevalence of undernourishment (percent) (3-year average)","20162018","2016-2018","%","<2.5","E","Estimated value",""
"FS","Suite of Food Security Indicators","705","Slovenia","6121","Value","210041","Prevalence of undernourishment (percent) (3-year average)","20172019","2017-2019","%","<2.5","E","Estimated value",""
"FS","Suite of Food Security Indicators","705","Slovenia","6121","Value","210041","Prevalence of undernourishment (percent) (3-year average)","20182020","2018-2020","%","<2.5","E","Estimated value",""
"FS","Suite of Food Security Indicators","705","Slovenia","6121","Value","210041","Prevalence of undernourishment (percent) (3-year average)","20192021","2019-2021","%","<2.5","E","Estimated value",""
"FS","Suite of Food Security Indicators","705","Slovenia","6121","Value","210041","Prevalence of undernourishment (percent) (3-year average)","20202022","2020-2022","%","<2.5","E","Estimated value",""
"FS","Suite of Food Security Indicators","705","Slovenia","6121","Value","210041","Prevalence of undernourishment (percent) (3-year average)","20212023","2021-2023","%","<2.5","E","Estimated value",""
"FS","Suite of Food Security Indicators","705","Slovenia","6121","Value","210041","Prevalence of undernourishment (percent) (3-year average)","20222024","2022-2024","%","<2.5","E","Estimated value",""
"FS","Suite of Food Security Indicators","090","Solomon Islands","6121","Value","210041","Prevalence of undernourishment (percent) (3-year average)","20002002","2000-2002","%","11.2","E","Estimated value",""
"FS","Suite of Food Security Indicators","090","Solomon Islands","6121","Value","210041","Prevalence of undernourishment (percent) (3-year average)","20012003","2001-2003","%","11.5","E","Estimated value",""
"FS","Suite of Food Security Indicators","090","Solomon Islands","6121","Value","210041","Prevalence of undernourishment (percent) (3-year average)","20022004","2002-2004","%","11.4","E","Estimated value",""
"FS","Suite of Food Security Indicators","090","Solomon Islands","6121","Value","210041","Prevalence of undernourishment (percent) (3-year average)","20032005","2003-2005","%","11.9","E","Estimated value",""
"FS","Suite of Food Security Indicators","090","Solomon Islands","6121","Value","210041","Prevalence of undernourishment (percent) (3-year average)","20042006","2004-2006","%","12.2","E","Estimated value",""
"FS","Suite of Food Security Indicators","090","Solomon Islands","6121","Value","210041","Prevalence of undernourishment (percent) (3-year average)","20052007","2005-2007","%","12.9","E","Estimated value",""
"FS","Suite of Food Security Indicators","090","Solomon Islands","6121","Value","210041","Prevalence of undernourishment (percent) (3-year average)","20062008","2006-2008","%","13.1","E","Estimated value",""
"FS","Suite of Food Security Indicators","090","Solomon Islands","6121","Value","210041","Prevalence of undernourishment (percent) (3-year average)","20072009","2007-2009","%","14.1","E","Estimated value",""
"FS","Suite of Food Security Indicators","090","Solomon Islands","6121","Value","210041","Prevalence of undernourishment (percent) (3-year average)","20082010","2008-2010","%","14.1","E","Estimated value",""
"FS","Suite of Food Security Indicators","090","Solomon Islands","6121","Value","210041","Prevalence of undernourishment (percent) (3-year average)","20092011","2009-2011","%","14.8","E","Estimated value",""
"FS","Suite of Food Security Indicators","090","Solomon Islands","6121","Value","210041","Prevalence of undernourishment (percent) (3-year average)","20102012","2010-2012","%","15.8","E","Estimated value",""
"FS","Suite of Food Security Indicators","090","Solomon Islands","6121","Value","210041","Prevalence of undernourishment (percent) (3-year average)","20112013","2011-2013","%","17.4","E","Estimated value",""
"FS","Suite of Food Security Indicators","090","Solomon Islands","6121","Value","210041","Prevalence of undernourishment (percent) (3-year average)","20122014","2012-2014","%","18.8","E","Estimated value",""
"FS","Suite of Food Security Indicators","090","Solomon Islands","6121","Value","210041","Prevalence of undernourishment (percent) (3-year average)","20132015","2013-2015","%","19","E","Estimated value",""
"FS","Suite of Food Security Indicators","090","Solomon Islands","6121","Value","210041","Prevalence of undernourishment (percent) (3-year average)","20142016","2014-2016","%","18.7","E","Estimated value",""
"FS","Suite of Food Security Indicators","090","Solomon Islands","6121","Value","210041","Prevalence of undernourishment (percent) (3-year average)","20152017","2015-2017","%","18","E","Estimated value",""
"FS","Suite of Food Security Indicators","090","Solomon Islands","6121","Value","210041","Prevalence of undernourishment (percent) (3-year average)","20162018","2016-2018","%","17.9","E","Estimated value",""
"FS","Suite of Food Security Indicators","090","Solomon Islands","6121","Value","210041","Prevalence of undernourishment (percent) (3-year average)","20172019","2017-2019","%","18","E","Estimated value",""
"FS","Suite of Food Security Indicators","090","Solomon Islands","6121","Value","210041","Prevalence of undernourishment (percent) (3-year average)","20182020","2018-2020","%","19","E","Estimated value",""
"FS","Suite of Food Security Indicators","090","Solomon Islands","6121","Value","210041","Prevalence of undernourishment (percent) (3-year average)","20192021","2019-2021","%","20.6","E","Estimated value",""
"FS","Suite of Food Security Indicators","090","Solomon Islands","6121","Value","210041","Prevalence of undernourishment (percent) (3-year average)","20202022","2020-2022","%","22","E","Estimated value",""
"FS","Suite of Food Security Indicators","090","Solomon Islands","6121","Value","210041","Prevalence of undernourishment (percent) (3-year average)","20212023","2021-2023","%","22","E","Estimated value",""
"FS","Suite of Food Security Indicators","090","Solomon Islands","6121","Value","210041","Prevalence of undernourishment (percent) (3-year average)","20222024","2022-2024","%","20","E","Estimated value",""
"FS","Suite of Food Security Indicators","706","Somalia","6121","Value","210041","Prevalence of undernourishment (percent) (3-year average)","20002002","2000-2002","%","70","E","Estimated value",""
"FS","Suite of Food Security Indicators","706","Somalia","6121","Value","210041","Prevalence of undernourishment (percent) (3-year average)","20012003","2001-2003","%","69.9","E","Estimated value",""
"FS","Suite of Food Security Indicators","706","Somalia","6121","Value","210041","Prevalence of undernourishment (percent) (3-year average)","20022004","2002-2004","%","69.8","E","Estimated value",""
"FS","Suite of Food Security Indicators","706","Somalia","6121","Value","210041","Prevalence of undernourishment (percent) (3-year average)","20032005","2003-2005","%","69.7","E","Estimated value",""
"FS","Suite of Food Security Indicators","706","Somalia","6121","Value","210041","Prevalence of undernourishment (percent) (3-year average)","20042006","2004-2006","%","69.7","E","Estimated value",""
"FS","Suite of Food Security Indicators","706","Somalia","6121","Value","210041","Prevalence of undernourishment (percent) (3-year average)","20052007","2005-2007","%","69.7","E","Estimated value",""
"FS","Suite of Food Security Indicators","706","Somalia","6121","Value","210041","Prevalence of undernourishment (percent) (3-year average)","20062008","2006-2008","%","69.7","E","Estimated value",""
"FS","Suite of Food Security Indicators","706","Somalia","6121","Value","210041","Prevalence of undernourishment (percent) (3-year average)","20072009","2007-2009","%","69.8","E","Estimated value",""
"FS","Suite of Food Security Indicators","706","Somalia","6121","Value","210041","Prevalence of undernourishment (percent) (3-year average)","20082010","2008-2010","%","71.8","E","Estimated value",""
"FS","Suite of Food Security Indicators","706","Somalia","6121","Value","210041","Prevalence of undernourishment (percent) (3-year average)","20092011","2009-2011","%","72.5","E","Estimated value",""
"FS","Suite of Food Security Indicators","706","Somalia","6121","Value","210041","Prevalence of undernourishment (percent) (3-year average)","20102012","2010-2012","%","71.5","E","Estimated value",""
"FS","Suite of Food Security Indicators","706","Somalia","6121","Value","210041","Prevalence of undernourishment (percent) (3-year average)","20112013","2011-2013","%","67.4","E","Estimated value",""
"FS","Suite of Food Security Indicators","706","Somalia","6121","Value","210041","Prevalence of undernourishment (percent) (3-year average)","20122014","2012-2014","%","63.3","E","Estimated value",""
"FS","Suite of Food Security Indicators","706","Somalia","6121","Value","210041","Prevalence of undernourishment (percent) (3-year average)","20132015","2013-2015","%","61.4","E","Estimated value",""
"FS","Suite of Food Security Indicators","706","Somalia","6121","Value","210041","Prevalence of undernourishment (percent) (3-year average)","20142016","2014-2016","%","60.7","E","Estimated value",""
"FS","Suite of Food Security Indicators","706","Somalia","6121","Value","210041","Prevalence of undernourishment (percent) (3-year average)","20152017","2015-2017","%","60.2","E","Estimated value",""
"FS","Suite of Food Security Indicators","706","Somalia","6121","Value","210041","Prevalence of undernourishment (percent) (3-year average)","20162018","2016-2018","%","59","E","Estimated value",""
"FS","Suite of Food Security Indicators","706","Somalia","6121","Value","210041","Prevalence of undernourishment (percent) (3-year average)","20172019","2017-2019","%","56.2","E","Estimated value",""
"FS","Suite of Food Security Indicators","706","Somalia","6121","Value","210041","Prevalence of undernourishment (percent) (3-year average)","20182020","2018-2020","%","53.9","E","Estimated value",""
"FS","Suite of Food Security Indicators","706","Somalia","6121","Value","210041","Prevalence of undernourishment (percent) (3-year average)","20192021","2019-2021","%","52.1","E","Estimated value",""
"FS","Suite of Food Security Indicators","706","Somalia","6121","Value","210041","Prevalence of undernourishment (percent) (3-year average)","20202022","2020-2022","%","52.1","E","Estimated value",""
"FS","Suite of Food Security Indicators","706","Somalia","6121","Value","210041","Prevalence of undernourishment (percent) (3-year average)","20212023","2021-2023","%","52.8","E","Estimated value",""
"FS","Suite of Food Security Indicators","706","Somalia","6121","Value","210041","Prevalence of undernourishment (percent) (3-year average)","20222024","2022-2024","%","53.2","E","Estimated value",""
"FS","Suite of Food Security Indicators","710","South Africa","6121","Value","210041","Prevalence of undernourishment (percent) (3-year average)","20002002","2000-2002","%","3.6","E","Estimated value",""
"FS","Suite of Food Security Indicators","710","South Africa","6121","Value","210041","Prevalence of undernourishment (percent) (3-year average)","20012003","2001-2003","%","3.5","E","Estimated value",""
"FS","Suite of Food Security Indicators","710","South Africa","6121","Value","210041","Prevalence of undernourishment (percent) (3-year average)","20022004","2002-2004","%","3.4","E","Estimated value",""
"FS","Suite of Food Security Indicators","710","South Africa","6121","Value","210041","Prevalence of undernourishment (percent) (3-year average)","20032005","2003-2005","%","3.3","E","Estimated value",""
"FS","Suite of Food Security Indicators","710","South Africa","6121","Value","210041","Prevalence of undernourishment (percent) (3-year average)","20042006","2004-2006","%","3.3","E","Estimated value",""
"FS","Suite of Food Security Indicators","710","South Africa","6121","Value","210041","Prevalence of undernourishment (percent) (3-year average)","20052007","2005-2007","%","3.4","E","Estimated value",""
"FS","Suite of Food Security Indicators","710","South Africa","6121","Value","210041","Prevalence of undernourishment (percent) (3-year average)","20062008","2006-2008","%","3.5","E","Estimated value",""
"FS","Suite of Food Security Indicators","710","South Africa","6121","Value","210041","Prevalence of undernourishment (percent) (3-year average)","20072009","2007-2009","%","3.5","E","Estimated value",""
"FS","Suite of Food Security Indicators","710","South Africa","6121","Value","210041","Prevalence of undernourishment (percent) (3-year average)","20082010","2008-2010","%","4","E","Estimated value",""
"FS","Suite of Food Security Indicators","710","South Africa","6121","Value","210041","Prevalence of undernourishment (percent) (3-year average)","20092011","2009-2011","%","4.5","E","Estimated value",""
"FS","Suite of Food Security Indicators","710","South Africa","6121","Value","210041","Prevalence of undernourishment (percent) (3-year average)","20102012","2010-2012","%","5","E","Estimated value",""
"FS","Suite of Food Security Indicators","710","South Africa","6121","Value","210041","Prevalence of undernourishment (percent) (3-year average)","20112013","2011-2013","%","5.2","E","Estimated value",""
"FS","Suite of Food Security Indicators","710","South Africa","6121","Value","210041","Prevalence of undernourishment (percent) (3-year average)","20122014","2012-2014","%","5.6","E","Estimated value",""
"FS","Suite of Food Security Indicators","710","South Africa","6121","Value","210041","Prevalence of undernourishment (percent) (3-year average)","20132015","2013-2015","%","6.4","E","Estimated value",""
"FS","Suite of Food Security Indicators","710","South Africa","6121","Value","210041","Prevalence of undernourishment (percent) (3-year average)","20142016","2014-2016","%","6.6","E","Estimated value",""
"FS","Suite of Food Security Indicators","710","South Africa","6121","Value","210041","Prevalence of undernourishment (percent) (3-year average)","20152017","2015-2017","%","6.4","E","Estimated value",""
"FS","Suite of Food Security Indicators","710","South Africa","6121","Value","210041","Prevalence of undernourishment (percent) (3-year average)","20162018","2016-2018","%","6.1","E","Estimated value",""
"FS","Suite of Food Security Indicators","710","South Africa","6121","Value","210041","Prevalence of undernourishment (percent) (3-year average)","20172019","2017-2019","%","6.4","E","Estimated value",""
"FS","Suite of Food Security Indicators","710","South Africa","6121","Value","210041","Prevalence of undernourishment (percent) (3-year average)","20182020","2018-2020","%","7.2","E","Estimated value",""
"FS","Suite of Food Security Indicators","710","South Africa","6121","Value","210041","Prevalence of undernourishment (percent) (3-year average)","20192021","2019-2021","%","8.6","E","Estimated value",""
"FS","Suite of Food Security Indicators","710","South Africa","6121","Value","210041","Prevalence of undernourishment (percent) (3-year average)","20202022","2020-2022","%","9.4","E","Estimated value",""
"FS","Suite of Food Security Indicators","710","South Africa","6121","Value","210041","Prevalence of undernourishment (percent) (3-year average)","20212023","2021-2023","%","10","E","Estimated value",""
"FS","Suite of Food Security Indicators","710","South Africa","6121","Value","210041","Prevalence of undernourishment (percent) (3-year average)","20222024","2022-2024","%","10","E","Estimated value",""
"FS","Suite of Food Security Indicators","728","South Sudan","6121","Value","210041","Prevalence of undernourishment (percent) (3-year average)","20002002","2000-2002","%","","O","Missing value",""
"FS","Suite of Food Security Indicators","728","South Sudan","6121","Value","210041","Prevalence of undernourishment (percent) (3-year average)","20012003","2001-2003","%","","O","Missing value",""
"FS","Suite of Food Security Indicators","728","South Sudan","6121","Value","210041","Prevalence of undernourishment (percent) (3-year average)","20022004","2002-2004","%","","O","Missing value",""
"FS","Suite of Food Security Indicators","728","South Sudan","6121","Value","210041","Prevalence of undernourishment (percent) (3-year average)","20032005","2003-2005","%","","O","Missing value",""
"FS","Suite of Food Security Indicators","728","South Sudan","6121","Value","210041","Prevalence of undernourishment (percent) (3-year average)","20042006","2004-2006","%","","O","Missing value",""
"FS","Suite of Food Security Indicators","728","South Sudan","6121","Value","210041","Prevalence of undernourishment (percent) (3-year average)","20052007","2005-2007","%","","O","Missing value",""
"FS","Suite of Food Security Indicators","728","South Sudan","6121","Value","210041","Prevalence of undernourishment (percent) (3-year average)","20062008","2006-2008","%","","O","Missing value",""
"FS","Suite of Food Security Indicators","728","South Sudan","6121","Value","210041","Prevalence of undernourishment (percent) (3-year average)","20072009","2007-2009","%","","O","Missing value",""
"FS","Suite of Food Security Indicators","728","South Sudan","6121","Value","210041","Prevalence of undernourishment (percent) (3-year average)","20082010","2008-2010","%","","O","Missing value",""
"FS","Suite of Food Security Indicators","728","South Sudan","6121","Value","210041","Prevalence of undernourishment (percent) (3-year average)","20092011","2009-2011","%","","O","Missing value",""
"FS","Suite of Food Security Indicators","728","South Sudan","6121","Value","210041","Prevalence of undernourishment (percent) (3-year average)","20102012","2010-2012","%","","O","Missing value",""
"FS","Suite of Food Security Indicators","728","South Sudan","6121","Value","210041","Prevalence of undernourishment (percent) (3-year average)","20112013","2011-2013","%","","O","Missing value",""
"FS","Suite of Food Security Indicators","728","South Sudan","6121","Value","210041","Prevalence of undernourishment (percent) (3-year average)","20122014","2012-2014","%","","O","Missing value",""
"FS","Suite of Food Security Indicators","728","South Sudan","6121","Value","210041","Prevalence of undernourishment (percent) (3-year average)","20132015","2013-2015","%","","O","Missing value",""
"FS","Suite of Food Security Indicators","728","South Sudan","6121","Value","210041","Prevalence of undernourishment (percent) (3-year average)","20142016","2014-2016","%","","O","Missing value",""
"FS","Suite of Food Security Indicators","728","South Sudan","6121","Value","210041","Prevalence of undernourishment (percent) (3-year average)","20152017","2015-2017","%","","O","Missing value",""
"FS","Suite of Food Security Indicators","728","South Sudan","6121","Value","210041","Prevalence of undernourishment (percent) (3-year average)","20162018","2016-2018","%","","O","Missing value",""
"FS","Suite of Food Security Indicators","728","South Sudan","6121","Value","210041","Prevalence of undernourishment (percent) (3-year average)","20172019","2017-2019","%","","O","Missing value",""
"FS","Suite of Food Security Indicators","728","South Sudan","6121","Value","210041","Prevalence of undernourishment (percent) (3-year average)","20182020","2018-2020","%","","O","Missing value",""
"FS","Suite of Food Security Indicators","728","South Sudan","6121","Value","210041","Prevalence of undernourishment (percent) (3-year average)","20192021","2019-2021","%","21.8","E","Estimated value",""
"FS","Suite of Food Security Indicators","728","South Sudan","6121","Value","210041","Prevalence of undernourishment (percent) (3-year average)","20202022","2020-2022","%","21.4","E","Estimated value",""
"FS","Suite of Food Security Indicators","728","South Sudan","6121","Value","210041","Prevalence of undernourishment (percent) (3-year average)","20212023","2021-2023","%","21","E","Estimated value",""
"FS","Suite of Food Security Indicators","728","South Sudan","6121","Value","210041","Prevalence of undernourishment (percent) (3-year average)","20222024","2022-2024","%","22.3","E","Estimated value",""
"FS","Suite of Food Security Indicators","724","Spain","6121","Value","210041","Prevalence of undernourishment (percent) (3-year average)","20002002","2000-2002","%","<2.5","E","Estimated value",""
"FS","Suite of Food Security Indicators","724","Spain","6121","Value","210041","Prevalence of undernourishment (percent) (3-year average)","20012003","2001-2003","%","<2.5","E","Estimated value",""
"FS","Suite of Food Security Indicators","724","Spain","6121","Value","210041","Prevalence of undernourishment (percent) (3-year average)","20022004","2002-2004","%","<2.5","E","Estimated value",""
"FS","Suite of Food Security Indicators","724","Spain","6121","Value","210041","Prevalence of undernourishment (percent) (3-year average)","20032005","2003-2005","%","<2.5","E","Estimated value",""
"FS","Suite of Food Security Indicators","724","Spain","6121","Value","210041","Prevalence of undernourishment (percent) (3-year average)","20042006","2004-2006","%","<2.5","E","Estimated value",""
"FS","Suite of Food Security Indicators","724","Spain","6121","Value","210041","Prevalence of undernourishment (percent) (3-year average)","20052007","2005-2007","%","<2.5","E","Estimated value",""
"FS","Suite of Food Security Indicators","724","Spain","6121","Value","210041","Prevalence of undernourishment (percent) (3-year average)","20062008","2006-2008","%","<2.5","E","Estimated value",""
"FS","Suite of Food Security Indicators","724","Spain","6121","Value","210041","Prevalence of undernourishment (percent) (3-year average)","20072009","2007-2009","%","<2.5","E","Estimated value",""
"FS","Suite of Food Security Indicators","724","Spain","6121","Value","210041","Prevalence of undernourishment (percent) (3-year average)","20082010","2008-2010","%","<2.5","E","Estimated value",""
"FS","Suite of Food Security Indicators","724","Spain","6121","Value","210041","Prevalence of undernourishment (percent) (3-year average)","20092011","2009-2011","%","<2.5","E","Estimated value",""
"FS","Suite of Food Security Indicators","724","Spain","6121","Value","210041","Prevalence of undernourishment (percent) (3-year average)","20102012","2010-2012","%","<2.5","E","Estimated value",""
"FS","Suite of Food Security Indicators","724","Spain","6121","Value","210041","Prevalence of undernourishment (percent) (3-year average)","20112013","2011-2013","%","<2.5","E","Estimated value",""
"FS","Suite of Food Security Indicators","724","Spain","6121","Value","210041","Prevalence of undernourishment (percent) (3-year average)","20122014","2012-2014","%","<2.5","E","Estimated value",""
"FS","Suite of Food Security Indicators","724","Spain","6121","Value","210041","Prevalence of undernourishment (percent) (3-year average)","20132015","2013-2015","%","<2.5","E","Estimated value",""
"FS","Suite of Food Security Indicators","724","Spain","6121","Value","210041","Prevalence of undernourishment (percent) (3-year average)","20142016","2014-2016","%","<2.5","E","Estimated value",""
"FS","Suite of Food Security Indicators","724","Spain","6121","Value","210041","Prevalence of undernourishment (percent) (3-year average)","20152017","2015-2017","%","<2.5","E","Estimated value",""
"FS","Suite of Food Security Indicators","724","Spain","6121","Value","210041","Prevalence of undernourishment (percent) (3-year average)","20162018","2016-2018","%","<2.5","E","Estimated value",""
"FS","Suite of Food Security Indicators","724","Spain","6121","Value","210041","Prevalence of undernourishment (percent) (3-year average)","20172019","2017-2019","%","<2.5","E","Estimated value",""
"FS","Suite of Food Security Indicators","724","Spain","6121","Value","210041","Prevalence of undernourishment (percent) (3-year average)","20182020","2018-2020","%","<2.5","E","Estimated value",""
"FS","Suite of Food Security Indicators","724","Spain","6121","Value","210041","Prevalence of undernourishment (percent) (3-year average)","20192021","2019-2021","%","<2.5","E","Estimated value",""
"FS","Suite of Food Security Indicators","724","Spain","6121","Value","210041","Prevalence of undernourishment (percent) (3-year average)","20202022","2020-2022","%","<2.5","E","Estimated value",""
"FS","Suite of Food Security Indicators","724","Spain","6121","Value","210041","Prevalence of undernourishment (percent) (3-year average)","20212023","2021-2023","%","<2.5","E","Estimated value",""
"FS","Suite of Food Security Indicators","724","Spain","6121","Value","210041","Prevalence of undernourishment (percent) (3-year average)","20222024","2022-2024","%","<2.5","E","Estimated value",""
"FS","Suite of Food Security Indicators","144","Sri Lanka","6121","Value","210041","Prevalence of undernourishment (percent) (3-year average)","20002002","2000-2002","%","16.8","E","Estimated value",""
"FS","Suite of Food Security Indicators","144","Sri Lanka","6121","Value","210041","Prevalence of undernourishment (percent) (3-year average)","20012003","2001-2003","%","16.1","E","Estimated value",""
"FS","Suite of Food Security Indicators","144","Sri Lanka","6121","Value","210041","Prevalence of undernourishment (percent) (3-year average)","20022004","2002-2004","%","15.9","E","Estimated value",""
"FS","Suite of Food Security Indicators","144","Sri Lanka","6121","Value","210041","Prevalence of undernourishment (percent) (3-year average)","20032005","2003-2005","%","15.2","E","Estimated value",""
"FS","Suite of Food Security Indicators","144","Sri Lanka","6121","Value","210041","Prevalence of undernourishment (percent) (3-year average)","20042006","2004-2006","%","14.2","E","Estimated value",""
"FS","Suite of Food Security Indicators","144","Sri Lanka","6121","Value","210041","Prevalence of undernourishment (percent) (3-year average)","20052007","2005-2007","%","13.5","E","Estimated value",""
"FS","Suite of Food Security Indicators","144","Sri Lanka","6121","Value","210041","Prevalence of undernourishment (percent) (3-year average)","20062008","2006-2008","%","12.1","E","Estimated value",""
"FS","Suite of Food Security Indicators","144","Sri Lanka","6121","Value","210041","Prevalence of undernourishment (percent) (3-year average)","20072009","2007-2009","%","11.1","E","Estimated value",""
"FS","Suite of Food Security Indicators","144","Sri Lanka","6121","Value","210041","Prevalence of undernourishment (percent) (3-year average)","20082010","2008-2010","%","10.6","E","Estimated value",""
"FS","Suite of Food Security Indicators","144","Sri Lanka","6121","Value","210041","Prevalence of undernourishment (percent) (3-year average)","20092011","2009-2011","%","11","E","Estimated value",""
"FS","Suite of Food Security Indicators","144","Sri Lanka","6121","Value","210041","Prevalence of undernourishment (percent) (3-year average)","20102012","2010-2012","%","10.8","E","Estimated value",""
"FS","Suite of Food Security Indicators","144","Sri Lanka","6121","Value","210041","Prevalence of undernourishment (percent) (3-year average)","20112013","2011-2013","%","10","E","Estimated value",""
"FS","Suite of Food Security Indicators","144","Sri Lanka","6121","Value","210041","Prevalence of undernourishment (percent) (3-year average)","20122014","2012-2014","%","8.8","E","Estimated value",""
"FS","Suite of Food Security Indicators","144","Sri Lanka","6121","Value","210041","Prevalence of undernourishment (percent) (3-year average)","20132015","2013-2015","%","6.1","E","Estimated value",""
"FS","Suite of Food Security Indicators","144","Sri Lanka","6121","Value","210041","Prevalence of undernourishment (percent) (3-year average)","20142016","2014-2016","%","4.5","E","Estimated value",""
"FS","Suite of Food Security Indicators","144","Sri Lanka","6121","Value","210041","Prevalence of undernourishment (percent) (3-year average)","20152017","2015-2017","%","4.1","E","Estimated value",""
"FS","Suite of Food Security Indicators","144","Sri Lanka","6121","Value","210041","Prevalence of undernourishment (percent) (3-year average)","20162018","2016-2018","%","5","E","Estimated value",""
"FS","Suite of Food Security Indicators","144","Sri Lanka","6121","Value","210041","Prevalence of undernourishment (percent) (3-year average)","20172019","2017-2019","%","5.3","E","Estimated value",""
"FS","Suite of Food Security Indicators","144","Sri Lanka","6121","Value","210041","Prevalence of undernourishment (percent) (3-year average)","20182020","2018-2020","%","3.8","E","Estimated value",""
"FS","Suite of Food Security Indicators","144","Sri Lanka","6121","Value","210041","Prevalence of undernourishment (percent) (3-year average)","20192021","2019-2021","%","3.3","E","Estimated value",""
"FS","Suite of Food Security Indicators","144","Sri Lanka","6121","Value","210041","Prevalence of undernourishment (percent) (3-year average)","20202022","2020-2022","%","4.6","E","Estimated value",""
"FS","Suite of Food Security Indicators","144","Sri Lanka","6121","Value","210041","Prevalence of undernourishment (percent) (3-year average)","20212023","2021-2023","%","6.1","E","Estimated value",""
"FS","Suite of Food Security Indicators","144","Sri Lanka","6121","Value","210041","Prevalence of undernourishment (percent) (3-year average)","20222024","2022-2024","%","7.4","E","Estimated value",""
"FS","Suite of Food Security Indicators","729","Sudan","6121","Value","210041","Prevalence of undernourishment (percent) (3-year average)","20002002","2000-2002","%","","O","Missing value",""
"FS","Suite of Food Security Indicators","729","Sudan","6121","Value","210041","Prevalence of undernourishment (percent) (3-year average)","20012003","2001-2003","%","","O","Missing value",""
"FS","Suite of Food Security Indicators","729","Sudan","6121","Value","210041","Prevalence of undernourishment (percent) (3-year average)","20022004","2002-2004","%","","O","Missing value",""
"FS","Suite of Food Security Indicators","729","Sudan","6121","Value","210041","Prevalence of undernourishment (percent) (3-year average)","20032005","2003-2005","%","","O","Missing value",""
"FS","Suite of Food Security Indicators","729","Sudan","6121","Value","210041","Prevalence of undernourishment (percent) (3-year average)","20042006","2004-2006","%","","O","Missing value",""
"FS","Suite of Food Security Indicators","729","Sudan","6121","Value","210041","Prevalence of undernourishment (percent) (3-year average)","20052007","2005-2007","%","","O","Missing value",""
"FS","Suite of Food Security Indicators","729","Sudan","6121","Value","210041","Prevalence of undernourishment (percent) (3-year average)","20062008","2006-2008","%","","O","Missing value",""
"FS","Suite of Food Security Indicators","729","Sudan","6121","Value","210041","Prevalence of undernourishment (percent) (3-year average)","20072009","2007-2009","%","","O","Missing value",""
"FS","Suite of Food Security Indicators","729","Sudan","6121","Value","210041","Prevalence of undernourishment (percent) (3-year average)","20082010","2008-2010","%","","O","Missing value",""
"FS","Suite of Food Security Indicators","729","Sudan","6121","Value","210041","Prevalence of undernourishment (percent) (3-year average)","20092011","2009-2011","%","","O","Missing value",""
"FS","Suite of Food Security Indicators","729","Sudan","6121","Value","210041","Prevalence of undernourishment (percent) (3-year average)","20102012","2010-2012","%","","O","Missing value",""
"FS","Suite of Food Security Indicators","729","Sudan","6121","Value","210041","Prevalence of undernourishment (percent) (3-year average)","20112013","2011-2013","%","","O","Missing value",""
"FS","Suite of Food Security Indicators","729","Sudan","6121","Value","210041","Prevalence of undernourishment (percent) (3-year average)","20122014","2012-2014","%","8.7","E","Estimated value",""
"FS","Suite of Food Security Indicators","729","Sudan","6121","Value","210041","Prevalence of undernourishment (percent) (3-year average)","20132015","2013-2015","%","8.4","E","Estimated value",""
"FS","Suite of Food Security Indicators","729","Sudan","6121","Value","210041","Prevalence of undernourishment (percent) (3-year average)","20142016","2014-2016","%","8.9","E","Estimated value",""
"FS","Suite of Food Security Indicators","729","Sudan","6121","Value","210041","Prevalence of undernourishment (percent) (3-year average)","20152017","2015-2017","%","9.8","E","Estimated value",""
"FS","Suite of Food Security Indicators","729","Sudan","6121","Value","210041","Prevalence of undernourishment (percent) (3-year average)","20162018","2016-2018","%","10.3","E","Estimated value",""
"FS","Suite of Food Security Indicators","729","Sudan","6121","Value","210041","Prevalence of undernourishment (percent) (3-year average)","20172019","2017-2019","%","10.8","E","Estimated value",""
"FS","Suite of Food Security Indicators","729","Sudan","6121","Value","210041","Prevalence of undernourishment (percent) (3-year average)","20182020","2018-2020","%","10.8","E","Estimated value",""
"FS","Suite of Food Security Indicators","729","Sudan","6121","Value","210041","Prevalence of undernourishment (percent) (3-year average)","20192021","2019-2021","%","11.1","E","Estimated value",""
"FS","Suite of Food Security Indicators","729","Sudan","6121","Value","210041","Prevalence of undernourishment (percent) (3-year average)","20202022","2020-2022","%","11","E","Estimated value",""
"FS","Suite of Food Security Indicators","729","Sudan","6121","Value","210041","Prevalence of undernourishment (percent) (3-year average)","20212023","2021-2023","%","","O","Missing value",""
"FS","Suite of Food Security Indicators","729","Sudan","6121","Value","210041","Prevalence of undernourishment (percent) (3-year average)","20222024","2022-2024","%","","O","Missing value",""
"FS","Suite of Food Security Indicators","740","Suriname","6121","Value","210041","Prevalence of undernourishment (percent) (3-year average)","20002002","2000-2002","%","11.5","E","Estimated value",""
"FS","Suite of Food Security Indicators","740","Suriname","6121","Value","210041","Prevalence of undernourishment (percent) (3-year average)","20012003","2001-2003","%","10.9","E","Estimated value",""
"FS","Suite of Food Security Indicators","740","Suriname","6121","Value","210041","Prevalence of undernourishment (percent) (3-year average)","20022004","2002-2004","%","10.1","E","Estimated value",""
"FS","Suite of Food Security Indicators","740","Suriname","6121","Value","210041","Prevalence of undernourishment (percent) (3-year average)","20032005","2003-2005","%","9.4","E","Estimated value",""
"FS","Suite of Food Security Indicators","740","Suriname","6121","Value","210041","Prevalence of undernourishment (percent) (3-year average)","20042006","2004-2006","%","8.8","E","Estimated value",""
"FS","Suite of Food Security Indicators","740","Suriname","6121","Value","210041","Prevalence of undernourishment (percent) (3-year average)","20052007","2005-2007","%","8","E","Estimated value",""
"FS","Suite of Food Security Indicators","740","Suriname","6121","Value","210041","Prevalence of undernourishment (percent) (3-year average)","20062008","2006-2008","%","7.9","E","Estimated value",""
"FS","Suite of Food Security Indicators","740","Suriname","6121","Value","210041","Prevalence of undernourishment (percent) (3-year average)","20072009","2007-2009","%","7.3","E","Estimated value",""
"FS","Suite of Food Security Indicators","740","Suriname","6121","Value","210041","Prevalence of undernourishment (percent) (3-year average)","20082010","2008-2010","%","7.4","E","Estimated value",""
"FS","Suite of Food Security Indicators","740","Suriname","6121","Value","210041","Prevalence of undernourishment (percent) (3-year average)","20092011","2009-2011","%","7.6","E","Estimated value",""
"FS","Suite of Food Security Indicators","740","Suriname","6121","Value","210041","Prevalence of undernourishment (percent) (3-year average)","20102012","2010-2012","%","8.2","E","Estimated value",""
"FS","Suite of Food Security Indicators","740","Suriname","6121","Value","210041","Prevalence of undernourishment (percent) (3-year average)","20112013","2011-2013","%","8.2","E","Estimated value",""
"FS","Suite of Food Security Indicators","740","Suriname","6121","Value","210041","Prevalence of undernourishment (percent) (3-year average)","20122014","2012-2014","%","7.8","E","Estimated value",""
"FS","Suite of Food Security Indicators","740","Suriname","6121","Value","210041","Prevalence of undernourishment (percent) (3-year average)","20132015","2013-2015","%","8","E","Estimated value",""
"FS","Suite of Food Security Indicators","740","Suriname","6121","Value","210041","Prevalence of undernourishment (percent) (3-year average)","20142016","2014-2016","%","8.6","E","Estimated value",""
"FS","Suite of Food Security Indicators","740","Suriname","6121","Value","210041","Prevalence of undernourishment (percent) (3-year average)","20152017","2015-2017","%","9.3","E","Estimated value",""
"FS","Suite of Food Security Indicators","740","Suriname","6121","Value","210041","Prevalence of undernourishment (percent) (3-year average)","20162018","2016-2018","%","9.3","E","Estimated value",""
"FS","Suite of Food Security Indicators","740","Suriname","6121","Value","210041","Prevalence of undernourishment (percent) (3-year average)","20172019","2017-2019","%","9","E","Estimated value",""
"FS","Suite of Food Security Indicators","740","Suriname","6121","Value","210041","Prevalence of undernourishment (percent) (3-year average)","20182020","2018-2020","%","8.7","E","Estimated value",""
"FS","Suite of Food Security Indicators","740","Suriname","6121","Value","210041","Prevalence of undernourishment (percent) (3-year average)","20192021","2019-2021","%","9","E","Estimated value",""
"FS","Suite of Food Security Indicators","740","Suriname","6121","Value","210041","Prevalence of undernourishment (percent) (3-year average)","20202022","2020-2022","%","9.3","E","Estimated value",""
"FS","Suite of Food Security Indicators","740","Suriname","6121","Value","210041","Prevalence of undernourishment (percent) (3-year average)","20212023","2021-2023","%","9.9","E","Estimated value",""
"FS","Suite of Food Security Indicators","740","Suriname","6121","Value","210041","Prevalence of undernourishment (percent) (3-year average)","20222024","2022-2024","%","9.7","E","Estimated value",""
"FS","Suite of Food Security Indicators","752","Sweden","6121","Value","210041","Prevalence of undernourishment (percent) (3-year average)","20002002","2000-2002","%","<2.5","E","Estimated value",""
"FS","Suite of Food Security Indicators","752","Sweden","6121","Value","210041","Prevalence of undernourishment (percent) (3-year average)","20012003","2001-2003","%","<2.5","E","Estimated value",""
"FS","Suite of Food Security Indicators","752","Sweden","6121","Value","210041","Prevalence of undernourishment (percent) (3-year average)","20022004","2002-2004","%","<2.5","E","Estimated value",""
"FS","Suite of Food Security Indicators","752","Sweden","6121","Value","210041","Prevalence of undernourishment (percent) (3-year average)","20032005","2003-2005","%","<2.5","E","Estimated value",""
"FS","Suite of Food Security Indicators","752","Sweden","6121","Value","210041","Prevalence of undernourishment (percent) (3-year average)","20042006","2004-2006","%","<2.5","E","Estimated value",""
"FS","Suite of Food Security Indicators","752","Sweden","6121","Value","210041","Prevalence of undernourishment (percent) (3-year average)","20052007","2005-2007","%","<2.5","E","Estimated value",""
"FS","Suite of Food Security Indicators","752","Sweden","6121","Value","210041","Prevalence of undernourishment (percent) (3-year average)","20062008","2006-2008","%","<2.5","E","Estimated value",""
"FS","Suite of Food Security Indicators","752","Sweden","6121","Value","210041","Prevalence of undernourishment (percent) (3-year average)","20072009","2007-2009","%","<2.5","E","Estimated value",""
"FS","Suite of Food Security Indicators","752","Sweden","6121","Value","210041","Prevalence of undernourishment (percent) (3-year average)","20082010","2008-2010","%","<2.5","E","Estimated value",""
"FS","Suite of Food Security Indicators","752","Sweden","6121","Value","210041","Prevalence of undernourishment (percent) (3-year average)","20092011","2009-2011","%","<2.5","E","Estimated value",""
"FS","Suite of Food Security Indicators","752","Sweden","6121","Value","210041","Prevalence of undernourishment (percent) (3-year average)","20102012","2010-2012","%","<2.5","E","Estimated value",""
"FS","Suite of Food Security Indicators","752","Sweden","6121","Value","210041","Prevalence of undernourishment (percent) (3-year average)","20112013","2011-2013","%","<2.5","E","Estimated value",""
"FS","Suite of Food Security Indicators","752","Sweden","6121","Value","210041","Prevalence of undernourishment (percent) (3-year average)","20122014","2012-2014","%","<2.5","E","Estimated value",""
"FS","Suite of Food Security Indicators","752","Sweden","6121","Value","210041","Prevalence of undernourishment (percent) (3-year average)","20132015","2013-2015","%","<2.5","E","Estimated value",""
"FS","Suite of Food Security Indicators","752","Sweden","6121","Value","210041","Prevalence of undernourishment (percent) (3-year average)","20142016","2014-2016","%","<2.5","E","Estimated value",""
"FS","Suite of Food Security Indicators","752","Sweden","6121","Value","210041","Prevalence of undernourishment (percent) (3-year average)","20152017","2015-2017","%","<2.5","E","Estimated value",""
"FS","Suite of Food Security Indicators","752","Sweden","6121","Value","210041","Prevalence of undernourishment (percent) (3-year average)","20162018","2016-2018","%","<2.5","E","Estimated value",""
"FS","Suite of Food Security Indicators","752","Sweden","6121","Value","210041","Prevalence of undernourishment (percent) (3-year average)","20172019","2017-2019","%","<2.5","E","Estimated value",""
"FS","Suite of Food Security Indicators","752","Sweden","6121","Value","210041","Prevalence of undernourishment (percent) (3-year average)","20182020","2018-2020","%","<2.5","E","Estimated value",""
"FS","Suite of Food Security Indicators","752","Sweden","6121","Value","210041","Prevalence of undernourishment (percent) (3-year average)","20192021","2019-2021","%","<2.5","E","Estimated value",""
"FS","Suite of Food Security Indicators","752","Sweden","6121","Value","210041","Prevalence of undernourishment (percent) (3-year average)","20202022","2020-2022","%","<2.5","E","Estimated value",""
"FS","Suite of Food Security Indicators","752","Sweden","6121","Value","210041","Prevalence of undernourishment (percent) (3-year average)","20212023","2021-2023","%","<2.5","E","Estimated value",""
"FS","Suite of Food Security Indicators","752","Sweden","6121","Value","210041","Prevalence of undernourishment (percent) (3-year average)","20222024","2022-2024","%","<2.5","E","Estimated value",""
"FS","Suite of Food Security Indicators","756","Switzerland","6121","Value","210041","Prevalence of undernourishment (percent) (3-year average)","20002002","2000-2002","%","<2.5","E","Estimated value",""
"FS","Suite of Food Security Indicators","756","Switzerland","6121","Value","210041","Prevalence of undernourishment (percent) (3-year average)","20012003","2001-2003","%","<2.5","E","Estimated value",""
"FS","Suite of Food Security Indicators","756","Switzerland","6121","Value","210041","Prevalence of undernourishment (percent) (3-year average)","20022004","2002-2004","%","<2.5","E","Estimated value",""
"FS","Suite of Food Security Indicators","756","Switzerland","6121","Value","210041","Prevalence of undernourishment (percent) (3-year average)","20032005","2003-2005","%","<2.5","E","Estimated value",""
"FS","Suite of Food Security Indicators","756","Switzerland","6121","Value","210041","Prevalence of undernourishment (percent) (3-year average)","20042006","2004-2006","%","<2.5","E","Estimated value",""
"FS","Suite of Food Security Indicators","756","Switzerland","6121","Value","210041","Prevalence of undernourishment (percent) (3-year average)","20052007","2005-2007","%","<2.5","E","Estimated value",""
"FS","Suite of Food Security Indicators","756","Switzerland","6121","Value","210041","Prevalence of undernourishment (percent) (3-year average)","20062008","2006-2008","%","<2.5","E","Estimated value",""
"FS","Suite of Food Security Indicators","756","Switzerland","6121","Value","210041","Prevalence of undernourishment (percent) (3-year average)","20072009","2007-2009","%","<2.5","E","Estimated value",""
"FS","Suite of Food Security Indicators","756","Switzerland","6121","Value","210041","Prevalence of undernourishment (percent) (3-year average)","20082010","2008-2010","%","<2.5","E","Estimated value",""
"FS","Suite of Food Security Indicators","756","Switzerland","6121","Value","210041","Prevalence of undernourishment (percent) (3-year average)","20092011","2009-2011","%","<2.5","E","Estimated value",""
"FS","Suite of Food Security Indicators","756","Switzerland","6121","Value","210041","Prevalence of undernourishment (percent) (3-year average)","20102012","2010-2012","%","<2.5","E","Estimated value",""
"FS","Suite of Food Security Indicators","756","Switzerland","6121","Value","210041","Prevalence of undernourishment (percent) (3-year average)","20112013","2011-2013","%","<2.5","E","Estimated value",""
"FS","Suite of Food Security Indicators","756","Switzerland","6121","Value","210041","Prevalence of undernourishment (percent) (3-year average)","20122014","2012-2014","%","<2.5","E","Estimated value",""
"FS","Suite of Food Security Indicators","756","Switzerland","6121","Value","210041","Prevalence of undernourishment (percent) (3-year average)","20132015","2013-2015","%","<2.5","E","Estimated value",""
"FS","Suite of Food Security Indicators","756","Switzerland","6121","Value","210041","Prevalence of undernourishment (percent) (3-year average)","20142016","2014-2016","%","<2.5","E","Estimated value",""
"FS","Suite of Food Security Indicators","756","Switzerland","6121","Value","210041","Prevalence of undernourishment (percent) (3-year average)","20152017","2015-2017","%","<2.5","E","Estimated value",""
"FS","Suite of Food Security Indicators","756","Switzerland","6121","Value","210041","Prevalence of undernourishment (percent) (3-year average)","20162018","2016-2018","%","<2.5","E","Estimated value",""
"FS","Suite of Food Security Indicators","756","Switzerland","6121","Value","210041","Prevalence of undernourishment (percent) (3-year average)","20172019","2017-2019","%","<2.5","E","Estimated value",""
"FS","Suite of Food Security Indicators","756","Switzerland","6121","Value","210041","Prevalence of undernourishment (percent) (3-year average)","20182020","2018-2020","%","<2.5","E","Estimated value",""
"FS","Suite of Food Security Indicators","756","Switzerland","6121","Value","210041","Prevalence of undernourishment (percent) (3-year average)","20192021","2019-2021","%","<2.5","E","Estimated value",""
"FS","Suite of Food Security Indicators","756","Switzerland","6121","Value","210041","Prevalence of undernourishment (percent) (3-year average)","20202022","2020-2022","%","<2.5","E","Estimated value",""
"FS","Suite of Food Security Indicators","756","Switzerland","6121","Value","210041","Prevalence of undernourishment (percent) (3-year average)","20212023","2021-2023","%","<2.5","E","Estimated value",""
"FS","Suite of Food Security Indicators","756","Switzerland","6121","Value","210041","Prevalence of undernourishment (percent) (3-year average)","20222024","2022-2024","%","<2.5","E","Estimated value",""
"FS","Suite of Food Security Indicators","760","Syrian Arab Republic","6121","Value","210041","Prevalence of undernourishment (percent) (3-year average)","20002002","2000-2002","%","7.5","E","Estimated value",""
"FS","Suite of Food Security Indicators","760","Syrian Arab Republic","6121","Value","210041","Prevalence of undernourishment (percent) (3-year average)","20012003","2001-2003","%","7.1","E","Estimated value",""
"FS","Suite of Food Security Indicators","760","Syrian Arab Republic","6121","Value","210041","Prevalence of undernourishment (percent) (3-year average)","20022004","2002-2004","%","6.8","E","Estimated value",""
"FS","Suite of Food Security Indicators","760","Syrian Arab Republic","6121","Value","210041","Prevalence of undernourishment (percent) (3-year average)","20032005","2003-2005","%","6.5","E","Estimated value",""
"FS","Suite of Food Security Indicators","760","Syrian Arab Republic","6121","Value","210041","Prevalence of undernourishment (percent) (3-year average)","20042006","2004-2006","%","6.2","E","Estimated value",""
"FS","Suite of Food Security Indicators","760","Syrian Arab Republic","6121","Value","210041","Prevalence of undernourishment (percent) (3-year average)","20052007","2005-2007","%","6","E","Estimated value",""
"FS","Suite of Food Security Indicators","760","Syrian Arab Republic","6121","Value","210041","Prevalence of undernourishment (percent) (3-year average)","20062008","2006-2008","%","5.9","E","Estimated value",""
"FS","Suite of Food Security Indicators","760","Syrian Arab Republic","6121","Value","210041","Prevalence of undernourishment (percent) (3-year average)","20072009","2007-2009","%","5.6","E","Estimated value",""
"FS","Suite of Food Security Indicators","760","Syrian Arab Republic","6121","Value","210041","Prevalence of undernourishment (percent) (3-year average)","20082010","2008-2010","%","5.4","E","Estimated value",""
"FS","Suite of Food Security Indicators","760","Syrian Arab Republic","6121","Value","210041","Prevalence of undernourishment (percent) (3-year average)","20092011","2009-2011","%","5.5","E","Estimated value",""
"FS","Suite of Food Security Indicators","760","Syrian Arab Republic","6121","Value","210041","Prevalence of undernourishment (percent) (3-year average)","20102012","2010-2012","%","6.3","E","Estimated value",""
"FS","Suite of Food Security Indicators","760","Syrian Arab Republic","6121","Value","210041","Prevalence of undernourishment (percent) (3-year average)","20112013","2011-2013","%","7.5","E","Estimated value",""
"FS","Suite of Food Security Indicators","760","Syrian Arab Republic","6121","Value","210041","Prevalence of undernourishment (percent) (3-year average)","20122014","2012-2014","%","8.7","E","Estimated value",""
"FS","Suite of Food Security Indicators","760","Syrian Arab Republic","6121","Value","210041","Prevalence of undernourishment (percent) (3-year average)","20132015","2013-2015","%","9.7","E","Estimated value",""
"FS","Suite of Food Security Indicators","760","Syrian Arab Republic","6121","Value","210041","Prevalence of undernourishment (percent) (3-year average)","20142016","2014-2016","%","11.5","E","Estimated value",""
"FS","Suite of Food Security Indicators","760","Syrian Arab Republic","6121","Value","210041","Prevalence of undernourishment (percent) (3-year average)","20152017","2015-2017","%","14.2","E","Estimated value",""
"FS","Suite of Food Security Indicators","760","Syrian Arab Republic","6121","Value","210041","Prevalence of undernourishment (percent) (3-year average)","20162018","2016-2018","%","18.5","E","Estimated value",""
"FS","Suite of Food Security Indicators","760","Syrian Arab Republic","6121","Value","210041","Prevalence of undernourishment (percent) (3-year average)","20172019","2017-2019","%","22.8","E","Estimated value",""
"FS","Suite of Food Security Indicators","760","Syrian Arab Republic","6121","Value","210041","Prevalence of undernourishment (percent) (3-year average)","20182020","2018-2020","%","27.4","E","Estimated value",""
"FS","Suite of Food Security Indicators","760","Syrian Arab Republic","6121","Value","210041","Prevalence of undernourishment (percent) (3-year average)","20192021","2019-2021","%","30.6","E","Estimated value",""
"FS","Suite of Food Security Indicators","760","Syrian Arab Republic","6121","Value","210041","Prevalence of undernourishment (percent) (3-year average)","20202022","2020-2022","%","33.2","E","Estimated value",""
"FS","Suite of Food Security Indicators","760","Syrian Arab Republic","6121","Value","210041","Prevalence of undernourishment (percent) (3-year average)","20212023","2021-2023","%","35.9","E","Estimated value",""
"FS","Suite of Food Security Indicators","760","Syrian Arab Republic","6121","Value","210041","Prevalence of undernourishment (percent) (3-year average)","20222024","2022-2024","%","39","E","Estimated value",""
"FS","Suite of Food Security Indicators","762","Tajikistan","6121","Value","210041","Prevalence of undernourishment (percent) (3-year average)","20002002","2000-2002","%","40","E","Estimated value",""
"FS","Suite of Food Security Indicators","762","Tajikistan","6121","Value","210041","Prevalence of undernourishment (percent) (3-year average)","20012003","2001-2003","%","41.3","E","Estimated value",""
"FS","Suite of Food Security Indicators","762","Tajikistan","6121","Value","210041","Prevalence of undernourishment (percent) (3-year average)","20022004","2002-2004","%","41.7","E","Estimated value",""
"FS","Suite of Food Security Indicators","762","Tajikistan","6121","Value","210041","Prevalence of undernourishment (percent) (3-year average)","20032005","2003-2005","%","40.3","E","Estimated value",""
"FS","Suite of Food Security Indicators","762","Tajikistan","6121","Value","210041","Prevalence of undernourishment (percent) (3-year average)","20042006","2004-2006","%","38.1","E","Estimated value",""
"FS","Suite of Food Security Indicators","762","Tajikistan","6121","Value","210041","Prevalence of undernourishment (percent) (3-year average)","20052007","2005-2007","%","35.1","E","Estimated value",""
"FS","Suite of Food Security Indicators","762","Tajikistan","6121","Value","210041","Prevalence of undernourishment (percent) (3-year average)","20062008","2006-2008","%","32.2","E","Estimated value",""
"FS","Suite of Food Security Indicators","762","Tajikistan","6121","Value","210041","Prevalence of undernourishment (percent) (3-year average)","20072009","2007-2009","%","29.3","E","Estimated value",""
"FS","Suite of Food Security Indicators","762","Tajikistan","6121","Value","210041","Prevalence of undernourishment (percent) (3-year average)","20082010","2008-2010","%","26.6","E","Estimated value",""
"FS","Suite of Food Security Indicators","762","Tajikistan","6121","Value","210041","Prevalence of undernourishment (percent) (3-year average)","20092011","2009-2011","%","24.2","E","Estimated value",""
"FS","Suite of Food Security Indicators","762","Tajikistan","6121","Value","210041","Prevalence of undernourishment (percent) (3-year average)","20102012","2010-2012","%","22.5","E","Estimated value",""
"FS","Suite of Food Security Indicators","762","Tajikistan","6121","Value","210041","Prevalence of undernourishment (percent) (3-year average)","20112013","2011-2013","%","21.4","E","Estimated value",""
"FS","Suite of Food Security Indicators","762","Tajikistan","6121","Value","210041","Prevalence of undernourishment (percent) (3-year average)","20122014","2012-2014","%","20.3","E","Estimated value",""
"FS","Suite of Food Security Indicators","762","Tajikistan","6121","Value","210041","Prevalence of undernourishment (percent) (3-year average)","20132015","2013-2015","%","18.5","E","Estimated value",""
"FS","Suite of Food Security Indicators","762","Tajikistan","6121","Value","210041","Prevalence of undernourishment (percent) (3-year average)","20142016","2014-2016","%","16.1","E","Estimated value",""
"FS","Suite of Food Security Indicators","762","Tajikistan","6121","Value","210041","Prevalence of undernourishment (percent) (3-year average)","20152017","2015-2017","%","13.9","E","Estimated value",""
"FS","Suite of Food Security Indicators","762","Tajikistan","6121","Value","210041","Prevalence of undernourishment (percent) (3-year average)","20162018","2016-2018","%","12.2","E","Estimated value",""
"FS","Suite of Food Security Indicators","762","Tajikistan","6121","Value","210041","Prevalence of undernourishment (percent) (3-year average)","20172019","2017-2019","%","10.3","E","Estimated value",""
"FS","Suite of Food Security Indicators","762","Tajikistan","6121","Value","210041","Prevalence of undernourishment (percent) (3-year average)","20182020","2018-2020","%","9.7","E","Estimated value",""
"FS","Suite of Food Security Indicators","762","Tajikistan","6121","Value","210041","Prevalence of undernourishment (percent) (3-year average)","20192021","2019-2021","%","9.1","E","Estimated value",""
"FS","Suite of Food Security Indicators","762","Tajikistan","6121","Value","210041","Prevalence of undernourishment (percent) (3-year average)","20202022","2020-2022","%","9.2","E","Estimated value",""
"FS","Suite of Food Security Indicators","762","Tajikistan","6121","Value","210041","Prevalence of undernourishment (percent) (3-year average)","20212023","2021-2023","%","8.6","E","Estimated value",""
"FS","Suite of Food Security Indicators","762","Tajikistan","6121","Value","210041","Prevalence of undernourishment (percent) (3-year average)","20222024","2022-2024","%","8.4","E","Estimated value",""
"FS","Suite of Food Security Indicators","764","Thailand","6121","Value","210041","Prevalence of undernourishment (percent) (3-year average)","20002002","2000-2002","%","17.3","E","Estimated value",""
"FS","Suite of Food Security Indicators","764","Thailand","6121","Value","210041","Prevalence of undernourishment (percent) (3-year average)","20012003","2001-2003","%","16.3","E","Estimated value",""
"FS","Suite of Food Security Indicators","764","Thailand","6121","Value","210041","Prevalence of undernourishment (percent) (3-year average)","20022004","2002-2004","%","14.9","E","Estimated value",""
"FS","Suite of Food Security Indicators","764","Thailand","6121","Value","210041","Prevalence of undernourishment (percent) (3-year average)","20032005","2003-2005","%","13.6","E","Estimated value",""
"FS","Suite of Food Security Indicators","764","Thailand","6121","Value","210041","Prevalence of undernourishment (percent) (3-year average)","20042006","2004-2006","%","11.8","E","Estimated value",""
"FS","Suite of Food Security Indicators","764","Thailand","6121","Value","210041","Prevalence of undernourishment (percent) (3-year average)","20052007","2005-2007","%","10.6","E","Estimated value",""
"FS","Suite of Food Security Indicators","764","Thailand","6121","Value","210041","Prevalence of undernourishment (percent) (3-year average)","20062008","2006-2008","%","10.1","E","Estimated value",""
"FS","Suite of Food Security Indicators","764","Thailand","6121","Value","210041","Prevalence of undernourishment (percent) (3-year average)","20072009","2007-2009","%","10.6","E","Estimated value",""
"FS","Suite of Food Security Indicators","764","Thailand","6121","Value","210041","Prevalence of undernourishment (percent) (3-year average)","20082010","2008-2010","%","10.4","E","Estimated value",""
"FS","Suite of Food Security Indicators","764","Thailand","6121","Value","210041","Prevalence of undernourishment (percent) (3-year average)","20092011","2009-2011","%","10.2","E","Estimated value",""
"FS","Suite of Food Security Indicators","764","Thailand","6121","Value","210041","Prevalence of undernourishment (percent) (3-year average)","20102012","2010-2012","%","9.4","E","Estimated value",""
"FS","Suite of Food Security Indicators","764","Thailand","6121","Value","210041","Prevalence of undernourishment (percent) (3-year average)","20112013","2011-2013","%","9.3","E","Estimated value",""
"FS","Suite of Food Security Indicators","764","Thailand","6121","Value","210041","Prevalence of undernourishment (percent) (3-year average)","20122014","2012-2014","%","8.7","E","Estimated value",""
"FS","Suite of Food Security Indicators","764","Thailand","6121","Value","210041","Prevalence of undernourishment (percent) (3-year average)","20132015","2013-2015","%","8.2","E","Estimated value",""
"FS","Suite of Food Security Indicators","764","Thailand","6121","Value","210041","Prevalence of undernourishment (percent) (3-year average)","20142016","2014-2016","%","7.8","E","Estimated value",""
"FS","Suite of Food Security Indicators","764","Thailand","6121","Value","210041","Prevalence of undernourishment (percent) (3-year average)","20152017","2015-2017","%","7.9","E","Estimated value",""
"FS","Suite of Food Security Indicators","764","Thailand","6121","Value","210041","Prevalence of undernourishment (percent) (3-year average)","20162018","2016-2018","%","8.1","E","Estimated value",""
"FS","Suite of Food Security Indicators","764","Thailand","6121","Value","210041","Prevalence of undernourishment (percent) (3-year average)","20172019","2017-2019","%","7.6","E","Estimated value",""
"FS","Suite of Food Security Indicators","764","Thailand","6121","Value","210041","Prevalence of undernourishment (percent) (3-year average)","20182020","2018-2020","%","6.8","E","Estimated value",""
"FS","Suite of Food Security Indicators","764","Thailand","6121","Value","210041","Prevalence of undernourishment (percent) (3-year average)","20192021","2019-2021","%","6","E","Estimated value",""
"FS","Suite of Food Security Indicators","764","Thailand","6121","Value","210041","Prevalence of undernourishment (percent) (3-year average)","20202022","2020-2022","%","5.4","E","Estimated value",""
"FS","Suite of Food Security Indicators","764","Thailand","6121","Value","210041","Prevalence of undernourishment (percent) (3-year average)","20212023","2021-2023","%","5.1","E","Estimated value",""
"FS","Suite of Food Security Indicators","764","Thailand","6121","Value","210041","Prevalence of undernourishment (percent) (3-year average)","20222024","2022-2024","%","4.6","E","Estimated value",""
"FS","Suite of Food Security Indicators","626","Timor-Leste","6121","Value","210041","Prevalence of undernourishment (percent) (3-year average)","20002002","2000-2002","%","54.9","E","Estimated value",""
"FS","Suite of Food Security Indicators","626","Timor-Leste","6121","Value","210041","Prevalence of undernourishment (percent) (3-year average)","20012003","2001-2003","%","43.4","E","Estimated value",""
"FS","Suite of Food Security Indicators","626","Timor-Leste","6121","Value","210041","Prevalence of undernourishment (percent) (3-year average)","20022004","2002-2004","%","35.6","E","Estimated value",""
"FS","Suite of Food Security Indicators","626","Timor-Leste","6121","Value","210041","Prevalence of undernourishment (percent) (3-year average)","20032005","2003-2005","%","32.4","E","Estimated value",""
"FS","Suite of Food Security Indicators","626","Timor-Leste","6121","Value","210041","Prevalence of undernourishment (percent) (3-year average)","20042006","2004-2006","%","30","E","Estimated value",""
"FS","Suite of Food Security Indicators","626","Timor-Leste","6121","Value","210041","Prevalence of undernourishment (percent) (3-year average)","20052007","2005-2007","%","27.6","E","Estimated value",""
"FS","Suite of Food Security Indicators","626","Timor-Leste","6121","Value","210041","Prevalence of undernourishment (percent) (3-year average)","20062008","2006-2008","%","25.3","E","Estimated value",""
"FS","Suite of Food Security Indicators","626","Timor-Leste","6121","Value","210041","Prevalence of undernourishment (percent) (3-year average)","20072009","2007-2009","%","23.2","E","Estimated value",""
"FS","Suite of Food Security Indicators","626","Timor-Leste","6121","Value","210041","Prevalence of undernourishment (percent) (3-year average)","20082010","2008-2010","%","21.1","E","Estimated value",""
"FS","Suite of Food Security Indicators","626","Timor-Leste","6121","Value","210041","Prevalence of undernourishment (percent) (3-year average)","20092011","2009-2011","%","19","E","Estimated value",""
"FS","Suite of Food Security Indicators","626","Timor-Leste","6121","Value","210041","Prevalence of undernourishment (percent) (3-year average)","20102012","2010-2012","%","17.6","E","Estimated value",""
"FS","Suite of Food Security Indicators","626","Timor-Leste","6121","Value","210041","Prevalence of undernourishment (percent) (3-year average)","20112013","2011-2013","%","16.7","E","Estimated value",""
"FS","Suite of Food Security Indicators","626","Timor-Leste","6121","Value","210041","Prevalence of undernourishment (percent) (3-year average)","20122014","2012-2014","%","15.4","E","Estimated value",""
"FS","Suite of Food Security Indicators","626","Timor-Leste","6121","Value","210041","Prevalence of undernourishment (percent) (3-year average)","20132015","2013-2015","%","14.8","E","Estimated value",""
"FS","Suite of Food Security Indicators","626","Timor-Leste","6121","Value","210041","Prevalence of undernourishment (percent) (3-year average)","20142016","2014-2016","%","14.9","E","Estimated value",""
"FS","Suite of Food Security Indicators","626","Timor-Leste","6121","Value","210041","Prevalence of undernourishment (percent) (3-year average)","20152017","2015-2017","%","15.4","E","Estimated value",""
"FS","Suite of Food Security Indicators","626","Timor-Leste","6121","Value","210041","Prevalence of undernourishment (percent) (3-year average)","20162018","2016-2018","%","16.2","E","Estimated value",""
"FS","Suite of Food Security Indicators","626","Timor-Leste","6121","Value","210041","Prevalence of undernourishment (percent) (3-year average)","20172019","2017-2019","%","16.3","E","Estimated value",""
"FS","Suite of Food Security Indicators","626","Timor-Leste","6121","Value","210041","Prevalence of undernourishment (percent) (3-year average)","20182020","2018-2020","%","17","E","Estimated value",""
"FS","Suite of Food Security Indicators","626","Timor-Leste","6121","Value","210041","Prevalence of undernourishment (percent) (3-year average)","20192021","2019-2021","%","17.5","E","Estimated value",""
"FS","Suite of Food Security Indicators","626","Timor-Leste","6121","Value","210041","Prevalence of undernourishment (percent) (3-year average)","20202022","2020-2022","%","18","E","Estimated value",""
"FS","Suite of Food Security Indicators","626","Timor-Leste","6121","Value","210041","Prevalence of undernourishment (percent) (3-year average)","20212023","2021-2023","%","18.2","E","Estimated value",""
"FS","Suite of Food Security Indicators","626","Timor-Leste","6121","Value","210041","Prevalence of undernourishment (percent) (3-year average)","20222024","2022-2024","%","18.7","E","Estimated value",""
"FS","Suite of Food Security Indicators","768","Togo","6121","Value","210041","Prevalence of undernourishment (percent) (3-year average)","20002002","2000-2002","%","28.8","E","Estimated value",""
"FS","Suite of Food Security Indicators","768","Togo","6121","Value","210041","Prevalence of undernourishment (percent) (3-year average)","20012003","2001-2003","%","28.8","E","Estimated value",""
"FS","Suite of Food Security Indicators","768","Togo","6121","Value","210041","Prevalence of undernourishment (percent) (3-year average)","20022004","2002-2004","%","27.7","E","Estimated value",""
"FS","Suite of Food Security Indicators","768","Togo","6121","Value","210041","Prevalence of undernourishment (percent) (3-year average)","20032005","2003-2005","%","26.2","E","Estimated value",""
"FS","Suite of Food Security Indicators","768","Togo","6121","Value","210041","Prevalence of undernourishment (percent) (3-year average)","20042006","2004-2006","%","24.8","E","Estimated value",""
"FS","Suite of Food Security Indicators","768","Togo","6121","Value","210041","Prevalence of undernourishment (percent) (3-year average)","20052007","2005-2007","%","23.6","E","Estimated value",""
"FS","Suite of Food Security Indicators","768","Togo","6121","Value","210041","Prevalence of undernourishment (percent) (3-year average)","20062008","2006-2008","%","22.2","E","Estimated value",""
"FS","Suite of Food Security Indicators","768","Togo","6121","Value","210041","Prevalence of undernourishment (percent) (3-year average)","20072009","2007-2009","%","20.7","E","Estimated value",""
"FS","Suite of Food Security Indicators","768","Togo","6121","Value","210041","Prevalence of undernourishment (percent) (3-year average)","20082010","2008-2010","%","19.9","E","Estimated value",""
"FS","Suite of Food Security Indicators","768","Togo","6121","Value","210041","Prevalence of undernourishment (percent) (3-year average)","20092011","2009-2011","%","19.6","E","Estimated value",""
"FS","Suite of Food Security Indicators","768","Togo","6121","Value","210041","Prevalence of undernourishment (percent) (3-year average)","20102012","2010-2012","%","20.1","E","Estimated value",""
"FS","Suite of Food Security Indicators","768","Togo","6121","Value","210041","Prevalence of undernourishment (percent) (3-year average)","20112013","2011-2013","%","19.9","E","Estimated value",""
"FS","Suite of Food Security Indicators","768","Togo","6121","Value","210041","Prevalence of undernourishment (percent) (3-year average)","20122014","2012-2014","%","19.6","E","Estimated value",""
"FS","Suite of Food Security Indicators","768","Togo","6121","Value","210041","Prevalence of undernourishment (percent) (3-year average)","20132015","2013-2015","%","20","E","Estimated value",""
"FS","Suite of Food Security Indicators","768","Togo","6121","Value","210041","Prevalence of undernourishment (percent) (3-year average)","20142016","2014-2016","%","20.1","E","Estimated value",""
"FS","Suite of Food Security Indicators","768","Togo","6121","Value","210041","Prevalence of undernourishment (percent) (3-year average)","20152017","2015-2017","%","20.6","E","Estimated value",""
"FS","Suite of Food Security Indicators","768","Togo","6121","Value","210041","Prevalence of undernourishment (percent) (3-year average)","20162018","2016-2018","%","20.4","E","Estimated value",""
"FS","Suite of Food Security Indicators","768","Togo","6121","Value","210041","Prevalence of undernourishment (percent) (3-year average)","20172019","2017-2019","%","19.7","E","Estimated value",""
"FS","Suite of Food Security Indicators","768","Togo","6121","Value","210041","Prevalence of undernourishment (percent) (3-year average)","20182020","2018-2020","%","18.2","E","Estimated value",""
"FS","Suite of Food Security Indicators","768","Togo","6121","Value","210041","Prevalence of undernourishment (percent) (3-year average)","20192021","2019-2021","%","15.9","E","Estimated value",""
"FS","Suite of Food Security Indicators","768","Togo","6121","Value","210041","Prevalence of undernourishment (percent) (3-year average)","20202022","2020-2022","%","13.7","E","Estimated value",""
"FS","Suite of Food Security Indicators","768","Togo","6121","Value","210041","Prevalence of undernourishment (percent) (3-year average)","20212023","2021-2023","%","11.1","E","Estimated value",""
"FS","Suite of Food Security Indicators","768","Togo","6121","Value","210041","Prevalence of undernourishment (percent) (3-year average)","20222024","2022-2024","%","9.1","E","Estimated value",""
"FS","Suite of Food Security Indicators","772","Tokelau","6121","Value","210041","Prevalence of undernourishment (percent) (3-year average)","20002002","2000-2002","%","","O","Missing value",""
"FS","Suite of Food Security Indicators","772","Tokelau","6121","Value","210041","Prevalence of undernourishment (percent) (3-year average)","20012003","2001-2003","%","","O","Missing value",""
"FS","Suite of Food Security Indicators","772","Tokelau","6121","Value","210041","Prevalence of undernourishment (percent) (3-year average)","20022004","2002-2004","%","","O","Missing value",""
"FS","Suite of Food Security Indicators","772","Tokelau","6121","Value","210041","Prevalence of undernourishment (percent) (3-year average)","20032005","2003-2005","%","","O","Missing value",""
"FS","Suite of Food Security Indicators","772","Tokelau","6121","Value","210041","Prevalence of undernourishment (percent) (3-year average)","20042006","2004-2006","%","","O","Missing value",""
"FS","Suite of Food Security Indicators","772","Tokelau","6121","Value","210041","Prevalence of undernourishment (percent) (3-year average)","20052007","2005-2007","%","","O","Missing value",""
"FS","Suite of Food Security Indicators","772","Tokelau","6121","Value","210041","Prevalence of undernourishment (percent) (3-year average)","20062008","2006-2008","%","","O","Missing value",""
"FS","Suite of Food Security Indicators","772","Tokelau","6121","Value","210041","Prevalence of undernourishment (percent) (3-year average)","20072009","2007-2009","%","","O","Missing value",""
"FS","Suite of Food Security Indicators","772","Tokelau","6121","Value","210041","Prevalence of undernourishment (percent) (3-year average)","20082010","2008-2010","%","","O","Missing value",""
"FS","Suite of Food Security Indicators","772","Tokelau","6121","Value","210041","Prevalence of undernourishment (percent) (3-year average)","20092011","2009-2011","%","","O","Missing value",""
"FS","Suite of Food Security Indicators","772","Tokelau","6121","Value","210041","Prevalence of undernourishment (percent) (3-year average)","20102012","2010-2012","%","","O","Missing value",""
"FS","Suite of Food Security Indicators","772","Tokelau","6121","Value","210041","Prevalence of undernourishment (percent) (3-year average)","20112013","2011-2013","%","","O","Missing value",""
"FS","Suite of Food Security Indicators","772","Tokelau","6121","Value","210041","Prevalence of undernourishment (percent) (3-year average)","20122014","2012-2014","%","","O","Missing value",""
"FS","Suite of Food Security Indicators","772","Tokelau","6121","Value","210041","Prevalence of undernourishment (percent) (3-year average)","20132015","2013-2015","%","","O","Missing value",""
"FS","Suite of Food Security Indicators","772","Tokelau","6121","Value","210041","Prevalence of undernourishment (percent) (3-year average)","20142016","2014-2016","%","","O","Missing value",""
"FS","Suite of Food Security Indicators","772","Tokelau","6121","Value","210041","Prevalence of undernourishment (percent) (3-year average)","20152017","2015-2017","%","","O","Missing value",""
"FS","Suite of Food Security Indicators","772","Tokelau","6121","Value","210041","Prevalence of undernourishment (percent) (3-year average)","20162018","2016-2018","%","","O","Missing value",""
"FS","Suite of Food Security Indicators","772","Tokelau","6121","Value","210041","Prevalence of undernourishment (percent) (3-year average)","20172019","2017-2019","%","","O","Missing value",""
"FS","Suite of Food Security Indicators","772","Tokelau","6121","Value","210041","Prevalence of undernourishment (percent) (3-year average)","20182020","2018-2020","%","","O","Missing value",""
"FS","Suite of Food Security Indicators","772","Tokelau","6121","Value","210041","Prevalence of undernourishment (percent) (3-year average)","20192021","2019-2021","%","","O","Missing value",""
"FS","Suite of Food Security Indicators","772","Tokelau","6121","Value","210041","Prevalence of undernourishment (percent) (3-year average)","20202022","2020-2022","%","","O","Missing value",""
"FS","Suite of Food Security Indicators","772","Tokelau","6121","Value","210041","Prevalence of undernourishment (percent) (3-year average)","20212023","2021-2023","%","","O","Missing value",""
"FS","Suite of Food Security Indicators","772","Tokelau","6121","Value","210041","Prevalence of undernourishment (percent) (3-year average)","20222024","2022-2024","%","","O","Missing value",""
"FS","Suite of Food Security Indicators","776","Tonga","6121","Value","210041","Prevalence of undernourishment (percent) (3-year average)","20002002","2000-2002","%","","O","Missing value",""
"FS","Suite of Food Security Indicators","776","Tonga","6121","Value","210041","Prevalence of undernourishment (percent) (3-year average)","20012003","2001-2003","%","","O","Missing value",""
"FS","Suite of Food Security Indicators","776","Tonga","6121","Value","210041","Prevalence of undernourishment (percent) (3-year average)","20022004","2002-2004","%","","O","Missing value",""
"FS","Suite of Food Security Indicators","776","Tonga","6121","Value","210041","Prevalence of undernourishment (percent) (3-year average)","20032005","2003-2005","%","","O","Missing value",""
"FS","Suite of Food Security Indicators","776","Tonga","6121","Value","210041","Prevalence of undernourishment (percent) (3-year average)","20042006","2004-2006","%","","O","Missing value",""
"FS","Suite of Food Security Indicators","776","Tonga","6121","Value","210041","Prevalence of undernourishment (percent) (3-year average)","20052007","2005-2007","%","","O","Missing value",""
"FS","Suite of Food Security Indicators","776","Tonga","6121","Value","210041","Prevalence of undernourishment (percent) (3-year average)","20062008","2006-2008","%","","O","Missing value",""
"FS","Suite of Food Security Indicators","776","Tonga","6121","Value","210041","Prevalence of undernourishment (percent) (3-year average)","20072009","2007-2009","%","","O","Missing value",""
"FS","Suite of Food Security Indicators","776","Tonga","6121","Value","210041","Prevalence of undernourishment (percent) (3-year average)","20082010","2008-2010","%","","O","Missing value",""
"FS","Suite of Food Security Indicators","776","Tonga","6121","Value","210041","Prevalence of undernourishment (percent) (3-year average)","20092011","2009-2011","%","","O","Missing value",""
"FS","Suite of Food Security Indicators","776","Tonga","6121","Value","210041","Prevalence of undernourishment (percent) (3-year average)","20102012","2010-2012","%","","O","Missing value",""
"FS","Suite of Food Security Indicators","776","Tonga","6121","Value","210041","Prevalence of undernourishment (percent) (3-year average)","20112013","2011-2013","%","","O","Missing value",""
"FS","Suite of Food Security Indicators","776","Tonga","6121","Value","210041","Prevalence of undernourishment (percent) (3-year average)","20122014","2012-2014","%","","O","Missing value",""
"FS","Suite of Food Security Indicators","776","Tonga","6121","Value","210041","Prevalence of undernourishment (percent) (3-year average)","20132015","2013-2015","%","","O","Missing value",""
"FS","Suite of Food Security Indicators","776","Tonga","6121","Value","210041","Prevalence of undernourishment (percent) (3-year average)","20142016","2014-2016","%","","O","Missing value",""
"FS","Suite of Food Security Indicators","776","Tonga","6121","Value","210041","Prevalence of undernourishment (percent) (3-year average)","20152017","2015-2017","%","","O","Missing value",""
"FS","Suite of Food Security Indicators","776","Tonga","6121","Value","210041","Prevalence of undernourishment (percent) (3-year average)","20162018","2016-2018","%","","O","Missing value",""
"FS","Suite of Food Security Indicators","776","Tonga","6121","Value","210041","Prevalence of undernourishment (percent) (3-year average)","20172019","2017-2019","%","","O","Missing value",""
"FS","Suite of Food Security Indicators","776","Tonga","6121","Value","210041","Prevalence of undernourishment (percent) (3-year average)","20182020","2018-2020","%","","O","Missing value",""
"FS","Suite of Food Security Indicators","776","Tonga","6121","Value","210041","Prevalence of undernourishment (percent) (3-year average)","20192021","2019-2021","%","","O","Missing value",""
"FS","Suite of Food Security Indicators","776","Tonga","6121","Value","210041","Prevalence of undernourishment (percent) (3-year average)","20202022","2020-2022","%","","O","Missing value",""
"FS","Suite of Food Security Indicators","776","Tonga","6121","Value","210041","Prevalence of undernourishment (percent) (3-year average)","20212023","2021-2023","%","","O","Missing value",""
"FS","Suite of Food Security Indicators","776","Tonga","6121","Value","210041","Prevalence of undernourishment (percent) (3-year average)","20222024","2022-2024","%","","O","Missing value",""
"FS","Suite of Food Security Indicators","780","Trinidad and Tobago","6121","Value","210041","Prevalence of undernourishment (percent) (3-year average)","20002002","2000-2002","%","10.3","E","Estimated value",""
"FS","Suite of Food Security Indicators","780","Trinidad and Tobago","6121","Value","210041","Prevalence of undernourishment (percent) (3-year average)","20012003","2001-2003","%","10.9","E","Estimated value",""
"FS","Suite of Food Security Indicators","780","Trinidad and Tobago","6121","Value","210041","Prevalence of undernourishment (percent) (3-year average)","20022004","2002-2004","%","11.6","E","Estimated value",""
"FS","Suite of Food Security Indicators","780","Trinidad and Tobago","6121","Value","210041","Prevalence of undernourishment (percent) (3-year average)","20032005","2003-2005","%","11.7","E","Estimated value",""
"FS","Suite of Food Security Indicators","780","Trinidad and Tobago","6121","Value","210041","Prevalence of undernourishment (percent) (3-year average)","20042006","2004-2006","%","11.1","E","Estimated value",""
"FS","Suite of Food Security Indicators","780","Trinidad and Tobago","6121","Value","210041","Prevalence of undernourishment (percent) (3-year average)","20052007","2005-2007","%","10.5","E","Estimated value",""
"FS","Suite of Food Security Indicators","780","Trinidad and Tobago","6121","Value","210041","Prevalence of undernourishment (percent) (3-year average)","20062008","2006-2008","%","9.9","E","Estimated value",""
"FS","Suite of Food Security Indicators","780","Trinidad and Tobago","6121","Value","210041","Prevalence of undernourishment (percent) (3-year average)","20072009","2007-2009","%","9.3","E","Estimated value",""
"FS","Suite of Food Security Indicators","780","Trinidad and Tobago","6121","Value","210041","Prevalence of undernourishment (percent) (3-year average)","20082010","2008-2010","%","8.8","E","Estimated value",""
"FS","Suite of Food Security Indicators","780","Trinidad and Tobago","6121","Value","210041","Prevalence of undernourishment (percent) (3-year average)","20092011","2009-2011","%","8","E","Estimated value",""
"FS","Suite of Food Security Indicators","780","Trinidad and Tobago","6121","Value","210041","Prevalence of undernourishment (percent) (3-year average)","20102012","2010-2012","%","7.4","E","Estimated value",""
"FS","Suite of Food Security Indicators","780","Trinidad and Tobago","6121","Value","210041","Prevalence of undernourishment (percent) (3-year average)","20112013","2011-2013","%","6.8","E","Estimated value",""
"FS","Suite of Food Security Indicators","780","Trinidad and Tobago","6121","Value","210041","Prevalence of undernourishment (percent) (3-year average)","20122014","2012-2014","%","6.7","E","Estimated value",""
"FS","Suite of Food Security Indicators","780","Trinidad and Tobago","6121","Value","210041","Prevalence of undernourishment (percent) (3-year average)","20132015","2013-2015","%","6.7","E","Estimated value",""
"FS","Suite of Food Security Indicators","780","Trinidad and Tobago","6121","Value","210041","Prevalence of undernourishment (percent) (3-year average)","20142016","2014-2016","%","7","E","Estimated value",""
"FS","Suite of Food Security Indicators","780","Trinidad and Tobago","6121","Value","210041","Prevalence of undernourishment (percent) (3-year average)","20152017","2015-2017","%","7","E","Estimated value",""
"FS","Suite of Food Security Indicators","780","Trinidad and Tobago","6121","Value","210041","Prevalence of undernourishment (percent) (3-year average)","20162018","2016-2018","%","7.1","E","Estimated value",""
"FS","Suite of Food Security Indicators","780","Trinidad and Tobago","6121","Value","210041","Prevalence of undernourishment (percent) (3-year average)","20172019","2017-2019","%","7.2","E","Estimated value",""
"FS","Suite of Food Security Indicators","780","Trinidad and Tobago","6121","Value","210041","Prevalence of undernourishment (percent) (3-year average)","20182020","2018-2020","%","8.6","E","Estimated value",""
"FS","Suite of Food Security Indicators","780","Trinidad and Tobago","6121","Value","210041","Prevalence of undernourishment (percent) (3-year average)","20192021","2019-2021","%","10.2","E","Estimated value",""
"FS","Suite of Food Security Indicators","780","Trinidad and Tobago","6121","Value","210041","Prevalence of undernourishment (percent) (3-year average)","20202022","2020-2022","%","11.7","E","Estimated value",""
"FS","Suite of Food Security Indicators","780","Trinidad and Tobago","6121","Value","210041","Prevalence of undernourishment (percent) (3-year average)","20212023","2021-2023","%","11.9","E","Estimated value",""
"FS","Suite of Food Security Indicators","780","Trinidad and Tobago","6121","Value","210041","Prevalence of undernourishment (percent) (3-year average)","20222024","2022-2024","%","11.2","E","Estimated value",""
"FS","Suite of Food Security Indicators","788","Tunisia","6121","Value","210041","Prevalence of undernourishment (percent) (3-year average)","20002002","2000-2002","%","4","E","Estimated value",""
"FS","Suite of Food Security Indicators","788","Tunisia","6121","Value","210041","Prevalence of undernourishment (percent) (3-year average)","20012003","2001-2003","%","4.1","E","Estimated value",""
"FS","Suite of Food Security Indicators","788","Tunisia","6121","Value","210041","Prevalence of undernourishment (percent) (3-year average)","20022004","2002-2004","%","4.2","E","Estimated value",""
"FS","Suite of Food Security Indicators","788","Tunisia","6121","Value","210041","Prevalence of undernourishment (percent) (3-year average)","20032005","2003-2005","%","4.1","E","Estimated value",""
"FS","Suite of Food Security Indicators","788","Tunisia","6121","Value","210041","Prevalence of undernourishment (percent) (3-year average)","20042006","2004-2006","%","4","E","Estimated value",""
"FS","Suite of Food Security Indicators","788","Tunisia","6121","Value","210041","Prevalence of undernourishment (percent) (3-year average)","20052007","2005-2007","%","4","E","Estimated value",""
"FS","Suite of Food Security Indicators","788","Tunisia","6121","Value","210041","Prevalence of undernourishment (percent) (3-year average)","20062008","2006-2008","%","3.8","E","Estimated value",""
"FS","Suite of Food Security Indicators","788","Tunisia","6121","Value","210041","Prevalence of undernourishment (percent) (3-year average)","20072009","2007-2009","%","3.6","E","Estimated value",""
"FS","Suite of Food Security Indicators","788","Tunisia","6121","Value","210041","Prevalence of undernourishment (percent) (3-year average)","20082010","2008-2010","%","3.4","E","Estimated value",""
"FS","Suite of Food Security Indicators","788","Tunisia","6121","Value","210041","Prevalence of undernourishment (percent) (3-year average)","20092011","2009-2011","%","3.4","E","Estimated value",""
"FS","Suite of Food Security Indicators","788","Tunisia","6121","Value","210041","Prevalence of undernourishment (percent) (3-year average)","20102012","2010-2012","%","3.4","E","Estimated value",""
"FS","Suite of Food Security Indicators","788","Tunisia","6121","Value","210041","Prevalence of undernourishment (percent) (3-year average)","20112013","2011-2013","%","3.2","E","Estimated value",""
"FS","Suite of Food Security Indicators","788","Tunisia","6121","Value","210041","Prevalence of undernourishment (percent) (3-year average)","20122014","2012-2014","%","3.1","E","Estimated value",""
"FS","Suite of Food Security Indicators","788","Tunisia","6121","Value","210041","Prevalence of undernourishment (percent) (3-year average)","20132015","2013-2015","%","2.9","E","Estimated value",""
"FS","Suite of Food Security Indicators","788","Tunisia","6121","Value","210041","Prevalence of undernourishment (percent) (3-year average)","20142016","2014-2016","%","2.8","E","Estimated value",""
"FS","Suite of Food Security Indicators","788","Tunisia","6121","Value","210041","Prevalence of undernourishment (percent) (3-year average)","20152017","2015-2017","%","2.8","E","Estimated value",""
"FS","Suite of Food Security Indicators","788","Tunisia","6121","Value","210041","Prevalence of undernourishment (percent) (3-year average)","20162018","2016-2018","%","2.6","E","Estimated value",""
"FS","Suite of Food Security Indicators","788","Tunisia","6121","Value","210041","Prevalence of undernourishment (percent) (3-year average)","20172019","2017-2019","%","<2.5","E","Estimated value",""
"FS","Suite of Food Security Indicators","788","Tunisia","6121","Value","210041","Prevalence of undernourishment (percent) (3-year average)","20182020","2018-2020","%","<2.5","E","Estimated value",""
"FS","Suite of Food Security Indicators","788","Tunisia","6121","Value","210041","Prevalence of undernourishment (percent) (3-year average)","20192021","2019-2021","%","2.8","E","Estimated value",""
"FS","Suite of Food Security Indicators","788","Tunisia","6121","Value","210041","Prevalence of undernourishment (percent) (3-year average)","20202022","2020-2022","%","3.1","E","Estimated value",""
"FS","Suite of Food Security Indicators","788","Tunisia","6121","Value","210041","Prevalence of undernourishment (percent) (3-year average)","20212023","2021-2023","%","3.2","E","Estimated value",""
"FS","Suite of Food Security Indicators","788","Tunisia","6121","Value","210041","Prevalence of undernourishment (percent) (3-year average)","20222024","2022-2024","%","3","E","Estimated value",""
"FS","Suite of Food Security Indicators","792","Türkiye","6121","Value","210041","Prevalence of undernourishment (percent) (3-year average)","20002002","2000-2002","%","12.9","E","Estimated value",""
"FS","Suite of Food Security Indicators","792","Türkiye","6121","Value","210041","Prevalence of undernourishment (percent) (3-year average)","20012003","2001-2003","%","13.9","E","Estimated value",""
"FS","Suite of Food Security Indicators","792","Türkiye","6121","Value","210041","Prevalence of undernourishment (percent) (3-year average)","20022004","2002-2004","%","13.7","E","Estimated value",""
"FS","Suite of Food Security Indicators","792","Türkiye","6121","Value","210041","Prevalence of undernourishment (percent) (3-year average)","20032005","2003-2005","%","12.3","E","Estimated value",""
"FS","Suite of Food Security Indicators","792","Türkiye","6121","Value","210041","Prevalence of undernourishment (percent) (3-year average)","20042006","2004-2006","%","9.4","E","Estimated value",""
"FS","Suite of Food Security Indicators","792","Türkiye","6121","Value","210041","Prevalence of undernourishment (percent) (3-year average)","20052007","2005-2007","%","6.5","E","Estimated value",""
"FS","Suite of Food Security Indicators","792","Türkiye","6121","Value","210041","Prevalence of undernourishment (percent) (3-year average)","20062008","2006-2008","%","4.4","E","Estimated value",""
"FS","Suite of Food Security Indicators","792","Türkiye","6121","Value","210041","Prevalence of undernourishment (percent) (3-year average)","20072009","2007-2009","%","3.2","E","Estimated value",""
"FS","Suite of Food Security Indicators","792","Türkiye","6121","Value","210041","Prevalence of undernourishment (percent) (3-year average)","20082010","2008-2010","%","<2.5","E","Estimated value",""
"FS","Suite of Food Security Indicators","792","Türkiye","6121","Value","210041","Prevalence of undernourishment (percent) (3-year average)","20092011","2009-2011","%","<2.5","E","Estimated value",""
"FS","Suite of Food Security Indicators","792","Türkiye","6121","Value","210041","Prevalence of undernourishment (percent) (3-year average)","20102012","2010-2012","%","<2.5","E","Estimated value",""
"FS","Suite of Food Security Indicators","792","Türkiye","6121","Value","210041","Prevalence of undernourishment (percent) (3-year average)","20112013","2011-2013","%","<2.5","E","Estimated value",""
"FS","Suite of Food Security Indicators","792","Türkiye","6121","Value","210041","Prevalence of undernourishment (percent) (3-year average)","20122014","2012-2014","%","<2.5","E","Estimated value",""
"FS","Suite of Food Security Indicators","792","Türkiye","6121","Value","210041","Prevalence of undernourishment (percent) (3-year average)","20132015","2013-2015","%","<2.5","E","Estimated value",""
"FS","Suite of Food Security Indicators","792","Türkiye","6121","Value","210041","Prevalence of undernourishment (percent) (3-year average)","20142016","2014-2016","%","<2.5","E","Estimated value",""
"FS","Suite of Food Security Indicators","792","Türkiye","6121","Value","210041","Prevalence of undernourishment (percent) (3-year average)","20152017","2015-2017","%","<2.5","E","Estimated value",""
"FS","Suite of Food Security Indicators","792","Türkiye","6121","Value","210041","Prevalence of undernourishment (percent) (3-year average)","20162018","2016-2018","%","<2.5","E","Estimated value",""
"FS","Suite of Food Security Indicators","792","Türkiye","6121","Value","210041","Prevalence of undernourishment (percent) (3-year average)","20172019","2017-2019","%","<2.5","E","Estimated value",""
"FS","Suite of Food Security Indicators","792","Türkiye","6121","Value","210041","Prevalence of undernourishment (percent) (3-year average)","20182020","2018-2020","%","<2.5","E","Estimated value",""
"FS","Suite of Food Security Indicators","792","Türkiye","6121","Value","210041","Prevalence of undernourishment (percent) (3-year average)","20192021","2019-2021","%","<2.5","E","Estimated value",""
"FS","Suite of Food Security Indicators","792","Türkiye","6121","Value","210041","Prevalence of undernourishment (percent) (3-year average)","20202022","2020-2022","%","<2.5","E","Estimated value",""
"FS","Suite of Food Security Indicators","792","Türkiye","6121","Value","210041","Prevalence of undernourishment (percent) (3-year average)","20212023","2021-2023","%","<2.5","E","Estimated value",""
"FS","Suite of Food Security Indicators","792","Türkiye","6121","Value","210041","Prevalence of undernourishment (percent) (3-year average)","20222024","2022-2024","%","<2.5","E","Estimated value",""
"FS","Suite of Food Security Indicators","795","Turkmenistan","6121","Value","210041","Prevalence of undernourishment (percent) (3-year average)","20002002","2000-2002","%","6","E","Estimated value",""
"FS","Suite of Food Security Indicators","795","Turkmenistan","6121","Value","210041","Prevalence of undernourishment (percent) (3-year average)","20012003","2001-2003","%","5.2","E","Estimated value",""
"FS","Suite of Food Security Indicators","795","Turkmenistan","6121","Value","210041","Prevalence of undernourishment (percent) (3-year average)","20022004","2002-2004","%","4.5","E","Estimated value",""
"FS","Suite of Food Security Indicators","795","Turkmenistan","6121","Value","210041","Prevalence of undernourishment (percent) (3-year average)","20032005","2003-2005","%","4.2","E","Estimated value",""
"FS","Suite of Food Security Indicators","795","Turkmenistan","6121","Value","210041","Prevalence of undernourishment (percent) (3-year average)","20042006","2004-2006","%","4.3","E","Estimated value",""
"FS","Suite of Food Security Indicators","795","Turkmenistan","6121","Value","210041","Prevalence of undernourishment (percent) (3-year average)","20052007","2005-2007","%","4.4","E","Estimated value",""
"FS","Suite of Food Security Indicators","795","Turkmenistan","6121","Value","210041","Prevalence of undernourishment (percent) (3-year average)","20062008","2006-2008","%","4.5","E","Estimated value",""
"FS","Suite of Food Security Indicators","795","Turkmenistan","6121","Value","210041","Prevalence of undernourishment (percent) (3-year average)","20072009","2007-2009","%","4.6","E","Estimated value",""
"FS","Suite of Food Security Indicators","795","Turkmenistan","6121","Value","210041","Prevalence of undernourishment (percent) (3-year average)","20082010","2008-2010","%","4.6","E","Estimated value",""
"FS","Suite of Food Security Indicators","795","Turkmenistan","6121","Value","210041","Prevalence of undernourishment (percent) (3-year average)","20092011","2009-2011","%","4.7","E","Estimated value",""
"FS","Suite of Food Security Indicators","795","Turkmenistan","6121","Value","210041","Prevalence of undernourishment (percent) (3-year average)","20102012","2010-2012","%","4.7","E","Estimated value",""
"FS","Suite of Food Security Indicators","795","Turkmenistan","6121","Value","210041","Prevalence of undernourishment (percent) (3-year average)","20112013","2011-2013","%","4.6","E","Estimated value",""
"FS","Suite of Food Security Indicators","795","Turkmenistan","6121","Value","210041","Prevalence of undernourishment (percent) (3-year average)","20122014","2012-2014","%","4.1","E","Estimated value",""
"FS","Suite of Food Security Indicators","795","Turkmenistan","6121","Value","210041","Prevalence of undernourishment (percent) (3-year average)","20132015","2013-2015","%","3.6","E","Estimated value",""
"FS","Suite of Food Security Indicators","795","Turkmenistan","6121","Value","210041","Prevalence of undernourishment (percent) (3-year average)","20142016","2014-2016","%","3.4","E","Estimated value",""
"FS","Suite of Food Security Indicators","795","Turkmenistan","6121","Value","210041","Prevalence of undernourishment (percent) (3-year average)","20152017","2015-2017","%","3.4","E","Estimated value",""
"FS","Suite of Food Security Indicators","795","Turkmenistan","6121","Value","210041","Prevalence of undernourishment (percent) (3-year average)","20162018","2016-2018","%","3.4","E","Estimated value",""
"FS","Suite of Food Security Indicators","795","Turkmenistan","6121","Value","210041","Prevalence of undernourishment (percent) (3-year average)","20172019","2017-2019","%","3.5","E","Estimated value",""
"FS","Suite of Food Security Indicators","795","Turkmenistan","6121","Value","210041","Prevalence of undernourishment (percent) (3-year average)","20182020","2018-2020","%","3.6","E","Estimated value",""
"FS","Suite of Food Security Indicators","795","Turkmenistan","6121","Value","210041","Prevalence of undernourishment (percent) (3-year average)","20192021","2019-2021","%","3.6","E","Estimated value",""
"FS","Suite of Food Security Indicators","795","Turkmenistan","6121","Value","210041","Prevalence of undernourishment (percent) (3-year average)","20202022","2020-2022","%","3.7","E","Estimated value",""
"FS","Suite of Food Security Indicators","795","Turkmenistan","6121","Value","210041","Prevalence of undernourishment (percent) (3-year average)","20212023","2021-2023","%","4","E","Estimated value",""
"FS","Suite of Food Security Indicators","795","Turkmenistan","6121","Value","210041","Prevalence of undernourishment (percent) (3-year average)","20222024","2022-2024","%","4.3","E","Estimated value",""
"FS","Suite of Food Security Indicators","798","Tuvalu","6121","Value","210041","Prevalence of undernourishment (percent) (3-year average)","20002002","2000-2002","%","","O","Missing value",""
"FS","Suite of Food Security Indicators","798","Tuvalu","6121","Value","210041","Prevalence of undernourishment (percent) (3-year average)","20012003","2001-2003","%","","O","Missing value",""
"FS","Suite of Food Security Indicators","798","Tuvalu","6121","Value","210041","Prevalence of undernourishment (percent) (3-year average)","20022004","2002-2004","%","","O","Missing value",""
"FS","Suite of Food Security Indicators","798","Tuvalu","6121","Value","210041","Prevalence of undernourishment (percent) (3-year average)","20032005","2003-2005","%","","O","Missing value",""
"FS","Suite of Food Security Indicators","798","Tuvalu","6121","Value","210041","Prevalence of undernourishment (percent) (3-year average)","20042006","2004-2006","%","","O","Missing value",""
"FS","Suite of Food Security Indicators","798","Tuvalu","6121","Value","210041","Prevalence of undernourishment (percent) (3-year average)","20052007","2005-2007","%","","O","Missing value",""
"FS","Suite of Food Security Indicators","798","Tuvalu","6121","Value","210041","Prevalence of undernourishment (percent) (3-year average)","20062008","2006-2008","%","","O","Missing value",""
"FS","Suite of Food Security Indicators","798","Tuvalu","6121","Value","210041","Prevalence of undernourishment (percent) (3-year average)","20072009","2007-2009","%","","O","Missing value",""
"FS","Suite of Food Security Indicators","798","Tuvalu","6121","Value","210041","Prevalence of undernourishment (percent) (3-year average)","20082010","2008-2010","%","","O","Missing value",""
"FS","Suite of Food Security Indicators","798","Tuvalu","6121","Value","210041","Prevalence of undernourishment (percent) (3-year average)","20092011","2009-2011","%","","O","Missing value",""
"FS","Suite of Food Security Indicators","798","Tuvalu","6121","Value","210041","Prevalence of undernourishment (percent) (3-year average)","20102012","2010-2012","%","","O","Missing value",""
"FS","Suite of Food Security Indicators","798","Tuvalu","6121","Value","210041","Prevalence of undernourishment (percent) (3-year average)","20112013","2011-2013","%","","O","Missing value",""
"FS","Suite of Food Security Indicators","798","Tuvalu","6121","Value","210041","Prevalence of undernourishment (percent) (3-year average)","20122014","2012-2014","%","","O","Missing value",""
"FS","Suite of Food Security Indicators","798","Tuvalu","6121","Value","210041","Prevalence of undernourishment (percent) (3-year average)","20132015","2013-2015","%","","O","Missing value",""
"FS","Suite of Food Security Indicators","798","Tuvalu","6121","Value","210041","Prevalence of undernourishment (percent) (3-year average)","20142016","2014-2016","%","","O","Missing value",""
"FS","Suite of Food Security Indicators","798","Tuvalu","6121","Value","210041","Prevalence of undernourishment (percent) (3-year average)","20152017","2015-2017","%","","O","Missing value",""
"FS","Suite of Food Security Indicators","798","Tuvalu","6121","Value","210041","Prevalence of undernourishment (percent) (3-year average)","20162018","2016-2018","%","","O","Missing value",""
"FS","Suite of Food Security Indicators","798","Tuvalu","6121","Value","210041","Prevalence of undernourishment (percent) (3-year average)","20172019","2017-2019","%","","O","Missing value",""
"FS","Suite of Food Security Indicators","798","Tuvalu","6121","Value","210041","Prevalence of undernourishment (percent) (3-year average)","20182020","2018-2020","%","","O","Missing value",""
"FS","Suite of Food Security Indicators","798","Tuvalu","6121","Value","210041","Prevalence of undernourishment (percent) (3-year average)","20192021","2019-2021","%","","O","Missing value",""
"FS","Suite of Food Security Indicators","798","Tuvalu","6121","Value","210041","Prevalence of undernourishment (percent) (3-year average)","20202022","2020-2022","%","","O","Missing value",""
"FS","Suite of Food Security Indicators","798","Tuvalu","6121","Value","210041","Prevalence of undernourishment (percent) (3-year average)","20212023","2021-2023","%","","O","Missing value",""
"FS","Suite of Food Security Indicators","798","Tuvalu","6121","Value","210041","Prevalence of undernourishment (percent) (3-year average)","20222024","2022-2024","%","","O","Missing value",""
"FS","Suite of Food Security Indicators","800","Uganda","6121","Value","210041","Prevalence of undernourishment (percent) (3-year average)","20002002","2000-2002","%","21.2","E","Estimated value",""
"FS","Suite of Food Security Indicators","800","Uganda","6121","Value","210041","Prevalence of undernourishment (percent) (3-year average)","20012003","2001-2003","%","19.5","E","Estimated value",""
"FS","Suite of Food Security Indicators","800","Uganda","6121","Value","210041","Prevalence of undernourishment (percent) (3-year average)","20022004","2002-2004","%","18.4","E","Estimated value",""
"FS","Suite of Food Security Indicators","800","Uganda","6121","Value","210041","Prevalence of undernourishment (percent) (3-year average)","20032005","2003-2005","%","18.1","E","Estimated value",""
"FS","Suite of Food Security Indicators","800","Uganda","6121","Value","210041","Prevalence of undernourishment (percent) (3-year average)","20042006","2004-2006","%","18.8","E","Estimated value",""
"FS","Suite of Food Security Indicators","800","Uganda","6121","Value","210041","Prevalence of undernourishment (percent) (3-year average)","20052007","2005-2007","%","19.2","E","Estimated value",""
"FS","Suite of Food Security Indicators","800","Uganda","6121","Value","210041","Prevalence of undernourishment (percent) (3-year average)","20062008","2006-2008","%","19.6","E","Estimated value",""
"FS","Suite of Food Security Indicators","800","Uganda","6121","Value","210041","Prevalence of undernourishment (percent) (3-year average)","20072009","2007-2009","%","19.8","E","Estimated value",""
"FS","Suite of Food Security Indicators","800","Uganda","6121","Value","210041","Prevalence of undernourishment (percent) (3-year average)","20082010","2008-2010","%","18.7","E","Estimated value",""
"FS","Suite of Food Security Indicators","800","Uganda","6121","Value","210041","Prevalence of undernourishment (percent) (3-year average)","20092011","2009-2011","%","17.6","E","Estimated value",""
"FS","Suite of Food Security Indicators","800","Uganda","6121","Value","210041","Prevalence of undernourishment (percent) (3-year average)","20102012","2010-2012","%","17.7","E","Estimated value",""
"FS","Suite of Food Security Indicators","800","Uganda","6121","Value","210041","Prevalence of undernourishment (percent) (3-year average)","20112013","2011-2013","%","19.6","E","Estimated value",""
"FS","Suite of Food Security Indicators","800","Uganda","6121","Value","210041","Prevalence of undernourishment (percent) (3-year average)","20122014","2012-2014","%","21.3","E","Estimated value",""
"FS","Suite of Food Security Indicators","800","Uganda","6121","Value","210041","Prevalence of undernourishment (percent) (3-year average)","20132015","2013-2015","%","23.8","E","Estimated value",""
"FS","Suite of Food Security Indicators","800","Uganda","6121","Value","210041","Prevalence of undernourishment (percent) (3-year average)","20142016","2014-2016","%","30.6","E","Estimated value",""
"FS","Suite of Food Security Indicators","800","Uganda","6121","Value","210041","Prevalence of undernourishment (percent) (3-year average)","20152017","2015-2017","%","35.4","E","Estimated value",""
"FS","Suite of Food Security Indicators","800","Uganda","6121","Value","210041","Prevalence of undernourishment (percent) (3-year average)","20162018","2016-2018","%","35.5","E","Estimated value",""
"FS","Suite of Food Security Indicators","800","Uganda","6121","Value","210041","Prevalence of undernourishment (percent) (3-year average)","20172019","2017-2019","%","35.9","E","Estimated value",""
"FS","Suite of Food Security Indicators","800","Uganda","6121","Value","210041","Prevalence of undernourishment (percent) (3-year average)","20182020","2018-2020","%","33.1","E","Estimated value",""
"FS","Suite of Food Security Indicators","800","Uganda","6121","Value","210041","Prevalence of undernourishment (percent) (3-year average)","20192021","2019-2021","%","33.1","E","Estimated value",""
"FS","Suite of Food Security Indicators","800","Uganda","6121","Value","210041","Prevalence of undernourishment (percent) (3-year average)","20202022","2020-2022","%","25.6","E","Estimated value",""
"FS","Suite of Food Security Indicators","800","Uganda","6121","Value","210041","Prevalence of undernourishment (percent) (3-year average)","20212023","2021-2023","%","24.2","E","Estimated value",""
"FS","Suite of Food Security Indicators","800","Uganda","6121","Value","210041","Prevalence of undernourishment (percent) (3-year average)","20222024","2022-2024","%","22","E","Estimated value",""
"FS","Suite of Food Security Indicators","804","Ukraine","6121","Value","210041","Prevalence of undernourishment (percent) (3-year average)","20002002","2000-2002","%","2.7","E","Estimated value",""
"FS","Suite of Food Security Indicators","804","Ukraine","6121","Value","210041","Prevalence of undernourishment (percent) (3-year average)","20012003","2001-2003","%","<2.5","E","Estimated value",""
"FS","Suite of Food Security Indicators","804","Ukraine","6121","Value","210041","Prevalence of undernourishment (percent) (3-year average)","20022004","2002-2004","%","<2.5","E","Estimated value",""
"FS","Suite of Food Security Indicators","804","Ukraine","6121","Value","210041","Prevalence of undernourishment (percent) (3-year average)","20032005","2003-2005","%","<2.5","E","Estimated value",""
"FS","Suite of Food Security Indicators","804","Ukraine","6121","Value","210041","Prevalence of undernourishment (percent) (3-year average)","20042006","2004-2006","%","<2.5","E","Estimated value",""
"FS","Suite of Food Security Indicators","804","Ukraine","6121","Value","210041","Prevalence of undernourishment (percent) (3-year average)","20052007","2005-2007","%","<2.5","E","Estimated value",""
"FS","Suite of Food Security Indicators","804","Ukraine","6121","Value","210041","Prevalence of undernourishment (percent) (3-year average)","20062008","2006-2008","%","<2.5","E","Estimated value",""
"FS","Suite of Food Security Indicators","804","Ukraine","6121","Value","210041","Prevalence of undernourishment (percent) (3-year average)","20072009","2007-2009","%","<2.5","E","Estimated value",""
"FS","Suite of Food Security Indicators","804","Ukraine","6121","Value","210041","Prevalence of undernourishment (percent) (3-year average)","20082010","2008-2010","%","<2.5","E","Estimated value",""
"FS","Suite of Food Security Indicators","804","Ukraine","6121","Value","210041","Prevalence of undernourishment (percent) (3-year average)","20092011","2009-2011","%","<2.5","E","Estimated value",""
"FS","Suite of Food Security Indicators","804","Ukraine","6121","Value","210041","Prevalence of undernourishment (percent) (3-year average)","20102012","2010-2012","%","<2.5","E","Estimated value",""
"FS","Suite of Food Security Indicators","804","Ukraine","6121","Value","210041","Prevalence of undernourishment (percent) (3-year average)","20112013","2011-2013","%","<2.5","E","Estimated value",""
"FS","Suite of Food Security Indicators","804","Ukraine","6121","Value","210041","Prevalence of undernourishment (percent) (3-year average)","20122014","2012-2014","%","<2.5","E","Estimated value",""
"FS","Suite of Food Security Indicators","804","Ukraine","6121","Value","210041","Prevalence of undernourishment (percent) (3-year average)","20132015","2013-2015","%","<2.5","E","Estimated value",""
"FS","Suite of Food Security Indicators","804","Ukraine","6121","Value","210041","Prevalence of undernourishment (percent) (3-year average)","20142016","2014-2016","%","<2.5","E","Estimated value",""
"FS","Suite of Food Security Indicators","804","Ukraine","6121","Value","210041","Prevalence of undernourishment (percent) (3-year average)","20152017","2015-2017","%","<2.5","E","Estimated value",""
"FS","Suite of Food Security Indicators","804","Ukraine","6121","Value","210041","Prevalence of undernourishment (percent) (3-year average)","20162018","2016-2018","%","2.6","E","Estimated value",""
"FS","Suite of Food Security Indicators","804","Ukraine","6121","Value","210041","Prevalence of undernourishment (percent) (3-year average)","20172019","2017-2019","%","3","E","Estimated value",""
"FS","Suite of Food Security Indicators","804","Ukraine","6121","Value","210041","Prevalence of undernourishment (percent) (3-year average)","20182020","2018-2020","%","3.8","E","Estimated value",""
"FS","Suite of Food Security Indicators","804","Ukraine","6121","Value","210041","Prevalence of undernourishment (percent) (3-year average)","20192021","2019-2021","%","4.3","E","Estimated value",""
"FS","Suite of Food Security Indicators","804","Ukraine","6121","Value","210041","Prevalence of undernourishment (percent) (3-year average)","20202022","2020-2022","%","5.3","E","Estimated value",""
"FS","Suite of Food Security Indicators","804","Ukraine","6121","Value","210041","Prevalence of undernourishment (percent) (3-year average)","20212023","2021-2023","%","6","E","Estimated value",""
"FS","Suite of Food Security Indicators","804","Ukraine","6121","Value","210041","Prevalence of undernourishment (percent) (3-year average)","20222024","2022-2024","%","6.9","E","Estimated value",""
"FS","Suite of Food Security Indicators","784","United Arab Emirates","6121","Value","210041","Prevalence of undernourishment (percent) (3-year average)","20002002","2000-2002","%","<2.5","E","Estimated value",""
"FS","Suite of Food Security Indicators","784","United Arab Emirates","6121","Value","210041","Prevalence of undernourishment (percent) (3-year average)","20012003","2001-2003","%","<2.5","E","Estimated value",""
"FS","Suite of Food Security Indicators","784","United Arab Emirates","6121","Value","210041","Prevalence of undernourishment (percent) (3-year average)","20022004","2002-2004","%","<2.5","E","Estimated value",""
"FS","Suite of Food Security Indicators","784","United Arab Emirates","6121","Value","210041","Prevalence of undernourishment (percent) (3-year average)","20032005","2003-2005","%","2.5","E","Estimated value",""
"FS","Suite of Food Security Indicators","784","United Arab Emirates","6121","Value","210041","Prevalence of undernourishment (percent) (3-year average)","20042006","2004-2006","%","3.1","E","Estimated value",""
"FS","Suite of Food Security Indicators","784","United Arab Emirates","6121","Value","210041","Prevalence of undernourishment (percent) (3-year average)","20052007","2005-2007","%","3.8","E","Estimated value",""
"FS","Suite of Food Security Indicators","784","United Arab Emirates","6121","Value","210041","Prevalence of undernourishment (percent) (3-year average)","20062008","2006-2008","%","4.6","E","Estimated value",""
"FS","Suite of Food Security Indicators","784","United Arab Emirates","6121","Value","210041","Prevalence of undernourishment (percent) (3-year average)","20072009","2007-2009","%","5.3","E","Estimated value",""
"FS","Suite of Food Security Indicators","784","United Arab Emirates","6121","Value","210041","Prevalence of undernourishment (percent) (3-year average)","20082010","2008-2010","%","5.9","E","Estimated value",""
"FS","Suite of Food Security Indicators","784","United Arab Emirates","6121","Value","210041","Prevalence of undernourishment (percent) (3-year average)","20092011","2009-2011","%","5.6","E","Estimated value",""
"FS","Suite of Food Security Indicators","784","United Arab Emirates","6121","Value","210041","Prevalence of undernourishment (percent) (3-year average)","20102012","2010-2012","%","4.9","E","Estimated value",""
"FS","Suite of Food Security Indicators","784","United Arab Emirates","6121","Value","210041","Prevalence of undernourishment (percent) (3-year average)","20112013","2011-2013","%","3.9","E","Estimated value",""
"FS","Suite of Food Security Indicators","784","United Arab Emirates","6121","Value","210041","Prevalence of undernourishment (percent) (3-year average)","20122014","2012-2014","%","3.5","E","Estimated value",""
"FS","Suite of Food Security Indicators","784","United Arab Emirates","6121","Value","210041","Prevalence of undernourishment (percent) (3-year average)","20132015","2013-2015","%","3.5","E","Estimated value",""
"FS","Suite of Food Security Indicators","784","United Arab Emirates","6121","Value","210041","Prevalence of undernourishment (percent) (3-year average)","20142016","2014-2016","%","3.6","E","Estimated value",""
"FS","Suite of Food Security Indicators","784","United Arab Emirates","6121","Value","210041","Prevalence of undernourishment (percent) (3-year average)","20152017","2015-2017","%","3.5","E","Estimated value",""
"FS","Suite of Food Security Indicators","784","United Arab Emirates","6121","Value","210041","Prevalence of undernourishment (percent) (3-year average)","20162018","2016-2018","%","3.4","E","Estimated value",""
"FS","Suite of Food Security Indicators","784","United Arab Emirates","6121","Value","210041","Prevalence of undernourishment (percent) (3-year average)","20172019","2017-2019","%","2.9","E","Estimated value",""
"FS","Suite of Food Security Indicators","784","United Arab Emirates","6121","Value","210041","Prevalence of undernourishment (percent) (3-year average)","20182020","2018-2020","%","2.8","E","Estimated value",""
"FS","Suite of Food Security Indicators","784","United Arab Emirates","6121","Value","210041","Prevalence of undernourishment (percent) (3-year average)","20192021","2019-2021","%","2.5","E","Estimated value",""
"FS","Suite of Food Security Indicators","784","United Arab Emirates","6121","Value","210041","Prevalence of undernourishment (percent) (3-year average)","20202022","2020-2022","%","<2.5","E","Estimated value",""
"FS","Suite of Food Security Indicators","784","United Arab Emirates","6121","Value","210041","Prevalence of undernourishment (percent) (3-year average)","20212023","2021-2023","%","<2.5","E","Estimated value",""
"FS","Suite of Food Security Indicators","784","United Arab Emirates","6121","Value","210041","Prevalence of undernourishment (percent) (3-year average)","20222024","2022-2024","%","<2.5","E","Estimated value",""
"FS","Suite of Food Security Indicators","826","United Kingdom of Great Britain and Northern Ireland","6121","Value","210041","Prevalence of undernourishment (percent) (3-year average)","20002002","2000-2002","%","<2.5","E","Estimated value",""
"FS","Suite of Food Security Indicators","826","United Kingdom of Great Britain and Northern Ireland","6121","Value","210041","Prevalence of undernourishment (percent) (3-year average)","20012003","2001-2003","%","<2.5","E","Estimated value",""
"FS","Suite of Food Security Indicators","826","United Kingdom of Great Britain and Northern Ireland","6121","Value","210041","Prevalence of undernourishment (percent) (3-year average)","20022004","2002-2004","%","<2.5","E","Estimated value",""
"FS","Suite of Food Security Indicators","826","United Kingdom of Great Britain and Northern Ireland","6121","Value","210041","Prevalence of undernourishment (percent) (3-year average)","20032005","2003-2005","%","<2.5","E","Estimated value",""
"FS","Suite of Food Security Indicators","826","United Kingdom of Great Britain and Northern Ireland","6121","Value","210041","Prevalence of undernourishment (percent) (3-year average)","20042006","2004-2006","%","<2.5","E","Estimated value",""
"FS","Suite of Food Security Indicators","826","United Kingdom of Great Britain and Northern Ireland","6121","Value","210041","Prevalence of undernourishment (percent) (3-year average)","20052007","2005-2007","%","<2.5","E","Estimated value",""
"FS","Suite of Food Security Indicators","826","United Kingdom of Great Britain and Northern Ireland","6121","Value","210041","Prevalence of undernourishment (percent) (3-year average)","20062008","2006-2008","%","<2.5","E","Estimated value",""
"FS","Suite of Food Security Indicators","826","United Kingdom of Great Britain and Northern Ireland","6121","Value","210041","Prevalence of undernourishment (percent) (3-year average)","20072009","2007-2009","%","<2.5","E","Estimated value",""
"FS","Suite of Food Security Indicators","826","United Kingdom of Great Britain and Northern Ireland","6121","Value","210041","Prevalence of undernourishment (percent) (3-year average)","20082010","2008-2010","%","<2.5","E","Estimated value",""
"FS","Suite of Food Security Indicators","826","United Kingdom of Great Britain and Northern Ireland","6121","Value","210041","Prevalence of undernourishment (percent) (3-year average)","20092011","2009-2011","%","<2.5","E","Estimated value",""
"FS","Suite of Food Security Indicators","826","United Kingdom of Great Britain and Northern Ireland","6121","Value","210041","Prevalence of undernourishment (percent) (3-year average)","20102012","2010-2012","%","<2.5","E","Estimated value",""
"FS","Suite of Food Security Indicators","826","United Kingdom of Great Britain and Northern Ireland","6121","Value","210041","Prevalence of undernourishment (percent) (3-year average)","20112013","2011-2013","%","<2.5","E","Estimated value",""
"FS","Suite of Food Security Indicators","826","United Kingdom of Great Britain and Northern Ireland","6121","Value","210041","Prevalence of undernourishment (percent) (3-year average)","20122014","2012-2014","%","<2.5","E","Estimated value",""
"FS","Suite of Food Security Indicators","826","United Kingdom of Great Britain and Northern Ireland","6121","Value","210041","Prevalence of undernourishment (percent) (3-year average)","20132015","2013-2015","%","<2.5","E","Estimated value",""
"FS","Suite of Food Security Indicators","826","United Kingdom of Great Britain and Northern Ireland","6121","Value","210041","Prevalence of undernourishment (percent) (3-year average)","20142016","2014-2016","%","<2.5","E","Estimated value",""
"FS","Suite of Food Security Indicators","826","United Kingdom of Great Britain and Northern Ireland","6121","Value","210041","Prevalence of undernourishment (percent) (3-year average)","20152017","2015-2017","%","<2.5","E","Estimated value",""
"FS","Suite of Food Security Indicators","826","United Kingdom of Great Britain and Northern Ireland","6121","Value","210041","Prevalence of undernourishment (percent) (3-year average)","20162018","2016-2018","%","<2.5","E","Estimated value",""
"FS","Suite of Food Security Indicators","826","United Kingdom of Great Britain and Northern Ireland","6121","Value","210041","Prevalence of undernourishment (percent) (3-year average)","20172019","2017-2019","%","<2.5","E","Estimated value",""
"FS","Suite of Food Security Indicators","826","United Kingdom of Great Britain and Northern Ireland","6121","Value","210041","Prevalence of undernourishment (percent) (3-year average)","20182020","2018-2020","%","<2.5","E","Estimated value",""
"FS","Suite of Food Security Indicators","826","United Kingdom of Great Britain and Northern Ireland","6121","Value","210041","Prevalence of undernourishment (percent) (3-year average)","20192021","2019-2021","%","<2.5","E","Estimated value",""
"FS","Suite of Food Security Indicators","826","United Kingdom of Great Britain and Northern Ireland","6121","Value","210041","Prevalence of undernourishment (percent) (3-year average)","20202022","2020-2022","%","<2.5","E","Estimated value",""
"FS","Suite of Food Security Indicators","826","United Kingdom of Great Britain and Northern Ireland","6121","Value","210041","Prevalence of undernourishment (percent) (3-year average)","20212023","2021-2023","%","<2.5","E","Estimated value",""
"FS","Suite of Food Security Indicators","826","United Kingdom of Great Britain and Northern Ireland","6121","Value","210041","Prevalence of undernourishment (percent) (3-year average)","20222024","2022-2024","%","<2.5","E","Estimated value",""
"FS","Suite of Food Security Indicators","834","United Republic of Tanzania","6121","Value","210041","Prevalence of undernourishment (percent) (3-year average)","20002002","2000-2002","%","32.8","E","Estimated value",""
"FS","Suite of Food Security Indicators","834","United Republic of Tanzania","6121","Value","210041","Prevalence of undernourishment (percent) (3-year average)","20012003","2001-2003","%","33.6","E","Estimated value",""
"FS","Suite of Food Security Indicators","834","United Republic of Tanzania","6121","Value","210041","Prevalence of undernourishment (percent) (3-year average)","20022004","2002-2004","%","32.1","E","Estimated value",""
"FS","Suite of Food Security Indicators","834","United Republic of Tanzania","6121","Value","210041","Prevalence of undernourishment (percent) (3-year average)","20032005","2003-2005","%","31.5","E","Estimated value",""
"FS","Suite of Food Security Indicators","834","United Republic of Tanzania","6121","Value","210041","Prevalence of undernourishment (percent) (3-year average)","20042006","2004-2006","%","28.5","E","Estimated value",""
"FS","Suite of Food Security Indicators","834","United Republic of Tanzania","6121","Value","210041","Prevalence of undernourishment (percent) (3-year average)","20052007","2005-2007","%","27","E","Estimated value",""
"FS","Suite of Food Security Indicators","834","United Republic of Tanzania","6121","Value","210041","Prevalence of undernourishment (percent) (3-year average)","20062008","2006-2008","%","25.9","E","Estimated value",""
"FS","Suite of Food Security Indicators","834","United Republic of Tanzania","6121","Value","210041","Prevalence of undernourishment (percent) (3-year average)","20072009","2007-2009","%","25.1","E","Estimated value",""
"FS","Suite of Food Security Indicators","834","United Republic of Tanzania","6121","Value","210041","Prevalence of undernourishment (percent) (3-year average)","20082010","2008-2010","%","24.6","E","Estimated value",""
"FS","Suite of Food Security Indicators","834","United Republic of Tanzania","6121","Value","210041","Prevalence of undernourishment (percent) (3-year average)","20092011","2009-2011","%","23.7","E","Estimated value",""
"FS","Suite of Food Security Indicators","834","United Republic of Tanzania","6121","Value","210041","Prevalence of undernourishment (percent) (3-year average)","20102012","2010-2012","%","22.7","E","Estimated value",""
"FS","Suite of Food Security Indicators","834","United Republic of Tanzania","6121","Value","210041","Prevalence of undernourishment (percent) (3-year average)","20112013","2011-2013","%","21.7","E","Estimated value",""
"FS","Suite of Food Security Indicators","834","United Republic of Tanzania","6121","Value","210041","Prevalence of undernourishment (percent) (3-year average)","20122014","2012-2014","%","21.2","E","Estimated value",""
"FS","Suite of Food Security Indicators","834","United Republic of Tanzania","6121","Value","210041","Prevalence of undernourishment (percent) (3-year average)","20132015","2013-2015","%","21.1","E","Estimated value",""
"FS","Suite of Food Security Indicators","834","United Republic of Tanzania","6121","Value","210041","Prevalence of undernourishment (percent) (3-year average)","20142016","2014-2016","%","21.3","E","Estimated value",""
"FS","Suite of Food Security Indicators","834","United Republic of Tanzania","6121","Value","210041","Prevalence of undernourishment (percent) (3-year average)","20152017","2015-2017","%","21.9","E","Estimated value",""
"FS","Suite of Food Security Indicators","834","United Republic of Tanzania","6121","Value","210041","Prevalence of undernourishment (percent) (3-year average)","20162018","2016-2018","%","22.6","E","Estimated value",""
"FS","Suite of Food Security Indicators","834","United Republic of Tanzania","6121","Value","210041","Prevalence of undernourishment (percent) (3-year average)","20172019","2017-2019","%","22.9","E","Estimated value",""
"FS","Suite of Food Security Indicators","834","United Republic of Tanzania","6121","Value","210041","Prevalence of undernourishment (percent) (3-year average)","20182020","2018-2020","%","23","E","Estimated value",""
"FS","Suite of Food Security Indicators","834","United Republic of Tanzania","6121","Value","210041","Prevalence of undernourishment (percent) (3-year average)","20192021","2019-2021","%","22.8","E","Estimated value",""
"FS","Suite of Food Security Indicators","834","United Republic of Tanzania","6121","Value","210041","Prevalence of undernourishment (percent) (3-year average)","20202022","2020-2022","%","22.4","E","Estimated value",""
"FS","Suite of Food Security Indicators","834","United Republic of Tanzania","6121","Value","210041","Prevalence of undernourishment (percent) (3-year average)","20212023","2021-2023","%","21.4","E","Estimated value",""
"FS","Suite of Food Security Indicators","834","United Republic of Tanzania","6121","Value","210041","Prevalence of undernourishment (percent) (3-year average)","20222024","2022-2024","%","20.2","E","Estimated value",""
"FS","Suite of Food Security Indicators","840","United States of America","6121","Value","210041","Prevalence of undernourishment (percent) (3-year average)","20002002","2000-2002","%","<2.5","E","Estimated value",""
"FS","Suite of Food Security Indicators","840","United States of America","6121","Value","210041","Prevalence of undernourishment (percent) (3-year average)","20012003","2001-2003","%","<2.5","E","Estimated value",""
"FS","Suite of Food Security Indicators","840","United States of America","6121","Value","210041","Prevalence of undernourishment (percent) (3-year average)","20022004","2002-2004","%","<2.5","E","Estimated value",""
"FS","Suite of Food Security Indicators","840","United States of America","6121","Value","210041","Prevalence of undernourishment (percent) (3-year average)","20032005","2003-2005","%","<2.5","E","Estimated value",""
"FS","Suite of Food Security Indicators","840","United States of America","6121","Value","210041","Prevalence of undernourishment (percent) (3-year average)","20042006","2004-2006","%","<2.5","E","Estimated value",""
"FS","Suite of Food Security Indicators","840","United States of America","6121","Value","210041","Prevalence of undernourishment (percent) (3-year average)","20052007","2005-2007","%","<2.5","E","Estimated value",""
"FS","Suite of Food Security Indicators","840","United States of America","6121","Value","210041","Prevalence of undernourishment (percent) (3-year average)","20062008","2006-2008","%","<2.5","E","Estimated value",""
"FS","Suite of Food Security Indicators","840","United States of America","6121","Value","210041","Prevalence of undernourishment (percent) (3-year average)","20072009","2007-2009","%","<2.5","E","Estimated value",""
"FS","Suite of Food Security Indicators","840","United States of America","6121","Value","210041","Prevalence of undernourishment (percent) (3-year average)","20082010","2008-2010","%","<2.5","E","Estimated value",""
"FS","Suite of Food Security Indicators","840","United States of America","6121","Value","210041","Prevalence of undernourishment (percent) (3-year average)","20092011","2009-2011","%","<2.5","E","Estimated value",""
"FS","Suite of Food Security Indicators","840","United States of America","6121","Value","210041","Prevalence of undernourishment (percent) (3-year average)","20102012","2010-2012","%","<2.5","E","Estimated value",""
"FS","Suite of Food Security Indicators","840","United States of America","6121","Value","210041","Prevalence of undernourishment (percent) (3-year average)","20112013","2011-2013","%","<2.5","E","Estimated value",""
"FS","Suite of Food Security Indicators","840","United States of America","6121","Value","210041","Prevalence of undernourishment (percent) (3-year average)","20122014","2012-2014","%","<2.5","E","Estimated value",""
"FS","Suite of Food Security Indicators","840","United States of America","6121","Value","210041","Prevalence of undernourishment (percent) (3-year average)","20132015","2013-2015","%","<2.5","E","Estimated value",""
"FS","Suite of Food Security Indicators","840","United States of America","6121","Value","210041","Prevalence of undernourishment (percent) (3-year average)","20142016","2014-2016","%","<2.5","E","Estimated value",""
"FS","Suite of Food Security Indicators","840","United States of America","6121","Value","210041","Prevalence of undernourishment (percent) (3-year average)","20152017","2015-2017","%","<2.5","E","Estimated value",""
"FS","Suite of Food Security Indicators","840","United States of America","6121","Value","210041","Prevalence of undernourishment (percent) (3-year average)","20162018","2016-2018","%","<2.5","E","Estimated value",""
"FS","Suite of Food Security Indicators","840","United States of America","6121","Value","210041","Prevalence of undernourishment (percent) (3-year average)","20172019","2017-2019","%","<2.5","E","Estimated value",""
"FS","Suite of Food Security Indicators","840","United States of America","6121","Value","210041","Prevalence of undernourishment (percent) (3-year average)","20182020","2018-2020","%","<2.5","E","Estimated value",""
"FS","Suite of Food Security Indicators","840","United States of America","6121","Value","210041","Prevalence of undernourishment (percent) (3-year average)","20192021","2019-2021","%","<2.5","E","Estimated value",""
"FS","Suite of Food Security Indicators","840","United States of America","6121","Value","210041","Prevalence of undernourishment (percent) (3-year average)","20202022","2020-2022","%","<2.5","E","Estimated value",""
"FS","Suite of Food Security Indicators","840","United States of America","6121","Value","210041","Prevalence of undernourishment (percent) (3-year average)","20212023","2021-2023","%","<2.5","E","Estimated value",""
"FS","Suite of Food Security Indicators","840","United States of America","6121","Value","210041","Prevalence of undernourishment (percent) (3-year average)","20222024","2022-2024","%","<2.5","E","Estimated value",""
"FS","Suite of Food Security Indicators","858","Uruguay","6121","Value","210041","Prevalence of undernourishment (percent) (3-year average)","20002002","2000-2002","%","3.6","E","Estimated value",""
"FS","Suite of Food Security Indicators","858","Uruguay","6121","Value","210041","Prevalence of undernourishment (percent) (3-year average)","20012003","2001-2003","%","3.3","E","Estimated value",""
"FS","Suite of Food Security Indicators","858","Uruguay","6121","Value","210041","Prevalence of undernourishment (percent) (3-year average)","20022004","2002-2004","%","3","E","Estimated value",""
"FS","Suite of Food Security Indicators","858","Uruguay","6121","Value","210041","Prevalence of undernourishment (percent) (3-year average)","20032005","2003-2005","%","2.6","E","Estimated value",""
"FS","Suite of Food Security Indicators","858","Uruguay","6121","Value","210041","Prevalence of undernourishment (percent) (3-year average)","20042006","2004-2006","%","<2.5","E","Estimated value",""
"FS","Suite of Food Security Indicators","858","Uruguay","6121","Value","210041","Prevalence of undernourishment (percent) (3-year average)","20052007","2005-2007","%","<2.5","E","Estimated value",""
"FS","Suite of Food Security Indicators","858","Uruguay","6121","Value","210041","Prevalence of undernourishment (percent) (3-year average)","20062008","2006-2008","%","<2.5","E","Estimated value",""
"FS","Suite of Food Security Indicators","858","Uruguay","6121","Value","210041","Prevalence of undernourishment (percent) (3-year average)","20072009","2007-2009","%","<2.5","E","Estimated value",""
"FS","Suite of Food Security Indicators","858","Uruguay","6121","Value","210041","Prevalence of undernourishment (percent) (3-year average)","20082010","2008-2010","%","<2.5","E","Estimated value",""
"FS","Suite of Food Security Indicators","858","Uruguay","6121","Value","210041","Prevalence of undernourishment (percent) (3-year average)","20092011","2009-2011","%","<2.5","E","Estimated value",""
"FS","Suite of Food Security Indicators","858","Uruguay","6121","Value","210041","Prevalence of undernourishment (percent) (3-year average)","20102012","2010-2012","%","<2.5","E","Estimated value",""
"FS","Suite of Food Security Indicators","858","Uruguay","6121","Value","210041","Prevalence of undernourishment (percent) (3-year average)","20112013","2011-2013","%","<2.5","E","Estimated value",""
"FS","Suite of Food Security Indicators","858","Uruguay","6121","Value","210041","Prevalence of undernourishment (percent) (3-year average)","20122014","2012-2014","%","<2.5","E","Estimated value",""
"FS","Suite of Food Security Indicators","858","Uruguay","6121","Value","210041","Prevalence of undernourishment (percent) (3-year average)","20132015","2013-2015","%","<2.5","E","Estimated value",""
"FS","Suite of Food Security Indicators","858","Uruguay","6121","Value","210041","Prevalence of undernourishment (percent) (3-year average)","20142016","2014-2016","%","<2.5","E","Estimated value",""
"FS","Suite of Food Security Indicators","858","Uruguay","6121","Value","210041","Prevalence of undernourishment (percent) (3-year average)","20152017","2015-2017","%","<2.5","E","Estimated value",""
"FS","Suite of Food Security Indicators","858","Uruguay","6121","Value","210041","Prevalence of undernourishment (percent) (3-year average)","20162018","2016-2018","%","<2.5","E","Estimated value",""
"FS","Suite of Food Security Indicators","858","Uruguay","6121","Value","210041","Prevalence of undernourishment (percent) (3-year average)","20172019","2017-2019","%","<2.5","E","Estimated value",""
"FS","Suite of Food Security Indicators","858","Uruguay","6121","Value","210041","Prevalence of undernourishment (percent) (3-year average)","20182020","2018-2020","%","<2.5","E","Estimated value",""
"FS","Suite of Food Security Indicators","858","Uruguay","6121","Value","210041","Prevalence of undernourishment (percent) (3-year average)","20192021","2019-2021","%","<2.5","E","Estimated value",""
"FS","Suite of Food Security Indicators","858","Uruguay","6121","Value","210041","Prevalence of undernourishment (percent) (3-year average)","20202022","2020-2022","%","<2.5","E","Estimated value",""
"FS","Suite of Food Security Indicators","858","Uruguay","6121","Value","210041","Prevalence of undernourishment (percent) (3-year average)","20212023","2021-2023","%","<2.5","E","Estimated value",""
"FS","Suite of Food Security Indicators","858","Uruguay","6121","Value","210041","Prevalence of undernourishment (percent) (3-year average)","20222024","2022-2024","%","<2.5","E","Estimated value",""
"FS","Suite of Food Security Indicators","860","Uzbekistan","6121","Value","210041","Prevalence of undernourishment (percent) (3-year average)","20002002","2000-2002","%","19","E","Estimated value",""
"FS","Suite of Food Security Indicators","860","Uzbekistan","6121","Value","210041","Prevalence of undernourishment (percent) (3-year average)","20012003","2001-2003","%","20.4","E","Estimated value",""
"FS","Suite of Food Security Indicators","860","Uzbekistan","6121","Value","210041","Prevalence of undernourishment (percent) (3-year average)","20022004","2002-2004","%","18.9","E","Estimated value",""
"FS","Suite of Food Security Indicators","860","Uzbekistan","6121","Value","210041","Prevalence of undernourishment (percent) (3-year average)","20032005","2003-2005","%","16","E","Estimated value",""
"FS","Suite of Food Security Indicators","860","Uzbekistan","6121","Value","210041","Prevalence of undernourishment (percent) (3-year average)","20042006","2004-2006","%","13","E","Estimated value",""
"FS","Suite of Food Security Indicators","860","Uzbekistan","6121","Value","210041","Prevalence of undernourishment (percent) (3-year average)","20052007","2005-2007","%","10.3","E","Estimated value",""
"FS","Suite of Food Security Indicators","860","Uzbekistan","6121","Value","210041","Prevalence of undernourishment (percent) (3-year average)","20062008","2006-2008","%","8","E","Estimated value",""
"FS","Suite of Food Security Indicators","860","Uzbekistan","6121","Value","210041","Prevalence of undernourishment (percent) (3-year average)","20072009","2007-2009","%","6.2","E","Estimated value",""
"FS","Suite of Food Security Indicators","860","Uzbekistan","6121","Value","210041","Prevalence of undernourishment (percent) (3-year average)","20082010","2008-2010","%","4.8","E","Estimated value",""
"FS","Suite of Food Security Indicators","860","Uzbekistan","6121","Value","210041","Prevalence of undernourishment (percent) (3-year average)","20092011","2009-2011","%","3.6","E","Estimated value",""
"FS","Suite of Food Security Indicators","860","Uzbekistan","6121","Value","210041","Prevalence of undernourishment (percent) (3-year average)","20102012","2010-2012","%","2.8","E","Estimated value",""
"FS","Suite of Food Security Indicators","860","Uzbekistan","6121","Value","210041","Prevalence of undernourishment (percent) (3-year average)","20112013","2011-2013","%","<2.5","E","Estimated value",""
"FS","Suite of Food Security Indicators","860","Uzbekistan","6121","Value","210041","Prevalence of undernourishment (percent) (3-year average)","20122014","2012-2014","%","<2.5","E","Estimated value",""
"FS","Suite of Food Security Indicators","860","Uzbekistan","6121","Value","210041","Prevalence of undernourishment (percent) (3-year average)","20132015","2013-2015","%","<2.5","E","Estimated value",""
"FS","Suite of Food Security Indicators","860","Uzbekistan","6121","Value","210041","Prevalence of undernourishment (percent) (3-year average)","20142016","2014-2016","%","<2.5","E","Estimated value",""
"FS","Suite of Food Security Indicators","860","Uzbekistan","6121","Value","210041","Prevalence of undernourishment (percent) (3-year average)","20152017","2015-2017","%","<2.5","E","Estimated value",""
"FS","Suite of Food Security Indicators","860","Uzbekistan","6121","Value","210041","Prevalence of undernourishment (percent) (3-year average)","20162018","2016-2018","%","<2.5","E","Estimated value",""
"FS","Suite of Food Security Indicators","860","Uzbekistan","6121","Value","210041","Prevalence of undernourishment (percent) (3-year average)","20172019","2017-2019","%","<2.5","E","Estimated value",""
"FS","Suite of Food Security Indicators","860","Uzbekistan","6121","Value","210041","Prevalence of undernourishment (percent) (3-year average)","20182020","2018-2020","%","<2.5","E","Estimated value",""
"FS","Suite of Food Security Indicators","860","Uzbekistan","6121","Value","210041","Prevalence of undernourishment (percent) (3-year average)","20192021","2019-2021","%","<2.5","E","Estimated value",""
"FS","Suite of Food Security Indicators","860","Uzbekistan","6121","Value","210041","Prevalence of undernourishment (percent) (3-year average)","20202022","2020-2022","%","<2.5","E","Estimated value",""
"FS","Suite of Food Security Indicators","860","Uzbekistan","6121","Value","210041","Prevalence of undernourishment (percent) (3-year average)","20212023","2021-2023","%","<2.5","E","Estimated value",""
"FS","Suite of Food Security Indicators","860","Uzbekistan","6121","Value","210041","Prevalence of undernourishment (percent) (3-year average)","20222024","2022-2024","%","<2.5","E","Estimated value",""
"FS","Suite of Food Security Indicators","548","Vanuatu","6121","Value","210041","Prevalence of undernourishment (percent) (3-year average)","20002002","2000-2002","%","9.2","E","Estimated value",""
"FS","Suite of Food Security Indicators","548","Vanuatu","6121","Value","210041","Prevalence of undernourishment (percent) (3-year average)","20012003","2001-2003","%","9.1","E","Estimated value",""
"FS","Suite of Food Security Indicators","548","Vanuatu","6121","Value","210041","Prevalence of undernourishment (percent) (3-year average)","20022004","2002-2004","%","8.9","E","Estimated value",""
"FS","Suite of Food Security Indicators","548","Vanuatu","6121","Value","210041","Prevalence of undernourishment (percent) (3-year average)","20032005","2003-2005","%","8.7","E","Estimated value",""
"FS","Suite of Food Security Indicators","548","Vanuatu","6121","Value","210041","Prevalence of undernourishment (percent) (3-year average)","20042006","2004-2006","%","8.5","E","Estimated value",""
"FS","Suite of Food Security Indicators","548","Vanuatu","6121","Value","210041","Prevalence of undernourishment (percent) (3-year average)","20052007","2005-2007","%","8","E","Estimated value",""
"FS","Suite of Food Security Indicators","548","Vanuatu","6121","Value","210041","Prevalence of undernourishment (percent) (3-year average)","20062008","2006-2008","%","7.6","E","Estimated value",""
"FS","Suite of Food Security Indicators","548","Vanuatu","6121","Value","210041","Prevalence of undernourishment (percent) (3-year average)","20072009","2007-2009","%","7.3","E","Estimated value",""
"FS","Suite of Food Security Indicators","548","Vanuatu","6121","Value","210041","Prevalence of undernourishment (percent) (3-year average)","20082010","2008-2010","%","7","E","Estimated value",""
"FS","Suite of Food Security Indicators","548","Vanuatu","6121","Value","210041","Prevalence of undernourishment (percent) (3-year average)","20092011","2009-2011","%","6.9","E","Estimated value",""
"FS","Suite of Food Security Indicators","548","Vanuatu","6121","Value","210041","Prevalence of undernourishment (percent) (3-year average)","20102012","2010-2012","%","7.1","E","Estimated value",""
"FS","Suite of Food Security Indicators","548","Vanuatu","6121","Value","210041","Prevalence of undernourishment (percent) (3-year average)","20112013","2011-2013","%","7.6","E","Estimated value",""
"FS","Suite of Food Security Indicators","548","Vanuatu","6121","Value","210041","Prevalence of undernourishment (percent) (3-year average)","20122014","2012-2014","%","7.6","E","Estimated value",""
"FS","Suite of Food Security Indicators","548","Vanuatu","6121","Value","210041","Prevalence of undernourishment (percent) (3-year average)","20132015","2013-2015","%","7.4","E","Estimated value",""
"FS","Suite of Food Security Indicators","548","Vanuatu","6121","Value","210041","Prevalence of undernourishment (percent) (3-year average)","20142016","2014-2016","%","7.4","E","Estimated value",""
"FS","Suite of Food Security Indicators","548","Vanuatu","6121","Value","210041","Prevalence of undernourishment (percent) (3-year average)","20152017","2015-2017","%","7.4","E","Estimated value",""
"FS","Suite of Food Security Indicators","548","Vanuatu","6121","Value","210041","Prevalence of undernourishment (percent) (3-year average)","20162018","2016-2018","%","7.4","E","Estimated value",""
"FS","Suite of Food Security Indicators","548","Vanuatu","6121","Value","210041","Prevalence of undernourishment (percent) (3-year average)","20172019","2017-2019","%","7.6","E","Estimated value",""
"FS","Suite of Food Security Indicators","548","Vanuatu","6121","Value","210041","Prevalence of undernourishment (percent) (3-year average)","20182020","2018-2020","%","7.9","E","Estimated value",""
"FS","Suite of Food Security Indicators","548","Vanuatu","6121","Value","210041","Prevalence of undernourishment (percent) (3-year average)","20192021","2019-2021","%","8.2","E","Estimated value",""
"FS","Suite of Food Security Indicators","548","Vanuatu","6121","Value","210041","Prevalence of undernourishment (percent) (3-year average)","20202022","2020-2022","%","8.3","E","Estimated value",""
"FS","Suite of Food Security Indicators","548","Vanuatu","6121","Value","210041","Prevalence of undernourishment (percent) (3-year average)","20212023","2021-2023","%","8","E","Estimated value",""
"FS","Suite of Food Security Indicators","548","Vanuatu","6121","Value","210041","Prevalence of undernourishment (percent) (3-year average)","20222024","2022-2024","%","7.2","E","Estimated value",""
"FS","Suite of Food Security Indicators","862","Venezuela (Bolivarian Republic of)","6121","Value","210041","Prevalence of undernourishment (percent) (3-year average)","20002002","2000-2002","%","14.1","E","Estimated value",""
"FS","Suite of Food Security Indicators","862","Venezuela (Bolivarian Republic of)","6121","Value","210041","Prevalence of undernourishment (percent) (3-year average)","20012003","2001-2003","%","14.2","E","Estimated value",""
"FS","Suite of Food Security Indicators","862","Venezuela (Bolivarian Republic of)","6121","Value","210041","Prevalence of undernourishment (percent) (3-year average)","20022004","2002-2004","%","13.8","E","Estimated value",""
"FS","Suite of Food Security Indicators","862","Venezuela (Bolivarian Republic of)","6121","Value","210041","Prevalence of undernourishment (percent) (3-year average)","20032005","2003-2005","%","9.3","E","Estimated value",""
"FS","Suite of Food Security Indicators","862","Venezuela (Bolivarian Republic of)","6121","Value","210041","Prevalence of undernourishment (percent) (3-year average)","20042006","2004-2006","%","7.8","E","Estimated value",""
"FS","Suite of Food Security Indicators","862","Venezuela (Bolivarian Republic of)","6121","Value","210041","Prevalence of undernourishment (percent) (3-year average)","20052007","2005-2007","%","6.5","E","Estimated value",""
"FS","Suite of Food Security Indicators","862","Venezuela (Bolivarian Republic of)","6121","Value","210041","Prevalence of undernourishment (percent) (3-year average)","20062008","2006-2008","%","4.4","E","Estimated value",""
"FS","Suite of Food Security Indicators","862","Venezuela (Bolivarian Republic of)","6121","Value","210041","Prevalence of undernourishment (percent) (3-year average)","20072009","2007-2009","%","2.6","E","Estimated value",""
"FS","Suite of Food Security Indicators","862","Venezuela (Bolivarian Republic of)","6121","Value","210041","Prevalence of undernourishment (percent) (3-year average)","20082010","2008-2010","%","<2.5","E","Estimated value",""
"FS","Suite of Food Security Indicators","862","Venezuela (Bolivarian Republic of)","6121","Value","210041","Prevalence of undernourishment (percent) (3-year average)","20092011","2009-2011","%","<2.5","E","Estimated value",""
"FS","Suite of Food Security Indicators","862","Venezuela (Bolivarian Republic of)","6121","Value","210041","Prevalence of undernourishment (percent) (3-year average)","20102012","2010-2012","%","<2.5","E","Estimated value",""
"FS","Suite of Food Security Indicators","862","Venezuela (Bolivarian Republic of)","6121","Value","210041","Prevalence of undernourishment (percent) (3-year average)","20112013","2011-2013","%","<2.5","E","Estimated value",""
"FS","Suite of Food Security Indicators","862","Venezuela (Bolivarian Republic of)","6121","Value","210041","Prevalence of undernourishment (percent) (3-year average)","20122014","2012-2014","%","<2.5","E","Estimated value",""
"FS","Suite of Food Security Indicators","862","Venezuela (Bolivarian Republic of)","6121","Value","210041","Prevalence of undernourishment (percent) (3-year average)","20132015","2013-2015","%","3.9","E","Estimated value",""
"FS","Suite of Food Security Indicators","862","Venezuela (Bolivarian Republic of)","6121","Value","210041","Prevalence of undernourishment (percent) (3-year average)","20142016","2014-2016","%","11.3","E","Estimated value",""
"FS","Suite of Food Security Indicators","862","Venezuela (Bolivarian Republic of)","6121","Value","210041","Prevalence of undernourishment (percent) (3-year average)","20152017","2015-2017","%","17.4","E","Estimated value",""
"FS","Suite of Food Security Indicators","862","Venezuela (Bolivarian Republic of)","6121","Value","210041","Prevalence of undernourishment (percent) (3-year average)","20162018","2016-2018","%","23.7","E","Estimated value",""
"FS","Suite of Food Security Indicators","862","Venezuela (Bolivarian Republic of)","6121","Value","210041","Prevalence of undernourishment (percent) (3-year average)","20172019","2017-2019","%","23.4","E","Estimated value",""
"FS","Suite of Food Security Indicators","862","Venezuela (Bolivarian Republic of)","6121","Value","210041","Prevalence of undernourishment (percent) (3-year average)","20182020","2018-2020","%","24.1","E","Estimated value",""
"FS","Suite of Food Security Indicators","862","Venezuela (Bolivarian Republic of)","6121","Value","210041","Prevalence of undernourishment (percent) (3-year average)","20192021","2019-2021","%","18.5","E","Estimated value",""
"FS","Suite of Food Security Indicators","862","Venezuela (Bolivarian Republic of)","6121","Value","210041","Prevalence of undernourishment (percent) (3-year average)","20202022","2020-2022","%","13","E","Estimated value",""
"FS","Suite of Food Security Indicators","862","Venezuela (Bolivarian Republic of)","6121","Value","210041","Prevalence of undernourishment (percent) (3-year average)","20212023","2021-2023","%","7.3","E","Estimated value",""
"FS","Suite of Food Security Indicators","862","Venezuela (Bolivarian Republic of)","6121","Value","210041","Prevalence of undernourishment (percent) (3-year average)","20222024","2022-2024","%","5.9","E","Estimated value",""
"FS","Suite of Food Security Indicators","704","Viet Nam","6121","Value","210041","Prevalence of undernourishment (percent) (3-year average)","20002002","2000-2002","%","19.5","E","Estimated value",""
"FS","Suite of Food Security Indicators","704","Viet Nam","6121","Value","210041","Prevalence of undernourishment (percent) (3-year average)","20012003","2001-2003","%","17.7","E","Estimated value",""
"FS","Suite of Food Security Indicators","704","Viet Nam","6121","Value","210041","Prevalence of undernourishment (percent) (3-year average)","20022004","2002-2004","%","16","E","Estimated value",""
"FS","Suite of Food Security Indicators","704","Viet Nam","6121","Value","210041","Prevalence of undernourishment (percent) (3-year average)","20032005","2003-2005","%","15.3","E","Estimated value",""
"FS","Suite of Food Security Indicators","704","Viet Nam","6121","Value","210041","Prevalence of undernourishment (percent) (3-year average)","20042006","2004-2006","%","15.2","E","Estimated value",""
"FS","Suite of Food Security Indicators","704","Viet Nam","6121","Value","210041","Prevalence of undernourishment (percent) (3-year average)","20052007","2005-2007","%","14.9","E","Estimated value",""
"FS","Suite of Food Security Indicators","704","Viet Nam","6121","Value","210041","Prevalence of undernourishment (percent) (3-year average)","20062008","2006-2008","%","13.8","E","Estimated value",""
"FS","Suite of Food Security Indicators","704","Viet Nam","6121","Value","210041","Prevalence of undernourishment (percent) (3-year average)","20072009","2007-2009","%","12.5","E","Estimated value",""
"FS","Suite of Food Security Indicators","704","Viet Nam","6121","Value","210041","Prevalence of undernourishment (percent) (3-year average)","20082010","2008-2010","%","11.3","E","Estimated value",""
"FS","Suite of Food Security Indicators","704","Viet Nam","6121","Value","210041","Prevalence of undernourishment (percent) (3-year average)","20092011","2009-2011","%","10.4","E","Estimated value",""
"FS","Suite of Food Security Indicators","704","Viet Nam","6121","Value","210041","Prevalence of undernourishment (percent) (3-year average)","20102012","2010-2012","%","9.3","E","Estimated value",""
"FS","Suite of Food Security Indicators","704","Viet Nam","6121","Value","210041","Prevalence of undernourishment (percent) (3-year average)","20112013","2011-2013","%","8.8","E","Estimated value",""
"FS","Suite of Food Security Indicators","704","Viet Nam","6121","Value","210041","Prevalence of undernourishment (percent) (3-year average)","20122014","2012-2014","%","8.4","E","Estimated value",""
"FS","Suite of Food Security Indicators","704","Viet Nam","6121","Value","210041","Prevalence of undernourishment (percent) (3-year average)","20132015","2013-2015","%","8.3","E","Estimated value",""
"FS","Suite of Food Security Indicators","704","Viet Nam","6121","Value","210041","Prevalence of undernourishment (percent) (3-year average)","20142016","2014-2016","%","8","E","Estimated value",""
"FS","Suite of Food Security Indicators","704","Viet Nam","6121","Value","210041","Prevalence of undernourishment (percent) (3-year average)","20152017","2015-2017","%","7.7","E","Estimated value",""
"FS","Suite of Food Security Indicators","704","Viet Nam","6121","Value","210041","Prevalence of undernourishment (percent) (3-year average)","20162018","2016-2018","%","7.3","E","Estimated value",""
"FS","Suite of Food Security Indicators","704","Viet Nam","6121","Value","210041","Prevalence of undernourishment (percent) (3-year average)","20172019","2017-2019","%","6.9","E","Estimated value",""
"FS","Suite of Food Security Indicators","704","Viet Nam","6121","Value","210041","Prevalence of undernourishment (percent) (3-year average)","20182020","2018-2020","%","6.4","E","Estimated value",""
"FS","Suite of Food Security Indicators","704","Viet Nam","6121","Value","210041","Prevalence of undernourishment (percent) (3-year average)","20192021","2019-2021","%","5.9","E","Estimated value",""
"FS","Suite of Food Security Indicators","704","Viet Nam","6121","Value","210041","Prevalence of undernourishment (percent) (3-year average)","20202022","2020-2022","%","5.6","E","Estimated value",""
"FS","Suite of Food Security Indicators","704","Viet Nam","6121","Value","210041","Prevalence of undernourishment (percent) (3-year average)","20212023","2021-2023","%","5.4","E","Estimated value",""
"FS","Suite of Food Security Indicators","704","Viet Nam","6121","Value","210041","Prevalence of undernourishment (percent) (3-year average)","20222024","2022-2024","%","5.3","E","Estimated value",""
"FS","Suite of Food Security Indicators","887","Yemen","6121","Value","210041","Prevalence of undernourishment (percent) (3-year average)","20002002","2000-2002","%","","O","Missing value",""
"FS","Suite of Food Security Indicators","887","Yemen","6121","Value","210041","Prevalence of undernourishment (percent) (3-year average)","20012003","2001-2003","%","","O","Missing value",""
"FS","Suite of Food Security Indicators","887","Yemen","6121","Value","210041","Prevalence of undernourishment (percent) (3-year average)","20022004","2002-2004","%","","O","Missing value",""
"FS","Suite of Food Security Indicators","887","Yemen","6121","Value","210041","Prevalence of undernourishment (percent) (3-year average)","20032005","2003-2005","%","","O","Missing value",""
"FS","Suite of Food Security Indicators","887","Yemen","6121","Value","210041","Prevalence of undernourishment (percent) (3-year average)","20042006","2004-2006","%","","O","Missing value",""
"FS","Suite of Food Security Indicators","887","Yemen","6121","Value","210041","Prevalence of undernourishment (percent) (3-year average)","20052007","2005-2007","%","","O","Missing value",""
"FS","Suite of Food Security Indicators","887","Yemen","6121","Value","210041","Prevalence of undernourishment (percent) (3-year average)","20062008","2006-2008","%","","O","Missing value",""
"FS","Suite of Food Security Indicators","887","Yemen","6121","Value","210041","Prevalence of undernourishment (percent) (3-year average)","20072009","2007-2009","%","","O","Missing value",""
"FS","Suite of Food Security Indicators","887","Yemen","6121","Value","210041","Prevalence of undernourishment (percent) (3-year average)","20082010","2008-2010","%","","O","Missing value",""
"FS","Suite of Food Security Indicators","887","Yemen","6121","Value","210041","Prevalence of undernourishment (percent) (3-year average)","20092011","2009-2011","%","","O","Missing value",""
"FS","Suite of Food Security Indicators","887","Yemen","6121","Value","210041","Prevalence of undernourishment (percent) (3-year average)","20102012","2010-2012","%","","O","Missing value",""
"FS","Suite of Food Security Indicators","887","Yemen","6121","Value","210041","Prevalence of undernourishment (percent) (3-year average)","20112013","2011-2013","%","","O","Missing value",""
"FS","Suite of Food Security Indicators","887","Yemen","6121","Value","210041","Prevalence of undernourishment (percent) (3-year average)","20122014","2012-2014","%","","O","Missing value",""
"FS","Suite of Food Security Indicators","887","Yemen","6121","Value","210041","Prevalence of undernourishment (percent) (3-year average)","20132015","2013-2015","%","","O","Missing value",""
"FS","Suite of Food Security Indicators","887","Yemen","6121","Value","210041","Prevalence of undernourishment (percent) (3-year average)","20142016","2014-2016","%","","O","Missing value",""
"FS","Suite of Food Security Indicators","887","Yemen","6121","Value","210041","Prevalence of undernourishment (percent) (3-year average)","20152017","2015-2017","%","","O","Missing value",""
"FS","Suite of Food Security Indicators","887","Yemen","6121","Value","210041","Prevalence of undernourishment (percent) (3-year average)","20162018","2016-2018","%","","O","Missing value",""
"FS","Suite of Food Security Indicators","887","Yemen","6121","Value","210041","Prevalence of undernourishment (percent) (3-year average)","20172019","2017-2019","%","","O","Missing value",""
"FS","Suite of Food Security Indicators","887","Yemen","6121","Value","210041","Prevalence of undernourishment (percent) (3-year average)","20182020","2018-2020","%","","O","Missing value",""
"FS","Suite of Food Security Indicators","887","Yemen","6121","Value","210041","Prevalence of undernourishment (percent) (3-year average)","20192021","2019-2021","%","","O","Missing value",""
"FS","Suite of Food Security Indicators","887","Yemen","6121","Value","210041","Prevalence of undernourishment (percent) (3-year average)","20202022","2020-2022","%","","O","Missing value",""
"FS","Suite of Food Security Indicators","887","Yemen","6121","Value","210041","Prevalence of undernourishment (percent) (3-year average)","20212023","2021-2023","%","","O","Missing value",""
"FS","Suite of Food Security Indicators","887","Yemen","6121","Value","210041","Prevalence of undernourishment (percent) (3-year average)","20222024","2022-2024","%","","O","Missing value",""
"FS","Suite of Food Security Indicators","894","Zambia","6121","Value","210041","Prevalence of undernourishment (percent) (3-year average)","20002002","2000-2002","%","50.3","E","Estimated value",""
"FS","Suite of Food Security Indicators","894","Zambia","6121","Value","210041","Prevalence of undernourishment (percent) (3-year average)","20012003","2001-2003","%","50.1","E","Estimated value",""
"FS","Suite of Food Security Indicators","894","Zambia","6121","Value","210041","Prevalence of undernourishment (percent) (3-year average)","20022004","2002-2004","%","50.1","E","Estimated value",""
"FS","Suite of Food Security Indicators","894","Zambia","6121","Value","210041","Prevalence of undernourishment (percent) (3-year average)","20032005","2003-2005","%","49.5","E","Estimated value",""
"FS","Suite of Food Security Indicators","894","Zambia","6121","Value","210041","Prevalence of undernourishment (percent) (3-year average)","20042006","2004-2006","%","49.4","E","Estimated value",""
"FS","Suite of Food Security Indicators","894","Zambia","6121","Value","210041","Prevalence of undernourishment (percent) (3-year average)","20052007","2005-2007","%","48.1","E","Estimated value",""
"FS","Suite of Food Security Indicators","894","Zambia","6121","Value","210041","Prevalence of undernourishment (percent) (3-year average)","20062008","2006-2008","%","46.8","E","Estimated value",""
"FS","Suite of Food Security Indicators","894","Zambia","6121","Value","210041","Prevalence of undernourishment (percent) (3-year average)","20072009","2007-2009","%","45.6","E","Estimated value",""
"FS","Suite of Food Security Indicators","894","Zambia","6121","Value","210041","Prevalence of undernourishment (percent) (3-year average)","20082010","2008-2010","%","44.9","E","Estimated value",""
"FS","Suite of Food Security Indicators","894","Zambia","6121","Value","210041","Prevalence of undernourishment (percent) (3-year average)","20092011","2009-2011","%","43.9","E","Estimated value",""
"FS","Suite of Food Security Indicators","894","Zambia","6121","Value","210041","Prevalence of undernourishment (percent) (3-year average)","20102012","2010-2012","%","42.8","E","Estimated value",""
"FS","Suite of Food Security Indicators","894","Zambia","6121","Value","210041","Prevalence of undernourishment (percent) (3-year average)","20112013","2011-2013","%","41.1","E","Estimated value",""
"FS","Suite of Food Security Indicators","894","Zambia","6121","Value","210041","Prevalence of undernourishment (percent) (3-year average)","20122014","2012-2014","%","39.1","E","Estimated value",""
"FS","Suite of Food Security Indicators","894","Zambia","6121","Value","210041","Prevalence of undernourishment (percent) (3-year average)","20132015","2013-2015","%","37.3","E","Estimated value",""
"FS","Suite of Food Security Indicators","894","Zambia","6121","Value","210041","Prevalence of undernourishment (percent) (3-year average)","20142016","2014-2016","%","35.1","E","Estimated value",""
"FS","Suite of Food Security Indicators","894","Zambia","6121","Value","210041","Prevalence of undernourishment (percent) (3-year average)","20152017","2015-2017","%","33.4","E","Estimated value",""
"FS","Suite of Food Security Indicators","894","Zambia","6121","Value","210041","Prevalence of undernourishment (percent) (3-year average)","20162018","2016-2018","%","31.8","E","Estimated value",""
"FS","Suite of Food Security Indicators","894","Zambia","6121","Value","210041","Prevalence of undernourishment (percent) (3-year average)","20172019","2017-2019","%","31.5","E","Estimated value",""
"FS","Suite of Food Security Indicators","894","Zambia","6121","Value","210041","Prevalence of undernourishment (percent) (3-year average)","20182020","2018-2020","%","32.1","E","Estimated value",""
"FS","Suite of Food Security Indicators","894","Zambia","6121","Value","210041","Prevalence of undernourishment (percent) (3-year average)","20192021","2019-2021","%","33.9","E","Estimated value",""
"FS","Suite of Food Security Indicators","894","Zambia","6121","Value","210041","Prevalence of undernourishment (percent) (3-year average)","20202022","2020-2022","%","35.7","E","Estimated value",""
"FS","Suite of Food Security Indicators","894","Zambia","6121","Value","210041","Prevalence of undernourishment (percent) (3-year average)","20212023","2021-2023","%","36.2","E","Estimated value",""
"FS","Suite of Food Security Indicators","894","Zambia","6121","Value","210041","Prevalence of undernourishment (percent) (3-year average)","20222024","2022-2024","%","37.2","E","Estimated value",""
"FS","Suite of Food Security Indicators","716","Zimbabwe","6121","Value","210041","Prevalence of undernourishment (percent) (3-year average)","20002002","2000-2002","%","32.8","E","Estimated value",""
"FS","Suite of Food Security Indicators","716","Zimbabwe","6121","Value","210041","Prevalence of undernourishment (percent) (3-year average)","20012003","2001-2003","%","31.8","E","Estimated value",""
"FS","Suite of Food Security Indicators","716","Zimbabwe","6121","Value","210041","Prevalence of undernourishment (percent) (3-year average)","20022004","2002-2004","%","31.4","E","Estimated value",""
"FS","Suite of Food Security Indicators","716","Zimbabwe","6121","Value","210041","Prevalence of undernourishment (percent) (3-year average)","20032005","2003-2005","%","30.6","E","Estimated value",""
"FS","Suite of Food Security Indicators","716","Zimbabwe","6121","Value","210041","Prevalence of undernourishment (percent) (3-year average)","20042006","2004-2006","%","29.5","E","Estimated value",""
"FS","Suite of Food Security Indicators","716","Zimbabwe","6121","Value","210041","Prevalence of undernourishment (percent) (3-year average)","20052007","2005-2007","%","28.7","E","Estimated value",""
"FS","Suite of Food Security Indicators","716","Zimbabwe","6121","Value","210041","Prevalence of undernourishment (percent) (3-year average)","20062008","2006-2008","%","27.9","E","Estimated value",""
"FS","Suite of Food Security Indicators","716","Zimbabwe","6121","Value","210041","Prevalence of undernourishment (percent) (3-year average)","20072009","2007-2009","%","27.1","E","Estimated value",""
"FS","Suite of Food Security Indicators","716","Zimbabwe","6121","Value","210041","Prevalence of undernourishment (percent) (3-year average)","20082010","2008-2010","%","28","E","Estimated value",""
"FS","Suite of Food Security Indicators","716","Zimbabwe","6121","Value","210041","Prevalence of undernourishment (percent) (3-year average)","20092011","2009-2011","%","29.2","E","Estimated value",""
"FS","Suite of Food Security Indicators","716","Zimbabwe","6121","Value","210041","Prevalence of undernourishment (percent) (3-year average)","20102012","2010-2012","%","29.9","E","Estimated value",""
"FS","Suite of Food Security Indicators","716","Zimbabwe","6121","Value","210041","Prevalence of undernourishment (percent) (3-year average)","20112013","2011-2013","%","29.6","E","Estimated value",""
"FS","Suite of Food Security Indicators","716","Zimbabwe","6121","Value","210041","Prevalence of undernourishment (percent) (3-year average)","20122014","2012-2014","%","31.1","E","Estimated value",""
"FS","Suite of Food Security Indicators","716","Zimbabwe","6121","Value","210041","Prevalence of undernourishment (percent) (3-year average)","20132015","2013-2015","%","33.4","E","Estimated value",""
"FS","Suite of Food Security Indicators","716","Zimbabwe","6121","Value","210041","Prevalence of undernourishment (percent) (3-year average)","20142016","2014-2016","%","34.3","E","Estimated value",""
"FS","Suite of Food Security Indicators","716","Zimbabwe","6121","Value","210041","Prevalence of undernourishment (percent) (3-year average)","20152017","2015-2017","%","32.8","E","Estimated value",""
"FS","Suite of Food Security Indicators","716","Zimbabwe","6121","Value","210041","Prevalence of undernourishment (percent) (3-year average)","20162018","2016-2018","%","30.9","E","Estimated value",""
"FS","Suite of Food Security Indicators","716","Zimbabwe","6121","Value","210041","Prevalence of undernourishment (percent) (3-year average)","20172019","2017-2019","%","31","E","Estimated value",""
"FS","Suite of Food Security Indicators","716","Zimbabwe","6121","Value","210041","Prevalence of undernourishment (percent) (3-year average)","20182020","2018-2020","%","30","E","Estimated value",""
"FS","Suite of Food Security Indicators","716","Zimbabwe","6121","Value","210041","Prevalence of undernourishment (percent) (3-year average)","20192021","2019-2021","%","28.2","E","Estimated value",""
"FS","Suite of Food Security Indicators","716","Zimbabwe","6121","Value","210041","Prevalence of undernourishment (percent) (3-year average)","20202022","2020-2022","%","24.8","E","Estimated value",""
"FS","Suite of Food Security Indicators","716","Zimbabwe","6121","Value","210041","Prevalence of undernourishment (percent) (3-year average)","20212023","2021-2023","%","21.4","E","Estimated value",""
"FS","Suite of Food Security Indicators","716","Zimbabwe","6121","Value","210041","Prevalence of undernourishment (percent) (3-year average)","20222024","2022-2024","%","19.7","E","Estimated value",""
