"Data Source","World Development Indicators",

"Last Updated Date","2026-04-08",

"Country Name","Country Code","Indicator Name","Indicator Code","1960","1961","1962","1963","1964","1965","1966","1967","1968","1969","1970","1971","1972","1973","1974","1975","1976","1977","1978","1979","1980","1981","1982","1983","1984","1985","1986","1987","1988","1989","1990","1991","1992","1993","1994","1995","1996","1997","1998","1999","2000","2001","2002","2003","2004","2005","2006","2007","2008","2009","2010","2011","2012","2013","2014","2015","2016","2017","2018","2019","2020","2021","2022","2023","2024","2025",
"Aruba","ABW","Employment in agriculture, female (% of female employment) (modeled ILO estimate)","SL.AGR.EMPL.FE.ZS","","","","","","","","","","","","","","","","","","","","","","","","","","","","","","","","","","","","","","","","","","","","","","","","","","","","","","","","","","","","","","","","","","",
"Africa Eastern and Southern","AFE","Employment in agriculture, female (% of female employment) (modeled ILO estimate)","SL.AGR.EMPL.FE.ZS","","","","","","","","","","","","","","","","","","","","","","","","","","","","","","","","64.6990441037439","65.4120803919394","65.5922044989044","65.7575038545753","65.5421799831416","65.0380909983066","65.0777711929721","65.2202195600519","65.3066515722373","65.5524470068429","65.6293343131963","66.0221307205105","66.2039792740438","66.0818352161107","65.9776663398053","65.5468495645693","65.0214662145502","64.5811031745726","64.2424140624034","63.7144267272228","63.3816355032654","62.675384944183","62.8045148020224","62.3619893135742","61.6776049909827","61.1393794268817","60.4561304244232","59.6179159097083","58.6855774742023","60.6829488822057","61.4042067999319","60.3860202116641","59.8930565156646","59.0028144115304","58.5288696378937",
"Afghanistan","AFG","Employment in agriculture, female (% of female employment) (modeled ILO estimate)","SL.AGR.EMPL.FE.ZS","","","","","","","","","","","","","","","","","","","","","","","","","","","","","","","","66.8526138044479","66.5950677825285","66.7294078241985","67.0103810694947","65.8430571857872","65.4404006742238","65.0468853597701","64.9417696085727","64.8367180510842","64.7210629431284","66.9961789455607","63.5049401368218","62.8394275711376","63.1514980177471","61.0247961513476","60.4705012873518","57.65427441099","56.7573584681072","53.2652723644898","50.856581735692","51.8279022776025","49.2852172677609","48.2160966738469","46.5766389074044","46.9227364517276","47.4766914565572","47.7119564058148","49.4848934275388","51.2834767430896","53.7939670942137","74.4806014482023","74.3920902494415","73.4229189996267","73.8938839949861","74.6220196601876",
"Africa Western and Central","AFW","Employment in agriculture, female (% of female employment) (modeled ILO estimate)","SL.AGR.EMPL.FE.ZS","","","","","","","","","","","","","","","","","","","","","","","","","","","","","","","","54.6946152126864","54.4586043583342","54.4624940056996","54.3437119915044","54.2166653077255","53.8690556597549","53.4186766627473","52.9107908507127","52.5323819982053","52.3667432412637","51.9880244693228","51.7290739794454","51.3251601892059","50.7196129510414","50.2447838536165","49.6741564362197","49.0703256287934","48.287726598967","47.4076875499037","46.1708362801795","45.243881231043","43.6447811069932","42.046665153911","41.3153737359627","40.7865450035288","40.6392508136133","39.8755898876342","39.1383472182648","38.0491070776087","38.9131612705415","38.3243035559179","36.6274565972321","36.0276595961096","35.5241922915659","34.9893622703083",
"Angola","AGO","Employment in agriculture, female (% of female employment) (modeled ILO estimate)","SL.AGR.EMPL.FE.ZS","","","","","","","","","","","","","","","","","","","","","","","","","","","","","","","","31.9202491138172","32.6779676640911","33.2430541055863","33.8839420216694","33.6928507826693","33.5608541536348","33.2511103651039","32.885297639271","33.7210770617979","33.8195726787273","33.427061772338","33.4797821001749","33.5054362445337","33.7118790937204","35.5741989359009","37.1243142504659","38.6309154451968","40.2492962770392","41.8120339740358","45.6545471600003","49.5103184450258","52.9716771825031","56.4043448535894","59.7465872082276","59.4366255673819","59.4220093842132","59.3835284540239","59.6189993235512","59.5849860509371","60.9895868209849","61.3740739192677","56.7940515254703","56.5158217396881","56.2478837362061","55.9343526979619",
"Albania","ALB","Employment in agriculture, female (% of female employment) (modeled ILO estimate)","SL.AGR.EMPL.FE.ZS","","","","","","","","","","","","","","","","","","","","","","","","","","","","","","","","49.1929375239894","48.4154832882765","49.3876922286976","49.9951122552055","52.4506650210732","56.5074534667574","54.6625961462215","56.0812277480804","58.2354394507947","57.7278645969844","57.7796088630248","57.1223218857181","57.4372602763156","57.6217181547791","57.988922487609","57.1511442221831","56.5580483583632","56.1667855122534","56.7790273703285","52.6381920433965","54.1734946905662","56.7985324706465","52.5963705268005","49.3629397516591","47.3498663035986","44.857341223923","42.0556274182427","41.9124730701079","41.2802429986711","41.0446542494486","39.665422047673","39.8023498297818","37.1836278906467","36.4496282294867","35.6844251557712",
"Andorra","AND","Employment in agriculture, female (% of female employment) (modeled ILO estimate)","SL.AGR.EMPL.FE.ZS","","","","","","","","","","","","","","","","","","","","","","","","","","","","","","","","","","","","","","","","","","","","","","","","","","","","","","","","","","","","","","","","","","",
"Arab World","ARB","Employment in agriculture, female (% of female employment) (modeled ILO estimate)","SL.AGR.EMPL.FE.ZS","","","","","","","","","","","","","","","","","","","","","","","","","","","","","","","","49.1874067072067","48.7240240028651","46.3325153858702","45.0945248745732","45.6062712961885","44.8345614323601","42.7297918988797","41.4075106359079","40.5239257141561","42.3341180974426","38.9699832134634","37.0105534291556","38.4860748699698","39.4884173731318","38.6211627303621","36.8142502647589","37.0682174241745","35.3584952636537","34.5966095222055","32.8543289476436","31.5641023748849","29.1193522630379","29.557638506181","28.7457471125056","26.7890505519696","25.5703835577278","24.862990991621","19.8677405663926","19.0396039162205","18.8421086802806","18.689033430776","17.2141211324409","14.4206130592267","14.1513272261395","13.6561243627801",
"United Arab Emirates","ARE","Employment in agriculture, female (% of female employment) (modeled ILO estimate)","SL.AGR.EMPL.FE.ZS","","","","","","","","","","","","","","","","","","","","","","","","","","","","","","","","0.0512500349432056","0.0499341385930626","0.0491205831088576","0.0476534403550181","0.0461958423741863","0.0467286768838287","0.0470886331403073","0.0469851996621064","0.0470196273358679","0.0472061618162672","0.053547820049781","0.0605503962989421","0.0684644095496809","0.0772865656553783","0.086674664582806","0.0982192843742941","0.111082965479152","0.125922526997159","0.124799234314472","0.124905569672413","0.125151550705933","0.124344333757343","0.122309708401787","0.119922202753747","0.11708442039007","0.114570191885468","0.11151335201189","0.108971971300516","0.109319819089402","0.0956201741693349","0.0699916072703586","0.0667073209137472","0.0642242204583701","0.062006308467905","0.060221549001372",
"Argentina","ARG","Employment in agriculture, female (% of female employment) (modeled ILO estimate)","SL.AGR.EMPL.FE.ZS","","","","","","","","","","","","","","","","","","","","","","","","","","","","","","","","7.88574552412191","7.65362510205676","7.24188064475219","7.00847421684767","6.79240791216754","6.64623068489882","6.42945656223441","6.26221803490557","6.11780742861693","5.97657257856442","5.92504986580616","5.84955645245576","5.52958869636871","5.29492196708944","5.02651132485848","4.79652898218025","4.57508200823997","4.38620338758528","4.32057876390422","4.09286259978896","4.1004172714728","3.99424220700286","3.88455415010314","3.84287481713665","3.73570176225836","3.6553651699508","3.56278572067775","3.53063690824815","3.46962065024176","4.20227948109119","4.09614704789845","4.00633720899631","3.90098277389007","3.77198885814207","3.63057660294577",
"Armenia","ARM","Employment in agriculture, female (% of female employment) (modeled ILO estimate)","SL.AGR.EMPL.FE.ZS","","","","","","","","","","","","","","","","","","","","","","","","","","","","","","","","51.308445310794","52.2071099224625","52.8791747430869","52.9786371610795","52.9831409187111","53.0180924225049","53.0070715088853","52.8845535128893","52.7568360142088","52.7354132928821","52.561591466868","52.1712152583816","50.8323276662334","49.4491623619208","47.8662268991834","46.2940440194532","44.6494958665838","44.2977446760892","44.2433823400256","44.197238954212","42.0696043916176","40.9197838664281","40.7373387769927","40.4777810768013","40.0086359759184","36.8732183462779","34.7926182761422","40.1302378358916","36.2489045697264","31.7234480463011","31.6145115901735","34.2376475244217","32.1685900617811","31.6494050895541","31.1683772691725",
"American Samoa","ASM","Employment in agriculture, female (% of female employment) (modeled ILO estimate)","SL.AGR.EMPL.FE.ZS","","","","","","","","","","","","","","","","","","","","","","","","","","","","","","","","","","","","","","","","","","","","","","","","","","","","","","","","","","","","","","","","","","",
"Antigua and Barbuda","ATG","Employment in agriculture, female (% of female employment) (modeled ILO estimate)","SL.AGR.EMPL.FE.ZS","","","","","","","","","","","","","","","","","","","","","","","","","","","","","","","","","","","","","","","","","","","","","","","","","","","","","","","","","","","","","","","","","","",
"Australia","AUS","Employment in agriculture, female (% of female employment) (modeled ILO estimate)","SL.AGR.EMPL.FE.ZS","","","","","","","","","","","","","","","","","","","","","","","","","","","","","","","","4.38895657585289","4.12230728091915","4.1843074252942","4.0011012123959","3.88933937676287","3.93803395500841","3.98648487406921","3.94158512586309","4.01915376117526","3.97820909719317","3.85875479780519","3.53235348848056","3.13422758680829","2.98569091376403","2.85893597106103","2.71858260779718","2.63478054795527","2.56086639480848","2.50151612851762","2.57104243267415","2.13127333520712","2.15951757007341","1.88242000410032","1.82967249030953","1.8521887942852","1.6834121958063","1.65617101888279","1.68025566277331","1.71958227352319","1.90776331823838","1.79625951800494","1.36252199887028","1.4894904876159","1.48970234705177","1.44490721687307",
"Austria","AUT","Employment in agriculture, female (% of female employment) (modeled ILO estimate)","SL.AGR.EMPL.FE.ZS","","","","","","","","","","","","","","","","","","","","","","","","","","","","","","","","8.19671322705251","7.79935380566092","7.6025697692071","7.33463422656416","7.52475784174267","7.88615177427585","7.10278067362816","6.64344088781357","6.37650241948072","5.83654590360317","5.75668854114084","5.56551658019333","5.2910542556609","5.10567184476363","5.28952305182533","5.28772110220449","5.6191633015381","5.41227422897346","5.41975121961159","5.16374532629737","4.6588886463432","4.24490764438789","4.18678064257231","4.56996577078654","4.21088829510302","3.92866160923074","3.6807732536071","3.28314631351275","3.18675377075295","3.37782239202953","3.39466783774995","3.18403953648711","2.58511700435661","2.39377156238975","2.32797846557653",
"Azerbaijan","AZE","Employment in agriculture, female (% of female employment) (modeled ILO estimate)","SL.AGR.EMPL.FE.ZS","","","","","","","","","","","","","","","","","","","","","","","","","","","","","","","","50.7178914620993","54.0815677704158","50.8358403782056","49.0938873785641","48.5317470346408","49.2402338763743","48.7636430397033","47.9003722619991","47.3724347881423","45.8751888139594","42.6669138367227","39.5221754404676","41.8228901362789","43.1503543028444","42.6407972645571","43.2570225414912","41.988886581998","44.4165210796671","43.9477942044141","44.1613191689607","43.687222053628","43.709606680508","43.3261326047496","42.4726873956826","41.8869807851736","41.936707870779","42.0512184853297","41.8748862731058","40.6667003129101","40.6496921281969","40.5636624789419","40.5163528348722","39.725167668573","39.2295770703016","38.7148410418936",
"Burundi","BDI","Employment in agriculture, female (% of female employment) (modeled ILO estimate)","SL.AGR.EMPL.FE.ZS","","","","","","","","","","","","","","","","","","","","","","","","","","","","","","","","95.90712977009","95.999095304482","96.0934014218484","96.2281266083376","96.597905781487","96.8362049422748","96.8332868296147","96.76169766293","96.7378880760779","96.6130344288195","96.4708949827567","96.2443334374447","96.2693243111494","96.1554759060135","95.9521403216737","95.7183466884452","95.578468684964","95.3563293799714","95.1783972068422","94.9740007715712","94.7108691060155","94.4114485676802","94.1259719248804","93.8676854986214","93.9353558336281","93.9208644340179","93.9233662291317","93.3150236685269","92.5687164875853","92.4134610846274","92.7325973628813","92.8239292334933","92.7964176887395","92.933441602642","93.1340157535905",
"Belgium","BEL","Employment in agriculture, female (% of female employment) (modeled ILO estimate)","SL.AGR.EMPL.FE.ZS","","","","","","","","","","","","","","","","","","","","","","","","","","","","","","","","2.08312814290614","2.03188040648358","1.98010225047096","2.17054904712483","2.08035384795202","2.14988060580289","2.08332801242284","1.57020165476453","1.99300319187044","1.19418891920712","0.947141677466374","1.09291425228438","1.05941864473569","1.57373895989525","1.48294293911105","1.28011465179696","1.30740946212698","1.03358444406059","0.988662527262943","0.891794314694709","0.887207495434063","0.694386253322141","0.841316294064553","0.838818583771357","0.729346446625807","0.754973332173692","0.699058545456909","0.563869824015521","0.826026329369654","0.701997047580735","0.60882946961906","0.579295231885974","0.685973260973356","0.646921497482632","0.624607856760865",
"Benin","BEN","Employment in agriculture, female (% of female employment) (modeled ILO estimate)","SL.AGR.EMPL.FE.ZS","","","","","","","","","","","","","","","","","","","","","","","","","","","","","","","","37.0254454825798","36.9957033709869","36.9605689781404","37.1560712700274","36.7773938051558","36.7893294381336","36.6199834752923","36.6682300371798","36.3936425639802","36.1613123824622","36.0344440184589","36.0193524144876","36.0029504753317","35.9679018303221","36.1928308729808","36.18974223306","35.8308596671653","35.6671756516021","35.9280508437812","36.0940872110124","36.0616205683145","34.3397221363227","32.409197156403","32.4912919094476","33.4436795701576","34.0747062013498","34.2766388222525","34.2217603220438","34.4854666104414","35.7428904454456","36.3187603693455","35.6946586350974","34.9223403174265","34.2430520302243","33.5646799509581",
"Burkina Faso","BFA","Employment in agriculture, female (% of female employment) (modeled ILO estimate)","SL.AGR.EMPL.FE.ZS","","","","","","","","","","","","","","","","","","","","","","","","","","","","","","","","83.1297788102464","83.2513417582186","83.1436754674746","83.2857209123405","82.4769253916041","81.2304956486475","80.2162914671828","79.120076071817","77.8845351834219","77.1496044577513","76.0294185987934","75.0857475661511","73.7239239189822","72.6260781450114","71.1262405419486","69.6532329670841","68.681309567096","67.6206368955273","66.675684031535","65.0714715827505","63.6366237602768","62.253789695056","60.9406215213119","59.8506137876978","58.7527696658175","57.3202259539882","55.8279480696132","54.2931700632134","52.8645325016772","54.2395876766844","55.1341092589342","54.9614587993206","54.6866968592716","54.2227619781623","53.8370409282705",
"Bangladesh","BGD","Employment in agriculture, female (% of female employment) (modeled ILO estimate)","SL.AGR.EMPL.FE.ZS","","","","","","","","","","","","","","","","","","","","","","","","","","","","","","","","80.9150612470206","80.2196905667173","79.4430619983799","78.1025407298054","76.0232443405018","73.4733764333009","74.2122507179759","74.9669532613213","75.232084517933","75.6471533082527","71.5875138697229","66.9553368569623","61.6530581880076","60.0878724855763","58.3255440380596","57.3570456050527","56.965903530146","56.4995438363949","56.1168088041192","55.6120024273705","54.9058896995024","54.148549106632","53.4719417454072","56.9949193825216","60.122727553489","63.0872996124255","59.5151817550646","61.5288557574441","63.2701670899894","66.5239843670587","69.318337483757","70.8984530500263","74.969345794146","74.9488907948528","74.6705382859257",
"Bulgaria","BGR","Employment in agriculture, female (% of female employment) (modeled ILO estimate)","SL.AGR.EMPL.FE.ZS","","","","","","","","","","","","","","","","","","","","","","","","","","","","","","","","6.9842669369807","7.44158709019824","8.04237437987741","8.60503995728553","9.31688658767844","9.98179286708793","10.2579839877101","11.0261631089217","10.708139632157","10.5620181081158","7.12309988173837","8.1363995271475","8.33586812175887","8.29162340307138","6.83751180474731","6.11579639724645","5.65451222879541","6.03189767098915","5.10682661035743","5.0236064950306","4.88470482195333","4.40499342575604","4.22486955858293","5.04021950000393","4.21775541341922","4.44945806557389","4.61081247934772","4.45033764685746","4.66326475701768","4.14831402704253","4.2083572412811","4.53613460676203","4.00246084784321","2.78741780875365","2.68049840292366",
"Bahrain","BHR","Employment in agriculture, female (% of female employment) (modeled ILO estimate)","SL.AGR.EMPL.FE.ZS","","","","","","","","","","","","","","","","","","","","","","","","","","","","","","","","0.20208171852508","0.185470598991667","0.170143512353899","0.157066835454908","0.144544019213236","0.13326846191272","0.124071961737808","0.115593792044873","0.107801214560351","0.100559040087265","0.0923111203068549","0.0870397771781704","0.0815478304331242","0.0752787104637408","0.0702755884229077","0.0657914117658611","0.0616197969225823","0.0569721731628509","0.0528100919341882","0.0499845118414012","0.049675284354477","0.0500242871539081","0.0505382671605109","0.0513854559646156","0.0516108171298168","0.0489514715658428","0.0466994153706101","0.0451819600755771","0.0435236249813683","0.0458664418797803","0.0450912801770426","0.0438406672774383","0.0419575084868597","0.0402256872770385","0.0387338673442511",
"Bahamas, The","BHS","Employment in agriculture, female (% of female employment) (modeled ILO estimate)","SL.AGR.EMPL.FE.ZS","","","","","","","","","","","","","","","","","","","","","","","","","","","","","","","","1.4148973198747","1.40389341726046","1.37047891827083","1.58433985839234","1.0359945703899","1.1965380795485","1.92823583465489","1.20554035567715","0.910931174089069","1.11719869794109","1.36616979909268","1.62846015108346","0.574162679425837","0.430173214717524","0.33896615323264","0.478750308776305","0.243605359317905","0.742462026751304","0.533370762860552","0.968612347501211","1.69589779146822","1.27619883682651","0.968799131955978","0.711808334667307","0.525183041736605","0.386406726568296","0.281952126878457","0.207971282869434","0.151242146144726","0.184674122797917","0.183608249469025","0.170924629511774","0.165583548473248","0.16017557366749","0.154949530724278",
"Bosnia and Herzegovina","BIH","Employment in agriculture, female (% of female employment) (modeled ILO estimate)","SL.AGR.EMPL.FE.ZS","","","","","","","","","","","","","","","","","","","","","","","","","","","","","","","","29.3691746775157","28.6379739476409","28.2182385346784","28.1744861859838","28.0681054788813","28.1896558748992","28.0891151732293","27.6396333411015","27.2705866912681","26.8105567411329","26.1170036492177","25.5954766731912","25.104178998461","24.6929166783938","24.2290830617785","23.6777598611027","23.0431328758603","23.9354919985341","27.3460244642453","24.3742917340836","22.5666345177341","24.2784529416285","20.7391563933157","18.9387270409801","18.2737113771597","19.268279077551","21.5168276152534","17.4619550113272","21.973313310626","15.1484358304513","24.170283170618","23.4270253395078","22.7488910501222","22.0991863139563","21.5519774045641",
"Belarus","BLR","Employment in agriculture, female (% of female employment) (modeled ILO estimate)","SL.AGR.EMPL.FE.ZS","","","","","","","","","","","","","","","","","","","","","","","","","","","","","","","","17.7628770901185","18.6398345818294","18.0346732416064","17.3759785738719","17.5519314251894","17.2128873509204","16.2381992313302","15.4903227221655","14.9737112889406","14.3822382990184","13.8595221717251","13.2805832757479","12.6538034432736","11.8740338499346","11.1577209753987","10.4579912597352","9.83342666071767","9.17419941948186","8.89619510237524","8.35551083588759","7.94358789893452","7.63667198723065","7.39441475927014","7.09495802502249","6.72199432957951","6.65896523738894","7.26088121331792","7.6891738551593","7.52855369826684","7.38826586728659","7.77501588702409","7.03746854440101","6.92244929119807","6.6287441736699","6.40812754447998",
"Belize","BLZ","Employment in agriculture, female (% of female employment) (modeled ILO estimate)","SL.AGR.EMPL.FE.ZS","","","","","","","","","","","","","","","","","","","","","","","","","","","","","","","","6.43350020294953","6.3543210672166","6.26246261216351","6.09966695448378","5.97569608305805","5.08828868474614","6.29516036804076","5.21145439363426","6.21207208041877","5.63643308857858","5.08939774153074","4.5843248066627","4.03369743699579","3.57888968800301","3.1700572782935","3.37325837203618","3.59032716927454","3.79112440384771","3.95705679419185","4.12739041618469","4.30831528392504","4.4680659400054","4.66630727762803","4.82070965184922","4.53175106092901","4.5548502753032","5.19137238316769","5.38945647731917","7.01042008777954","7.38349766476388","7.5950721175275","7.25965398934229","7.09494189186835","6.93313978606114","6.79341302991022",
"Bermuda","BMU","Employment in agriculture, female (% of female employment) (modeled ILO estimate)","SL.AGR.EMPL.FE.ZS","","","","","","","","","","","","","","","","","","","","","","","","","","","","","","","","","","","","","","","","","","","","","","","","","","","","","","","","","","","","","","","","","","",
"Bolivia","BOL","Employment in agriculture, female (% of female employment) (modeled ILO estimate)","SL.AGR.EMPL.FE.ZS","","","","","","","","","","","","","","","","","","","","","","","","","","","","","","","","37.1490777079414","40.6426312276466","31.1113392705291","30.1465927009605","38.2231091299919","37.4984996566078","37.5264289504579","36.4635731109727","35.7702203527352","33.5679270902856","38.4248966280092","34.9886008225738","30.5980260909817","30.5978605206373","35.2407716591343","35.2769761484441","34.4543347684438","27.7920020297986","27.2903561881343","29.8175909090664","32.1200270539843","28.6863179346843","30.6691083565924","28.4380543784643","27.8623757556167","27.3576095746637","28.6898654583657","29.0907087831911","25.6237022162199","27.6994282397864","27.8825221050872","24.8217095166992","25.0318027738874","24.8130210968031","24.5390892541152",
"Brazil","BRA","Employment in agriculture, female (% of female employment) (modeled ILO estimate)","SL.AGR.EMPL.FE.ZS","","","","","","","","","","","","","","","","","","","","","","","","","","","","","","","","6.74585482783486","7.25402336555621","7.40771561855914","7.18734830699154","7.63600984767246","6.52790226717703","6.69134298157274","6.53423887706735","6.93323826921898","7.86977853419409","8.99401658405619","9.40408762561999","9.08321093480307","9.16342111630403","9.16538946094109","8.34729832698669","7.4833960833501","6.80770739716162","6.03156604705053","5.50304848188389","5.03953674291407","5.05936651828426","5.11106407879791","4.69342764525696","4.5985625370515","4.58172287612681","4.16335745134554","4.07539456703253","3.97894696359558","4.37073597386259","4.5802428180644","3.97988064125116","3.49366518630801","3.22682647872417","3.1991144311011",
"Barbados","BRB","Employment in agriculture, female (% of female employment) (modeled ILO estimate)","SL.AGR.EMPL.FE.ZS","","","","","","","","","","","","","","","","","","","","","","","","","","","","","","","","2.70820952542661","2.5724907063197","2.8456595095321","2.60322587500266","2.21538580605216","2.66532199971186","2.43827160493827","2.25627776106461","1.98009730957669","2.05158651626097","2.18615217462878","1.88534240303486","2.20770992738438","2.15719844357977","1.50510994115825","2.30349013657056","2.20675355450237","2.23457046920037","1.77296013067043","1.75864431009322","1.67105483434033","1.59846941924335","1.65949049156799","1.62802773450625","1.60148196838866","1.86192774608747","1.78800606697002","1.68417958703799","1.01742925687198","1.44954184671018","1.81686731839185","2.17491968859433","0.834538141112813","0.795375459826438","0.762138555076642",
"Brunei Darussalam","BRN","Employment in agriculture, female (% of female employment) (modeled ILO estimate)","SL.AGR.EMPL.FE.ZS","","","","","","","","","","","","","","","","","","","","","","","","","","","","","","","","2.82899493853941","2.4834247828075","2.1568308676096","1.87103240895423","1.61144835320217","1.39338950097213","1.20015826262804","1.01893503504551","0.879619494915322","0.752335651613637","0.639092993446589","0.621150524313855","0.606285781838448","0.59275269767975","0.580396896069202","0.567136962803851","0.552303270177128","0.541198556803849","0.522827267013314","0.513325656571262","0.506038728830713","0.49255879673036","0.477580948673026","0.464552357858465","0.452488687782805","0.442112118631331","0.43175642982097","0.52959653266454","0.688698470377372","0.632144094215449","0.293178862749734","0.958663566038631","0.995740696333345","0.96367847257527","0.927808417671043",
"Bhutan","BTN","Employment in agriculture, female (% of female employment) (modeled ILO estimate)","SL.AGR.EMPL.FE.ZS","","","","","","","","","","","","","","","","","","","","","","","","","","","","","","","","74.6570801517992","74.0908663785003","73.5606078909855","73.2485973292673","72.8066015365646","72.4262954225884","72.0445622630113","71.6637511939129","71.2927795896462","70.9732816805783","70.7101475819123","70.299730031051","69.945893634804","69.5785966786196","69.07262551681","68.8018074043752","68.1629292167516","67.7804510601938","66.9866541793491","66.090756941247","68.328191567504","67.0358382945102","66.3034505530791","66.8826574015917","66.4369168697991","65.3148394107703","64.6976938079712","63.8817000124634","62.4631244737806","59.3824005398684","59.1185664177146","54.7018297651678","52.7843498214205","52.1550844430838","51.2700585118405",
"Botswana","BWA","Employment in agriculture, female (% of female employment) (modeled ILO estimate)","SL.AGR.EMPL.FE.ZS","","","","","","","","","","","","","","","","","","","","","","","","","","","","","","","","6.56917584620378","6.43267133148501","6.3298198650382","6.18323734372423","5.94600670922548","5.72217407026869","6.30406550593207","6.94042184585461","8.32457751112071","9.90708404380454","3.05466611518782","4.53448529953577","6.63410496360751","8.68229097753667","11.1664569491308","14.0105967232827","13.0833970925784","12.3526215141635","11.8086180330482","11.1345541540103","10.7055740043537","10.6913115170791","10.0722552592877","9.66355151926241","9.79861171152255","9.32829374304758","9.07133004049303","8.83229344248582","8.55597193654729","13.5147678595108","10.3478683594677","9.03124115251432","7.48164034242391","7.57124370303289","7.57561131366536",
"Central African Republic","CAF","Employment in agriculture, female (% of female employment) (modeled ILO estimate)","SL.AGR.EMPL.FE.ZS","","","","","","","","","","","","","","","","","","","","","","","","","","","","","","","","62.782905639532","64.2921655176197","64.7294367758724","64.6857286625523","64.2421129463924","65.2274025574549","65.0136720050965","64.8782883059232","64.9959198389182","65.7863547758285","65.5387229006795","65.4438338384229","66.5258295552184","66.1113374296998","66.2497497532049","65.8749304891265","65.5819132081947","65.7341736504774","64.5783269804442","63.8863185894082","63.6035953184733","63.3634283198345","66.7482736327506","66.8355566873229","66.4093829559912","66.1067469845062","65.7923830728143","65.2281746031746","65.0433880028728","67.012317785946","68.165240178872","68.0964416924277","68.063131538943","68.383016762258","68.5137372795524",
"Canada","CAN","Employment in agriculture, female (% of female employment) (modeled ILO estimate)","SL.AGR.EMPL.FE.ZS","","","","","","","","","","","","","","","","","","","","","","","","","","","","","","","","2.38069115176287","2.29123106175947","2.37093373851803","2.29641082442852","2.11962337105974","2.09271903024766","2.03794875819045","2.06232662795524","1.94140141988776","1.65296539493217","1.34314891145949","1.36102979948313","1.32224194370165","1.28638637330312","1.3551859358984","1.37531842988455","1.28211958753732","1.19597856699175","1.16755560625404","1.09975638528818","1.0802413610119","1.09165518068731","1.1134745186284","1.06908900502035","1.03401553035445","1.12927978334472","0.964840659810566","0.961296327669191","1.01182600407743","1.02385707525388","0.917855101321004","0.829907520219219","0.849984129735035","0.730816304072388","0.710778674580907",
"Central Europe and the Baltics","CEB","Employment in agriculture, female (% of female employment) (modeled ILO estimate)","SL.AGR.EMPL.FE.ZS","","","","","","","","","","","","","","","","","","","","","","","","","","","","","","","","19.776855923202","19.6702874050962","19.2952496130562","18.9145130653482","18.5178204374218","17.6067776933443","17.066516646646","16.8535337325898","16.7030764572153","16.1941490580654","15.5483322503622","14.1786180787282","13.8903941306756","12.6449436078265","12.2446149403324","11.2447792684455","10.6776411223613","10.3785838228334","10.1201871659944","10.2074332986891","9.80161656925794","9.41686393136816","8.91228376214316","8.46034382473658","7.70308741523244","6.87573055600711","6.6455787522123","6.37689291847075","6.0882421836683","5.9776898858784","5.73182059309563","5.61850500008465","5.33947306325281","4.34332578387521","4.16096777551944",
"Switzerland","CHE","Employment in agriculture, female (% of female employment) (modeled ILO estimate)","SL.AGR.EMPL.FE.ZS","","","","","","","","","","","","","","","","","","","","","","","","","","","","","","","","4.54061946691321","4.33384656882232","4.55435089226308","5.10699226771762","3.66776818453298","3.59114558755925","3.92543567509961","4.06810951685901","3.90099456049438","3.94659580696105","3.52126829196085","3.20087931843921","3.18143756035487","2.68684946869499","2.75193279653452","2.65548707710336","2.7018785948907","2.80485049796444","2.45418265416808","2.71872646867795","2.91441352084352","2.81544413741787","2.78122517506629","2.694278604942","2.78524553321654","2.75773815023561","2.59518103569709","2.54395796321235","1.89325706651831","1.93335157931628","1.68401587961139","1.57179957791873","1.45631962512669","1.58591023385064","1.53579885689442",
"Channel Islands","CHI","Employment in agriculture, female (% of female employment) (modeled ILO estimate)","SL.AGR.EMPL.FE.ZS","","","","","","","","","","","","","","","","","","","","","","","","","","","","","","","","3.13839559093693","3.02857360270898","2.91273357734541","2.80204765020592","2.69531546579607","2.5976917653171","2.50172972579294","2.40589139527401","2.32235701906412","2.24011911207363","2.15827338129496","2.0876415558838","2.02125578665971","1.95123534950164","1.89186593680976","1.83344378175392","1.78389240995517","1.7326958798989","1.67789307603617","1.63735417776988","1.58777981983068","1.54073004122657","1.50596109600502","1.4539286363361","1.40983900355447","1.36994338349614","1.32597642708574","1.2823429058857","1.24270646319569","1.24617650390846","1.17807989726697","1.1443661971831","1.09887052801424","1.05970607100031","1.02480819846559",
"Chile","CHL","Employment in agriculture, female (% of female employment) (modeled ILO estimate)","SL.AGR.EMPL.FE.ZS","","","","","","","","","","","","","","","","","","","","","","","","","","","","","","","","5.84799905128901","5.79484169907866","5.827552007549","5.29755431376458","5.18461576278724","5.12987317075373","4.33850028833535","4.39871878104707","4.47398594389312","4.45939421318637","4.48305552419351","4.55739792393317","4.71940803009963","4.54669853404676","4.37020676004295","4.19795510069528","4.03907619973187","3.89428578100553","3.80767588335886","3.68482589219401","3.75027214797841","3.58993546268581","3.44202655108341","3.27461111539099","3.23348858917908","3.60737561960712","3.67427253164802","3.51214463539127","3.23997286183304","3.87837271369822","3.5062634681211","3.39497444792172","3.19150256366769","3.47938632107062","3.37245031372589",
"China","CHN","Employment in agriculture, female (% of female employment) (modeled ILO estimate)","SL.AGR.EMPL.FE.ZS","","","","","","","","","","","","","","","","","","","","","","","","","","","","","","","","54.4033670850203","53.4329286506689","51.2055453772039","48.9076708640028","46.585860351973","44.7936942977183","44.446049529053","44.7026636884125","45.4611818756098","45.8059915213762","46.0708608305501","46.3826523676743","45.6084602098176","43.137593554683","40.9902015203217","38.7323105338331","36.9649544142887","35.8206494557014","34.3515758140377","33.0067159252043","31.0327689638504","29.8999555454476","27.4619519699988","25.4002396087542","24.1520090306192","23.3531664837206","22.7242584891955","21.8616442106502","20.8476339852186","19.8435970122718","19.547953096344","21.0421709049858","19.7232288842582","19.1689368756624","18.6826526976472",
"Cote d'Ivoire","CIV","Employment in agriculture, female (% of female employment) (modeled ILO estimate)","SL.AGR.EMPL.FE.ZS","","","","","","","","","","","","","","","","","","","","","","","","","","","","","","","","44.8984130775916","44.824915725644","44.8124962841119","44.6723954815432","44.3551464077399","43.9866557580097","43.4332236920257","43.2091070696684","43.060944973955","43.1238997891212","43.3294968676851","43.5991277448146","43.9609000429271","43.5120502250418","43.317513901988","43.1756311450516","43.0782011706839","42.8275273966714","42.4932161419031","42.1225146664884","42.8146001057661","41.9843749139566","40.9558022901516","43.725066497657","46.4045728709227","48.6540445775762","45.5504684149395","42.7641875555558","39.6692962395401","42.1312023640776","43.4708220563665","43.6397037786592","42.7308701836762","41.9168248960919","40.9805010797492",
"Cameroon","CMR","Employment in agriculture, female (% of female employment) (modeled ILO estimate)","SL.AGR.EMPL.FE.ZS","","","","","","","","","","","","","","","","","","","","","","","","","","","","","","","","66.1722487416451","66.4378880338718","66.8534214550488","66.8791396313273","66.6839900257429","66.4090985213937","66.1438616635861","65.8554518204155","65.5562921205442","65.3134222883199","65.0139415652089","65.6851296728275","66.1949960098957","66.4854951104093","66.9726346593182","66.5223994231459","66.0352758071484","64.5008887275549","62.9297454564604","61.3564289896909","59.4263795010012","57.4399825976146","55.3400297341188","53.302333039365","51.8531127493953","50.393220945983","48.9910023955686","47.5397158109127","46.1467725982241","47.0030086066753","46.914341104664","46.4207770815459","45.9482198054834","45.368593429539","44.8104701183264",
"Congo, Dem. Rep.","COD","Employment in agriculture, female (% of female employment) (modeled ILO estimate)","SL.AGR.EMPL.FE.ZS","","","","","","","","","","","","","","","","","","","","","","","","","","","","","","","","62.5659274793747","65.0361172665379","67.3929696429901","69.032819652119","69.6577009412043","69.5322654765627","71.0734828494713","71.7092532837656","72.8897527940213","73.3799200155437","74.4040899004774","74.3019812819078","73.8629604108646","73.4459666474604","72.915296131955","72.6159534663436","72.2756752243016","72.0209462229436","72.0763161496088","71.5497136741387","71.1274674669064","70.7694380459892","70.0053488739836","69.0736523313088","68.451568136177","68.5345892537518","68.423368207984","68.0148788038124","67.7516488585298","69.499544306491","70.2334896262574","69.3424776708318","68.3470434765961","67.7521997420234","67.4295077782003",
"Congo, Rep.","COG","Employment in agriculture, female (% of female employment) (modeled ILO estimate)","SL.AGR.EMPL.FE.ZS","","","","","","","","","","","","","","","","","","","","","","","","","","","","","","","","44.1017332390748","43.9243710704406","43.9011595303992","45.1784951639241","45.0131326408924","44.3306012543765","44.5362611961861","44.1010156712606","44.5475066874452","43.7400762890159","43.2416681698617","42.5977446004205","42.3902687445621","42.1006997756527","41.1804704856425","39.9843018019879","40.4895034653631","40.044387539982","38.6761939801209","37.8336917905112","37.4774967177722","36.2220066262223","36.2578617604238","35.2734717372817","35.0313343784546","35.7232632973689","36.6605551898587","37.1912948973343","36.8739832487482","38.4492081576988","38.9507143008168","38.7837303226199","38.4460283567781","38.0311371284195","37.5679667543784",
"Colombia","COL","Employment in agriculture, female (% of female employment) (modeled ILO estimate)","SL.AGR.EMPL.FE.ZS","","","","","","","","","","","","","","","","","","","","","","","","","","","","","","","","6.18222159914695","6.3139405039246","6.3473261518247","6.27264510580119","6.44495228051415","6.53792314760364","6.73400831754741","6.69601759147519","7.08474186475209","6.66093987614497","6.7813861279567","6.16967589437395","7.30427321387051","6.87853922186033","6.75626356667544","6.01216368909063","5.90605010855564","5.82403693495014","6.10144613596948","6.07044711290745","6.26362777968827","6.55853973638495","6.10918384822764","5.90873619474174","6.18416201418965","6.18932820090885","6.63849703154838","6.58901092354511","5.79314781942348","6.17554813956831","6.10739067921108","5.77972954266441","5.99439047292146","5.9156424672652","5.92828061582968",
"Comoros","COM","Employment in agriculture, female (% of female employment) (modeled ILO estimate)","SL.AGR.EMPL.FE.ZS","","","","","","","","","","","","","","","","","","","","","","","","","","","","","","","","64.5514050629584","64.0333496307352","63.9535180041283","64.6323048271002","64.507000297885","64.7843290508524","64.5574154110652","64.5793476739303","64.5262298057724","63.6379652059018","63.5249764373233","63.3703224729882","63.1842314029414","62.9487482286254","60.7253233622038","58.3254660224727","55.8768002589136","53.0770439428063","50.4600213490571","47.6078444276266","44.6349186042793","41.7877703438618","38.7909739797233","36.0406392085425","36.273212263443","35.8940714853459","35.2113496325114","34.3719058073959","33.8381821449252","35.1513774925944","35.3872867014525","35.0779863320271","34.7495482834772","34.7382594149088","34.0994567488508",
"Cabo Verde","CPV","Employment in agriculture, female (% of female employment) (modeled ILO estimate)","SL.AGR.EMPL.FE.ZS","","","","","","","","","","","","","","","","","","","","","","","","","","","","","","","","15.7993901380866","15.2230971128609","14.8628440581336","14.2624508074366","13.7006456146515","13.2506235211358","12.7526377977239","12.3174411587206","12.0978120978121","11.6635231987929","11.4229848509767","11.1168105278053","10.8697143249083","10.4968532626698","10.1827215899984","9.90011477494804","9.47306809142891","9.23685435086086","9.25219651382886","9.07767481897818","8.87268914381296","8.78554246592241","8.67772639408843","8.53430024578395","8.36353938100838","8.10889292196007","7.84071802687762","6.46548973053013","5.42004085952692","5.85298159208718","6.01577909270217","5.54132938506535","5.32290137777567","5.13379905772043","4.94288325336989",
"Costa Rica","CRI","Employment in agriculture, female (% of female employment) (modeled ILO estimate)","SL.AGR.EMPL.FE.ZS","","","","","","","","","","","","","","","","","","","","","","","","","","","","","","","","8.8740238324881","7.29041603788706","8.14333634150079","6.90070762784334","8.24008733780032","8.02306973040789","8.000580570249","7.55930205636589","6.44160731628359","7.32366271256707","7.32870390717708","7.95378583946089","7.8779531358289","7.71254257642312","8.95792204770967","8.24382232458045","9.22782109949637","7.73721040365006","7.55101332693348","8.58645802536317","8.47672863760046","7.49267354925435","7.51289647940497","9.15107920361494","9.23269974540099","9.13028230755743","8.89354413377531","9.32331935008906","9.10386490947009","10.26260485334","8.72721195695612","8.02510865406644","7.66873380162724","6.5004314887974","6.32006598709913",
"Caribbean small states","CSS","Employment in agriculture, female (% of female employment) (modeled ILO estimate)","SL.AGR.EMPL.FE.ZS","","","","","","","","","","","","","","","","","","","","","","","","","","","","","","","","9.40980931668638","8.82582914154546","8.65119475251479","8.63150033736928","7.64528681433735","7.10248903296336","6.61800746411902","6.07724553295734","5.47326892585885","5.37090563481304","5.26272279025928","4.44868290492774","4.28691847657021","4.2170658849379","3.85588510222686","4.03830487921474","3.79804581897557","3.82494469081761","3.80083273637806","3.83031877122168","3.91750838435244","3.51039052739892","3.43360899763149","3.41657499053359","3.47578881990075","3.64691726211238","3.62247446749647","3.6171529926158","3.42381698491844","3.62564373359601","3.93974973965379","3.52759742253808","3.30430198813178","3.28230972596826","3.26001925210601",
"Cuba","CUB","Employment in agriculture, female (% of female employment) (modeled ILO estimate)","SL.AGR.EMPL.FE.ZS","","","","","","","","","","","","","","","","","","","","","","","","","","","","","","","","9.6370273860051","9.61127924761626","9.75608314218828","9.36651685225208","9.22306724875797","9.32053691591168","9.37559852978284","9.25045237576981","9.05859294157749","9.12067937448306","9.00245250318825","9.02198221439594","9.05246151796933","10.0283371307575","9.38491045077084","9.36197289503046","8.56328948467723","8.57830416702855","8.35426878037776","8.51615424700365","8.92896526802013","8.31652062755637","7.98662257817116","8.31760020421263","8.15103852602831","7.93626647963234","7.75940852213875","7.55493369554989","7.32424561774285","7.29277004681701","7.35709329464455","7.05209942768445","6.792158218938","6.56147807201809","6.37968097031753",
"Curacao","CUW","Employment in agriculture, female (% of female employment) (modeled ILO estimate)","SL.AGR.EMPL.FE.ZS","","","","","","","","","","","","","","","","","","","","","","","","","","","","","","","","","","","","","","","","","","","","","","","","","","","","","","","","","","","","","","","","","","",
"Cayman Islands","CYM","Employment in agriculture, female (% of female employment) (modeled ILO estimate)","SL.AGR.EMPL.FE.ZS","","","","","","","","","","","","","","","","","","","","","","","","","","","","","","","","","","","","","","","","","","","","","","","","","","","","","","","","","","","","","","","","","","",
"Cyprus","CYP","Employment in agriculture, female (% of female employment) (modeled ILO estimate)","SL.AGR.EMPL.FE.ZS","","","","","","","","","","","","","","","","","","","","","","","","","","","","","","","","6.77600064950881","6.24516089070581","5.85539559568108","4.95665394792626","4.76888443169625","4.59247702065597","4.4105733549365","4.21272837735424","4.03155345864849","4.60175924810218","3.92281827571808","4.20648896645782","3.87120891170534","3.63255811646604","3.44491546070263","2.8795980753424","2.35908141962422","2.6678387267726","2.95234130598753","2.47619806397642","2.34535222015548","1.83711735213794","1.66794895382094","2.04445970988562","2.05452174388368","1.62189714443393","1.06786121089985","1.0140119271075","1.26897405533427","1.53893350054276","1.18170885635628","0.864955623324546","0.880792380768208","0.860244955204391","0.836337114682162",
"Czechia","CZE","Employment in agriculture, female (% of female employment) (modeled ILO estimate)","SL.AGR.EMPL.FE.ZS","","","","","","","","","","","","","","","","","","","","","","","","","","","","","","","","6.69529898679045","6.44005706659303","6.20753839430787","5.7014745097097","5.47235001840265","4.91914658552458","4.37322213481764","4.14137153564614","3.78668251723434","3.58909216160955","3.40470504428861","3.22130231946908","3.05011752572199","2.89438826072368","2.72975013795173","2.57889641819942","2.43782780510422","2.30357388044682","2.22064935976697","1.91737693142453","1.8746596138416","1.92700259316675","2.06693010030958","1.63579774999965","1.63535453414564","1.71809866773591","1.78634240584635","1.76301787761081","1.73748534134421","1.60052131189749","1.50687448912438","1.74914758365512","1.69056589946791","1.67912983800916","1.60330349630688",
"Germany","DEU","Employment in agriculture, female (% of female employment) (modeled ILO estimate)","SL.AGR.EMPL.FE.ZS","","","","","","","","","","","","","","","","","","","","","","","","","","","","","","","","3.61731588003739","3.50594801010074","3.41465146480064","3.12864907894736","3.02964548790481","2.59438675383605","2.55104727539782","2.33514989897764","2.34966720925468","2.1109859510123","2.06787525985489","1.9656550040748","1.8324418210598","1.70641205143873","1.72219962989194","1.84970521792325","1.61834748581762","1.24930512465404","1.19805467367794","1.1025311459368","1.32380700164692","1.11389131171639","1.01583618783883","1.03394894777773","0.969383390601599","0.901142710164774","0.88168241977682","0.881147933566418","0.813475565300963","0.756750384126601","0.886412239615511","0.883805765281454","0.844880642219502","0.72812557284094","0.706984593840451",
"Djibouti","DJI","Employment in agriculture, female (% of female employment) (modeled ILO estimate)","SL.AGR.EMPL.FE.ZS","","","","","","","","","","","","","","","","","","","","","","","","","","","","","","","","1.92975465361189","1.88700889016346","1.92307692307692","1.89283467718877","1.89901949735152","1.93632369691381","1.93588036464202","1.92987484475017","1.88356934142504","1.85994685866118","1.83602535268861","1.79256360078278","1.7475211791969","1.70269967514283","1.66562946150749","1.6068958178142","1.57423849200929","1.51545036160421","1.4695123890709","1.40849401851339","1.32739420935412","1.26310362605259","1.21228895654581","1.1577849675125","1.09926887035321","1.04783373380564","1.02067646707302","0.992475649725338","0.963017454691366","1.01635699539463","1.04207543056464","1.01643688154681","0.975066165204067","0.933021687485631","0.897220667785861",
"Dominica","DMA","Employment in agriculture, female (% of female employment) (modeled ILO estimate)","SL.AGR.EMPL.FE.ZS","","","","","","","","","","","","","","","","","","","","","","","","","","","","","","","","","","","","","","","","","","","","","","","","","","","","","","","","","","","","","","","","","","",
"Denmark","DNK","Employment in agriculture, female (% of female employment) (modeled ILO estimate)","SL.AGR.EMPL.FE.ZS","","","","","","","","","","","","","","","","","","","","","","","","","","","","","","","","2.78144643815576","2.69969220305234","2.61145246099185","2.57961618704416","2.52250878375889","2.07769982912233","1.66115638492571","1.78220877581271","1.45764791167122","1.96370362940011","1.7102191750986","1.63362849080471","1.76743824245186","1.87190380336073","1.60790936051814","1.46531436466605","1.57342153811638","1.22951475181594","1.22071829138072","0.926331064788874","0.860359110547386","1.07281820140927","1.00636142257292","0.869967084906306","0.999836221504117","0.911975506548511","0.934824883526406","0.954273459410009","1.09954851602398","0.987759849118306","0.919234030061319","1.06571861296638","0.984490013263607","0.762245108739742","0.73423587412516",
"Dominican Republic","DOM","Employment in agriculture, female (% of female employment) (modeled ILO estimate)","SL.AGR.EMPL.FE.ZS","","","","","","","","","","","","","","","","","","","","","","","","","","","","","","","","1.92352318948077","1.91475067688768","1.90549341319684","1.88047653098666","1.85574352682113","1.83383172282219","1.1783828620808","1.24615386271106","1.47959008843897","1.45178841309824","0.993753578304349","1.01325294091881","0.856610092092244","1.04833871755031","1.52297122152764","1.14191717714326","1.04168309165434","1.56871850074695","1.03959784871933","1.25755386800954","1.13980414713575","0.933130980236315","0.900156262850563","1.34471373972332","1.31917455458305","1.01893647373603","1.16830170620824","1.35654695919809","1.2591788093217","1.25248528372901","1.40028369724748","1.50936588120862","1.33883615516412","1.30679322992892","1.27794495330397",
"Algeria","DZA","Employment in agriculture, female (% of female employment) (modeled ILO estimate)","SL.AGR.EMPL.FE.ZS","","","","","","","","","","","","","","","","","","","","","","","","","","","","","","","","12.7089685664086","12.6266147397415","12.7757866536426","12.9332209895345","12.9168673580762","12.8152974882464","13.0528129686952","12.7523933258689","12.8359849086092","13.1161134203464","12.9527200335196","12.3000226126557","11.5569375176391","11.0865629269015","9.44594720034134","7.91593998841369","6.53059641271635","5.46716121196899","4.32633371363572","3.52009337666376","2.89402388008113","2.97196787015222","3.0196962962393","3.04257971955115","2.98217702785368","2.9726616459385","3.80460982583087","3.78747764757061","3.74516337664632","4.02360206401","4.15970688075866","4.10713859526267","3.93858432856247","3.87435593097363","3.81180116887435",
"East Asia & Pacific (excluding high income)","EAP","Employment in agriculture, female (% of female employment) (modeled ILO estimate)","SL.AGR.EMPL.FE.ZS","","","","","","","","","","","","","","","","","","","","","","","","","","","","","","","","54.2887656664158","53.4813359079776","51.5313217625761","49.5877282802199","47.4998115137384","45.9037095449575","45.2731504629524","45.6890360682879","46.1161122772489","46.3177506117385","46.0975429174847","46.2636412086796","45.6756192948016","43.4424946749788","41.6099905744521","39.4760521247387","38.1061099891903","37.106536367089","35.8929509878615","34.7945594072933","33.3529179229871","32.3467256887936","30.2756437949548","28.4671584615857","27.2414790441038","26.1415184523175","25.3835810670268","24.4720581198441","23.4163055178784","22.6893504862625","22.1883316062808","23.5546037388066","22.1470448236959","21.5184406196856","21.0073046417387",
"Early-demographic dividend","EAR","Employment in agriculture, female (% of female employment) (modeled ILO estimate)","SL.AGR.EMPL.FE.ZS","","","","","","","","","","","","","","","","","","","","","","","","","","","","","","","","56.1409710028189","55.8097506668762","55.4238933702048","55.1604066991694","54.8571460206926","54.3160410682767","53.8415745506435","53.9832558293782","53.8444731131856","53.9880427584105","53.0863615503087","52.7309718341589","52.2956472819356","51.2190000755326","50.3487577692949","49.1633309690151","48.3389383700133","47.5776026584581","46.5593816643103","45.6052387497165","44.1196438602881","42.296795037191","41.61669724527","40.9985309601984","40.1761595453986","39.1311270302944","37.9599377989309","36.7010669182716","37.0956860104669","40.1065282222635","40.8871869565317","40.8586999852636","41.8879340931868","41.2750827805139","40.7390743478092",
"East Asia & Pacific","EAS","Employment in agriculture, female (% of female employment) (modeled ILO estimate)","SL.AGR.EMPL.FE.ZS","","","","","","","","","","","","","","","","","","","","","","","","","","","","","","","","49.7210137265962","48.9389626686641","47.1586314884956","45.3599755073658","43.4562571655329","41.9816629511111","41.3728868582196","41.8526896472785","42.2277392016371","42.3785799335501","42.135094391057","42.2669203185328","41.7359653758267","39.6726059211383","37.9766027923018","36.0164941744721","34.7851287504373","33.8649354248268","32.7893563130665","31.7731741586424","30.4482185503778","29.5213691492739","27.6021191670298","25.9361010890634","24.8054809175181","23.7725100963559","23.0518249265154","22.203107392026","21.2275048726265","20.5515597375154","20.1164694262593","21.2951569018729","20.0233616922886","19.4302931715551","18.9687986822775",
"Europe & Central Asia (excluding high income)","ECA","Employment in agriculture, female (% of female employment) (modeled ILO estimate)","SL.AGR.EMPL.FE.ZS","","","","","","","","","","","","","","","","","","","","","","","","","","","","","","","","35.2080385902656","34.9481767845095","33.3750665677717","34.688899921077","35.8096420359567","36.0023622307759","35.1053094945199","35.4260925234623","35.4942814457224","34.3176083232536","34.2113412476001","33.1814690839149","32.3613785825804","30.082622330624","28.8973130957485","27.8653386362401","27.1011448047879","26.7665872031971","26.0475813672187","25.876389984795","25.8634295029047","25.2157380165454","24.8555670658223","24.5802981236327","23.6846373333771","23.0640835243679","22.7977209707533","22.3327730566723","21.5420607460116","21.5116239278305","21.6158276785684","23.4370495400016","22.2585725353416","21.9440309922185","21.5555855611413",
"Europe & Central Asia","ECS","Employment in agriculture, female (% of female employment) (modeled ILO estimate)","SL.AGR.EMPL.FE.ZS","","","","","","","","","","","","","","","","","","","","","","","","","","","","","","","","14.7251576954209","14.8458554268645","14.2433094971705","14.6298879015292","14.5562642271135","14.106552989332","13.1454486676477","12.9417216476412","13.6328193809539","12.9604879581897","12.3256764049121","11.7658476526152","11.3147481515833","10.3765273477434","10.0838691496214","9.64735295496833","9.15835025978168","8.90583816266676","8.65868413169775","8.6389826252568","8.65655824448785","8.40775790374314","8.26062359692741","8.05266630856767","7.75131088890089","7.48164348025139","7.18492843793226","7.0027934388518","6.748605739171","6.6758320766001","6.67402317069209","6.27850068388082","5.96426799162764","5.78842907340578","5.68960646700472",
"Ecuador","ECU","Employment in agriculture, female (% of female employment) (modeled ILO estimate)","SL.AGR.EMPL.FE.ZS","","","","","","","","","","","","","","","","","","","","","","","","","","","","","","","","15.6851972365994","14.1827871764379","16.9601581829425","16.8810050639303","14.9014991767526","14.4519344575974","14.5962745248162","16.5659504819308","18.2033546088764","25.1585234846482","25.3286643215574","24.3493632779253","23.4699232282878","26.4448795813835","25.7119084365937","25.4272254582374","23.0306233493806","21.9838986876439","22.2307458713516","21.1893419039592","21.1321102356519","21.0197069023009","20.7641158805974","20.1654493191611","22.648279319983","23.9047526181831","24.8619850733381","26.171857105392","27.2044680664609","28.4209605098558","30.2359024422925","29.451445116776","27.5556698049549","30.7143610713485","30.7613607804869",
"Egypt, Arab Rep.","EGY","Employment in agriculture, female (% of female employment) (modeled ILO estimate)","SL.AGR.EMPL.FE.ZS","","","","","","","","","","","","","","","","","","","","","","","","","","","","","","","","52.5411062726841","51.2902845095506","45.7402031550677","46.295918044185","41.7490343112474","40.3153684835822","39.8798595244634","34.7705862423488","31.280501874546","38.8431125517117","31.3269785954663","26.9942236219532","38.4910700536109","46.1169806829241","46.066529524545","42.7768479039867","46.1265656566425","45.0056470192389","45.4414381967815","42.2479655128481","42.7933599498574","37.0604931127169","42.284082026848","42.6478655572906","39.5982546018059","38.3622454557368","36.9669048495134","21.3820768862683","21.3777717529702","19.5230193418854","18.9766521942891","17.3113054574244","19.0376806723968","18.2505651193911","17.4704915611854",
"Euro area","EMU","Employment in agriculture, female (% of female employment) (modeled ILO estimate)","SL.AGR.EMPL.FE.ZS","","","","","","","","","","","","","","","","","","","","","","","","","","","","","","","","6.60133023386203","6.40523771785337","5.99992479021774","5.69963779374023","5.41942166717969","5.10325050414332","5.01667883112048","4.65559945551672","4.4233399367947","4.11149294557063","3.93891559207597","3.74933659798405","3.63382106078945","3.37297810518746","3.34581402878078","3.25490670920814","2.9914284054436","2.67707680002844","2.64817508413922","2.57832814320233","2.52328668852557","2.37832246545432","2.25683220880375","2.18695905050474","2.09926274732591","2.01074413050682","1.94930506528994","1.8548407687508","1.82408661934134","1.75266543867961","1.85114666338303","1.81582625494644","1.72151992961103","1.65014948680321","1.6004043212547",
"Eritrea","ERI","Employment in agriculture, female (% of female employment) (modeled ILO estimate)","SL.AGR.EMPL.FE.ZS","","","","","","","","","","","","","","","","","","","","","","","","","","","","","","","","57.9839716795162","58.8443765176245","57.011903389826","54.9325169000138","55.5911771319151","54.9779954781791","53.9112331882775","54.4097009988073","54.7384248199215","55.2363705467431","54.3280206949834","53.9991044372013","55.3196368244078","55.6782867180111","56.3463269492715","56.8244418672079","56.7813193337148","58.612159489722","58.1959354854009","58.5193171190357","57.1661544965286","57.1137382144337","59.1421968889701","55.9672988635509","59.30370509863","58.007943000231","59.8787912528048","58.0218496320461","57.5622261180925","59.1288923051907","60.0379781018665","59.4186565236787","58.9905960918579","58.6369354965534","58.1109643665735",
"Spain","ESP","Employment in agriculture, female (% of female employment) (modeled ILO estimate)","SL.AGR.EMPL.FE.ZS","","","","","","","","","","","","","","","","","","","","","","","","","","","","","","","","8.86431411590116","8.56125965858252","8.05449938445775","7.42188306371149","7.11396315354015","6.12245793936877","5.83834198316894","5.32415402070087","5.04948483972326","4.76812041295841","4.49774262354241","3.97700024802861","3.90220408646306","3.65757207746464","3.52114504234715","3.31643118288224","2.80186834820185","2.43242976555397","2.32805823651828","2.31689652330348","2.27154865941154","2.35891112281173","2.3186995999746","2.22470022126227","2.05988236238887","2.23053066296715","2.26739245825973","2.1628013370996","2.14454436361857","1.9366410606234","2.17348075870515","2.02296989318971","1.74958696404085","2.01957982392503","1.94647109275231",
"Estonia","EST","Employment in agriculture, female (% of female employment) (modeled ILO estimate)","SL.AGR.EMPL.FE.ZS","","","","","","","","","","","","","","","","","","","","","","","","","","","","","","","","14.2568532699193","13.4567967637559","11.752128975908","10.5325561948504","7.94381920493738","7.38700639288627","6.99747956225351","6.49896015306547","6.50073045768489","4.44877727278969","2.97003419202752","4.12341100787256","3.79838352146779","2.70525861415631","3.22485311643715","3.18338777414839","3.05965016636615","2.41091255154912","2.61110596578505","2.8089325573292","2.46105253317129","2.51853213056333","2.26137062278441","2.23582917068134","2.55880238290879","1.95109385286176","1.85741140820965","1.64986478808521","1.54374034003091","1.55971197529771","1.42410334234001","1.64301717699776","1.16840459559087","1.47912814770449","1.41693662252066",
"Ethiopia","ETH","Employment in agriculture, female (% of female employment) (modeled ILO estimate)","SL.AGR.EMPL.FE.ZS","","","","","","","","","","","","","","","","","","","","","","","","","","","","","","","","68.1903600599654","69.1975253472771","68.3338657107369","68.2054273593978","67.9030876520302","66.9284021397111","66.9733367572315","67.7445427571187","67.5707354374483","68.6524333162955","69.2169164501107","70.6704243180796","72.4777133457031","72.6032206481768","73.4138871705153","72.6040210544704","71.4826829895729","70.4626728301161","69.5022004313352","67.8153087526366","66.3760926223891","65.2135125129722","63.5975372594319","61.7031784238185","59.5948856275591","57.7782118676973","55.5987252396052","53.7932285736212","51.6847037099417","54.144316928758","54.5378250995199","53.706950494513","52.5490301967681","51.0826745656699","50.0331663870713",
"European Union","EUU","Employment in agriculture, female (% of female employment) (modeled ILO estimate)","SL.AGR.EMPL.FE.ZS","","","","","","","","","","","","","","","","","","","","","","","","","","","","","","","","9.49897511413706","9.34716135697501","8.97730303697363","8.6798741128854","8.39385720460861","7.91522927361339","7.67455318224307","7.37850921646453","7.13404231714818","6.72703483339995","6.41614949994512","5.85729214531547","5.67844415879306","5.19807886774488","5.08025149148351","4.80917688789961","4.51827447587641","4.24248728898298","4.11849778550908","4.08929211210061","3.95540305793079","3.79566394879151","3.60135806206623","3.46147654069694","3.24284644626231","3.01816637241619","2.92645611142292","2.79357952155854","2.70288125789707","2.62802235726013","2.64909211619793","2.59735888858016","2.46368887870047","2.18569890745289","2.10626947607731",
"Fragile and conflict affected situations","FCS","Employment in agriculture, female (% of female employment) (modeled ILO estimate)","SL.AGR.EMPL.FE.ZS","","","","","","","","","","","","","","","","","","","","","","","","","","","","","","","","52.4556210099651","52.7849940800334","52.7850171670608","53.0055624800178","53.7125608243817","53.4330248915927","53.3595361905831","53.4720597510198","53.579838717296","53.5991750041946","53.4547814986822","53.5472064085","53.5035923767936","52.9985610243696","52.5242951506375","51.964636035298","51.5067060668213","51.1052277388752","50.63521991396","49.9297945426198","49.3917740899067","48.5683989239496","47.7256854270852","46.9805033539063","46.2372879592121","45.7204566054529","45.3023060733894","44.7314061711627","44.1232140676577","45.2617352357447","45.4244945224651","46.1229987732104","45.3801626616593","44.7036850563038","44.2707657798961",
"Finland","FIN","Employment in agriculture, female (% of female employment) (modeled ILO estimate)","SL.AGR.EMPL.FE.ZS","","","","","","","","","","","","","","","","","","","","","","","","","","","","","","","","6.54804041163937","6.26673609044927","5.96894489267939","5.98948680627336","5.3016475701545","5.6968965232272","5.31664260369023","4.61679847154708","4.37815920291667","3.90422123339378","3.78332803592621","3.73455413594984","3.42902586294001","3.0104159289482","3.03058713630525","2.978374836173","2.62381889043097","2.50692004968789","2.63146938972625","2.83998451193618","2.42419374809669","2.4153899305048","2.18752924504338","2.20136358135094","2.4048744282502","2.10783318100267","1.85385828309538","1.94306734736236","1.96525033776982","2.12605919447611","2.0597063095046","2.02905414848518","1.70287966143278","1.74021194377283","1.68243570119993",
"Fiji","FJI","Employment in agriculture, female (% of female employment) (modeled ILO estimate)","SL.AGR.EMPL.FE.ZS","","","","","","","","","","","","","","","","","","","","","","","","","","","","","","","","33.2731467549403","32.7523553906138","32.4051906026915","31.7914577209061","31.4177843376329","30.8174838689238","30.8854385228703","24.2722882808038","23.268339311961","23.2967346647501","23.0153665380213","22.5060790426895","22.2150786076649","21.5733576240478","21.1525808051667","22.9461164310686","25.0449724795275","27.1753093097154","29.4894380294998","31.4825367158237","33.3827121240588","35.6686292248142","37.6460271465609","39.9552537582918","39.3804519094881","38.6711478364878","37.8574129311431","37.08997325867","36.7128215854424","38.0707589960689","38.531651782193","37.1383025780983","36.2487381716415","35.58806100996","35.0147103744313",
"France","FRA","Employment in agriculture, female (% of female employment) (modeled ILO estimate)","SL.AGR.EMPL.FE.ZS","","","","","","","","","","","","","","","","","","","","","","","","","","","","","","","","4.15976903441936","4.03637337573436","3.92965629140564","3.49359474269275","3.29363153886024","3.11464584410045","2.96666225787088","2.71865752036253","2.6340695719459","2.51050122196037","2.4948610493126","2.45377275250737","2.36276513707145","2.33442811329921","2.26463189168307","2.20520619090449","2.14336413293336","1.8693551480224","1.90845898090883","1.79711984735133","1.90864933879861","1.86706083178559","1.85605504050633","1.66226213675114","1.6549639404423","1.64234219438565","1.57187493675426","1.37794537395552","1.45829087336231","1.42940648451752","1.44661410685569","1.56898357882964","1.60490832273432","1.44246141472425","1.39625500290903",
"Faroe Islands","FRO","Employment in agriculture, female (% of female employment) (modeled ILO estimate)","SL.AGR.EMPL.FE.ZS","","","","","","","","","","","","","","","","","","","","","","","","","","","","","","","","","","","","","","","","","","","","","","","","","","","","","","","","","","","","","","","","","","",
"Micronesia, Fed. Sts.","FSM","Employment in agriculture, female (% of female employment) (modeled ILO estimate)","SL.AGR.EMPL.FE.ZS","","","","","","","","","","","","","","","","","","","","","","","","","","","","","","","","","","","","","","","","","","","","","","","","","","","","","","","","","","","","","","","","","","",
"Gabon","GAB","Employment in agriculture, female (% of female employment) (modeled ILO estimate)","SL.AGR.EMPL.FE.ZS","","","","","","","","","","","","","","","","","","","","","","","","","","","","","","","","41.6205679363574","41.8815431837207","41.4880748372009","40.1786332479402","38.8814386740118","37.7556316827572","36.5884433310615","36.0762967294975","36.6861812200428","36.7278147015242","36.4302496577137","36.3980003436398","36.1309670202385","35.8264679564319","35.180136101172","35.3852464419915","34.4814090019569","34.454631722906","34.3534251597005","32.8708969238501","31.5025815609965","30.493451038718","29.4224419589607","28.5510377499958","27.767796328376","27.1845115319708","26.731034762833","26.2096394732019","25.7220425138632","26.3791009128231","26.4665362534135","26.3101541990341","26.3427555679481","26.1842094091476","25.9928561649803",
"United Kingdom","GBR","Employment in agriculture, female (% of female employment) (modeled ILO estimate)","SL.AGR.EMPL.FE.ZS","","","","","","","","","","","","","","","","","","","","","","","","","","","","","","","","1.57212233566062","1.42411351158279","1.37416033825907","1.46611907235795","1.55563684803719","1.47255947712853","1.3415494193746","1.17318933994925","0.969624764687176","0.98811410459588","0.871395240006023","0.883733564011724","0.748275227233474","0.764446279673281","0.73641257830254","0.673600756909773","0.750703054198238","0.830189642469368","0.555809807394577","0.611887751295145","0.663221131978931","0.693749067690341","0.603616573933552","0.698239324934876","0.648201919452258","0.632074480192366","0.650729033259164","0.624797474220779","0.615839604842735","0.577210235430888","0.495405209290053","0.441327511554634","0.473627742934893","0.484916812271944","0.469349215034095",
"Georgia","GEO","Employment in agriculture, female (% of female employment) (modeled ILO estimate)","SL.AGR.EMPL.FE.ZS","","","","","","","","","","","","","","","","","","","","","","","","","","","","","","","","50.4519328063293","50.6756883399247","50.8960841813117","51.0171587869572","51.1150320062672","50.5329540761782","50.3350871841592","50.0183509318483","53.0564336366669","56.4972232363514","52.095368257346","54.2127504927153","55.6321708661387","55.3095477967489","55.9230808055317","56.2402793643302","55.5477424013572","55.1524511825021","54.8062661041229","52.7481301822394","54.6495123957232","53.5513227000992","53.0143204500439","51.7428770689202","49.8482916318544","48.4670509057907","48.4778882494825","44.1511630757163","42.9833758231106","42.7764550280809","42.8238646876221","39.6648617505896","38.0741025934103","37.1947478949055","36.3612821614397",
"Ghana","GHA","Employment in agriculture, female (% of female employment) (modeled ILO estimate)","SL.AGR.EMPL.FE.ZS","","","","","","","","","","","","","","","","","","","","","","","","","","","","","","","","66.4741652461293","65.4394903776092","64.6370057186825","63.7260704443262","62.5956418744019","61.524343902861","60.1989689631724","59.0119962586985","57.8228990116536","61.2024453913778","60.7413309266284","60.2213426850059","59.6407878391321","59.0292211146397","58.2373984639357","57.6173210221618","55.0591172840014","52.0023932063277","49.1584715645906","45.9470672869147","44.1855384543278","42.8595729885288","41.4151169119938","41.0280344451069","40.5875596526069","39.9499571076416","39.1074557654876","36.792587917526","34.1911788500065","33.7698484172399","32.3691490110509","30.3083175350172","29.9853031655891","29.206196322342","28.5535558846897",
"Gibraltar","GIB","Employment in agriculture, female (% of female employment) (modeled ILO estimate)","SL.AGR.EMPL.FE.ZS","","","","","","","","","","","","","","","","","","","","","","","","","","","","","","","","","","","","","","","","","","","","","","","","","","","","","","","","","","","","","","","","","","",
"Guinea","GIN","Employment in agriculture, female (% of female employment) (modeled ILO estimate)","SL.AGR.EMPL.FE.ZS","","","","","","","","","","","","","","","","","","","","","","","","","","","","","","","","76.2876677724079","76.0917483250038","75.9707845549864","75.968076669985","75.91586044402","75.7825051850553","75.5159637230927","75.2636606083641","75.1261534952706","74.9460159903475","74.5884148715792","74.1910022624782","72.831609779425","71.7499414117582","70.4426305923891","69.3756756418061","67.4619680528365","65.7281646479818","64.7059778307421","62.7783011578518","60.4385887004908","57.9991153948814","55.8299835751734","53.4697659125854","53.2449915729406","51.5714984348056","50.2593544319517","49.5212615266034","49.112270570036","50.6441938153332","51.2748152167834","50.9111484416456","49.9294039494112","49.2986332904269","48.2560228204977",
"Gambia, The","GMB","Employment in agriculture, female (% of female employment) (modeled ILO estimate)","SL.AGR.EMPL.FE.ZS","","","","","","","","","","","","","","","","","","","","","","","","","","","","","","","","38.3608593070905","38.3767086014277","38.4171769630261","38.7865137865138","39.1469644766544","38.9406948520088","38.7623040466642","38.483203396057","38.262016124271","37.9281685583591","37.553670413132","38.1045329014558","37.6753203653999","37.1750253590903","37.7645473665761","37.8086816720257","37.5644758735441","37.3968639674944","36.8496124031008","36.4116942533694","37.6796024631195","37.5235250978556","37.8988723355875","38.9794546193891","39.1747479780751","39.7600337051895","39.4731985863756","38.6491458086334","38.216423608215","40.2823702138027","41.3180186382749","40.837389472682","40.8579968115179","39.8068156727493","38.8606177249325",
"Guinea-Bissau","GNB","Employment in agriculture, female (% of female employment) (modeled ILO estimate)","SL.AGR.EMPL.FE.ZS","","","","","","","","","","","","","","","","","","","","","","","","","","","","","","","","71.7136020853462","71.8024626176154","71.9702358155058","72.0038198312908","71.8527193193952","71.2639940800206","70.6794880937361","71.9766458583563","71.2281828326","71.2943041558147","70.9928978553326","70.9839436068142","71.1774792115431","71.2115917720782","70.929667524989","70.8419282014962","70.8305306910885","70.7156803056704","70.6817810457516","70.449122834877","69.9867725377831","70.3870285829941","70.2313422510904","70.326233104522","70.2082396900938","69.8680347024788","69.6505415395542","69.5946517198729","74.2951569925889","73.1436123810719","71.1006592921575","67.8992046994794","67.226867448006","66.7749900282146","66.1635339685859",
"Equatorial Guinea","GNQ","Employment in agriculture, female (% of female employment) (modeled ILO estimate)","SL.AGR.EMPL.FE.ZS","","","","","","","","","","","","","","","","","","","","","","","","","","","","","","","","68.8506431469199","68.6643259749519","68.3300040473672","67.5508702491501","66.951858472539","66.533397175006","64.3373605840094","63.4587277674094","62.2890570633264","60.6856918822995","58.7801744539861","57.9943816672538","57.3429706653141","55.6652662726575","54.8748694600341","54.7906198862449","53.8252499688835","52.7959283754589","53.4294376751902","55.0743886242065","54.926774029734","54.4937906630385","54.9934494534052","54.8421715217369","55.5052302919418","56.1388207330164","56.6520866662351","55.6099454712586","56.0714979599767","56.6678774120318","56.7402329526376","56.27676294645","56.5308986019316","56.0949364673561","56.248272977797",
"Greece","GRC","Employment in agriculture, female (% of female employment) (modeled ILO estimate)","SL.AGR.EMPL.FE.ZS","","","","","","","","","","","","","","","","","","","","","","","","","","","","","","","","23.2492598999921","22.8386823263409","22.479353929048","23.0161258468321","22.2208225455311","23.1789719511791","22.6337542011082","19.5724947086302","19.6715429872432","18.5688682262104","16.5510204081633","15.7666832690234","15.25058578659","12.4474803184053","12.2835431851191","11.8070874753342","11.0294231729539","10.8153074469601","10.9520345479936","11.7641155950601","11.7349712848744","12.0277785686806","12.6277458824843","12.2582850779206","11.7244051206315","11.0613334240629","10.8485094238903","11.0367530917735","10.1448780633509","9.20290083786336","10.2566756863463","9.77211037933164","9.82098297733336","9.50071995108032","9.19684834540376",
"Grenada","GRD","Employment in agriculture, female (% of female employment) (modeled ILO estimate)","SL.AGR.EMPL.FE.ZS","","","","","","","","","","","","","","","","","","","","","","","","","","","","","","","","","","","","","","","","","","","","","","","","","","","","","","","","","","","","","","","","","","",
"Greenland","GRL","Employment in agriculture, female (% of female employment) (modeled ILO estimate)","SL.AGR.EMPL.FE.ZS","","","","","","","","","","","","","","","","","","","","","","","","","","","","","","","","","","","","","","","","","","","","","","","","","","","","","","","","","","","","","","","","","","",
"Guatemala","GTM","Employment in agriculture, female (% of female employment) (modeled ILO estimate)","SL.AGR.EMPL.FE.ZS","","","","","","","","","","","","","","","","","","","","","","","","","","","","","","","","10.3045065238548","10.3270404453553","10.3360128199648","10.33902783812","10.3461029140972","10.344214123613","10.3503658756207","10.3608229873579","11.0193475846371","11.7448834723795","11.6995010178821","11.6819756400161","11.7790248187227","11.2348598030232","11.8832275208696","12.550919785193","12.5175460175967","12.4784654879026","12.481202319648","12.4581923494576","13.1602158551551","11.543987461179","11.1288309230948","11.010268409733","9.67454095343589","9.18085230289977","10.0023511449781","11.279715044432","11.0554904623946","12.0311447667086","12.6195759568506","9.44540141104372","16.1228575040918","15.9749031102918","15.8004866240039",
"Guam","GUM","Employment in agriculture, female (% of female employment) (modeled ILO estimate)","SL.AGR.EMPL.FE.ZS","","","","","","","","","","","","","","","","","","","","","","","","","","","","","","","","1.89092586187017","1.83496608892238","1.78057083006023","1.72516580967285","1.673838523813","1.62264555559527","1.57112526539278","1.51880670041793","1.48054145516074","1.43549066404605","1.37897069687269","1.31386327038501","1.25183016105417","1.18738811150488","1.1726633725381","1.12667374404986","1.04561599553019","1.021600633317","1.00163969487417","0.997207818109294","0.941504976014892","0.930311231393775","0.898883913653679","0.86989893821159","0.840522709972088","0.815981992121553","0.789152287602167","0.767030272547232","0.743517847578841","0.787532952914873","0.760195758564437","0.732566765578635","0.705494304126073","0.679696704226203","0.654222435628113",
"Guyana","GUY","Employment in agriculture, female (% of female employment) (modeled ILO estimate)","SL.AGR.EMPL.FE.ZS","","","","","","","","","","","","","","","","","","","","","","","","","","","","","","","","22.8354058855333","21.9275200181011","20.9993744710601","19.7425105224065","18.7360585478333","17.7188194224056","16.8650947042907","16.3609665281292","15.0515106223978","14.9338194283849","13.7229425261936","12.9169773625786","13.027532979364","12.6978431607065","12.4828833484046","11.7347194388778","10.8929795358856","10.3726589069311","10.0054013432906","9.58738283816968","9.31053203040174","8.91666942998309","8.87270301674054","8.853762403239","8.88474808800795","9.01211267886922","8.65706826683292","8.41512245087997","7.35833829717733","7.61840569795984","7.3944828930695","7.00112444094994","6.74770649676547","6.72759382597746","6.73660352412507",
"High income","HIC","Employment in agriculture, female (% of female employment) (modeled ILO estimate)","SL.AGR.EMPL.FE.ZS","","","","","","","","","","","","","","","","","","","","","","","","","","","","","","","","6.76469430839519","6.71330497392459","6.43570624965338","6.35126749690192","6.10997857443285","5.77650142293144","5.21907781765126","5.05367287943612","5.5020370049402","5.25877228365542","4.77861849315505","4.48248841057461","4.25624314656752","3.97263379940181","3.89871497829756","3.72508090823885","3.50592680774048","3.37249048862597","3.25390611987875","3.20465791913506","3.1308850511193","3.01255453175255","2.8870119590795","2.7805162749222","2.69948800214477","2.58427473414221","2.40783487022566","2.35943549101275","2.30857186690014","2.33349230955161","2.24937389841961","2.1895461085719","2.09160124692787","1.97954293512035","1.91448495620098",
"Hong Kong SAR, China","HKG","Employment in agriculture, female (% of female employment) (modeled ILO estimate)","SL.AGR.EMPL.FE.ZS","","","","","","","","","","","","","","","","","","","","","","","","","","","","","","","","0.696496895548377","0.485534715542054","0.410396463192712","0.404561866131142","0.413956289647575","0.294871055687799","0.238927706461156","0.236105696441349","0.220966723655651","0.23473866696175","0.157357573474531","0.222391970682937","0.177193047596652","0.191253321345717","0.185565331147829","0.201214822720638","0.15527950310559","0.162891924983414","0.15948534455766","0.152104278861038","0.148220208943978","0.144085516519396","0.139765183593693","0.136579722758243","0.132582158426911","0.129022153970992","0.125315553466675","0.121708795584499","0.118946830051651","0.12195393063235","0.11718721261544","0.114133606956573","0.110802471918813","0.107868336927175","0.104659514309261",
"Honduras","HND","Employment in agriculture, female (% of female employment) (modeled ILO estimate)","SL.AGR.EMPL.FE.ZS","","","","","","","","","","","","","","","","","","","","","","","","","","","","","","","","7.99061634642127","8.07441258543293","8.01604390308363","7.93690588743464","8.66740137678287","9.53577458394223","8.73910731971922","9.51698154905825","10.3856382302541","9.39091034687434","8.57298794028476","10.8840126782025","10.3125858146012","8.72972560510332","8.64318494051621","11.1786501806143","9.66404049858487","9.70097312205657","10.8812785016618","11.7144932626757","8.97367662386623","10.602003243041","9.51804359917719","8.77774189917236","7.40698860517655","7.81944894099204","9.11392556502181","9.28846693634938","6.88155443133832","8.01199246361053","8.44833769442267","5.1309369732225","5.34614156845529","5.31253098581227","5.27265711809765",
"Heavily indebted poor countries (HIPC)","HPC","Employment in agriculture, female (% of female employment) (modeled ILO estimate)","SL.AGR.EMPL.FE.ZS","","","","","","","","","","","","","","","","","","","","","","","","","","","","","","","","67.6693548851197","68.2863959903919","68.1482061459593","68.2705321120617","68.2808241691951","67.8934631744307","67.8251415438807","67.8130105239244","67.6972194658948","67.9443915932709","68.0853153721943","68.151591940141","68.1620533667524","67.953625683069","67.825285428025","67.2855472681963","66.6068240645543","65.6936838840036","64.9573219665486","63.8055608370485","63.1598206333422","61.9973733132118","61.7152669907379","61.035561780124","60.4084953970417","59.8793283334916","59.0352909428244","58.0430858188789","56.7360612808725","58.7640270181543","59.4757240484587","58.8339092913833","58.4556927538399","57.7206603240037","57.2418462908163",
"Croatia","HRV","Employment in agriculture, female (% of female employment) (modeled ILO estimate)","SL.AGR.EMPL.FE.ZS","","","","","","","","","","","","","","","","","","","","","","","","","","","","","","","","23.6544587398866","23.5050187823857","23.065700835481","22.3783924856154","21.7463537972927","21.0965939449019","19.0433912415925","18.2536839748739","17.5347155388127","16.7152749044535","15.9092867460096","15.1882525424933","17.6112634031576","18.156150443146","18.9012058268901","14.9369262651353","13.5659660209736","13.9949752592797","14.1717648005067","15.4912296174858","15.3812683861257","11.7262214256224","9.44879195578132","7.83056098809048","7.30598455598456","5.37835427712372","5.15786800985431","4.963632482061","4.26648933377666","4.24537626850591","4.85896117461463","3.94547921256541","3.25051426434226","2.95598833600136","2.83854971276046",
"Haiti","HTI","Employment in agriculture, female (% of female employment) (modeled ILO estimate)","SL.AGR.EMPL.FE.ZS","","","","","","","","","","","","","","","","","","","","","","","","","","","","","","","","35.6174209727729","36.1726387034612","36.4494728832269","37.3199923140568","36.3799981540544","36.0340789745227","35.6781334013939","35.587510527465","35.3701613168389","35.0754268044795","34.9783826840465","34.7601323407775","34.6229362857733","34.4543385553616","34.1844023111989","34.0070765211444","33.6677027508069","33.3926255628024","32.7566258313827","32.9241331715851","32.4470743790257","32.2644128847155","31.7750336363414","31.5135756066301","31.254708029927","30.9810633787678","30.710840018804","30.5524281337592","30.4416994775985","31.8569949727476","32.5126336021355","32.3538179934943","32.2227939803954","32.225731356083","32.2946347740263",
"Hungary","HUN","Employment in agriculture, female (% of female employment) (modeled ILO estimate)","SL.AGR.EMPL.FE.ZS","","","","","","","","","","","","","","","","","","","","","","","","","","","","","","","","8.11123723776167","7.78960909804383","6.11318469578271","5.7876700549821","5.01007340977072","4.64341062128002","4.62707234090858","4.18438142528499","3.93831481901466","3.60210778314146","3.68628542888108","3.94161476497452","2.86573787263925","2.87009109112842","2.82399850184132","2.8042619628709","2.45254338021455","2.37266013693194","2.6385625719699","2.35280131534395","2.69362363257819","2.84844083689094","2.65212642919713","2.67306619397205","2.68412376860131","2.88399555302273","2.87837600129584","2.79301661095171","2.89469761084009","2.88085746940596","2.64568365834189","2.56716275994889","2.57627323152923","2.47443111410144","2.38134403405832",
"IBRD only","IBD","Employment in agriculture, female (% of female employment) (modeled ILO estimate)","SL.AGR.EMPL.FE.ZS","","","","","","","","","","","","","","","","","","","","","","","","","","","","","","","","47.7978607125201","47.3759245301954","45.9917110280825","44.8941114739624","43.6994815627234","42.7257331874738","42.1995260376684","42.3842809487499","42.8711705325776","43.0340187481037","42.6485825814341","42.5111014456858","41.9693157581653","40.2724709615477","38.8993749146446","37.1735787553462","35.8865269681253","34.9461898142265","33.8233711603585","32.8221396590556","31.3908709616851","30.1425583116037","28.7432689591438","27.4089364340848","26.4379060077655","25.5911275916933","24.895260968155","23.9933246765212","23.589374805405","24.4291655021179","24.6349986375078","25.6627595535363","25.5007333811972","25.2300054523115","24.8406984345569",
"IDA & IBRD total","IBT","Employment in agriculture, female (% of female employment) (modeled ILO estimate)","SL.AGR.EMPL.FE.ZS","","","","","","","","","","","","","","","","","","","","","","","","","","","","","","","","50.4576762219208","50.177530056411","49.0907753338095","48.2547364313191","47.2534059590339","46.4036052946635","45.9800720545346","46.2251181097543","46.6119131432497","46.8042583574787","46.4250318522225","46.2654162725357","45.7500650492606","44.3545213085735","43.1699501036512","41.7421784572747","40.6868360802429","39.9194006159397","39.0015986038461","38.1449475752503","36.9924821045973","35.8097582830229","34.7049844412602","33.6186884251469","32.8344983600992","32.1908146971358","31.4658732513525","30.6579223832368","30.3307231214101","31.5037245576135","31.7007897868345","32.3908932817349","32.2239952375186","31.802056507978","31.4877950517116",
"IDA total","IDA","Employment in agriculture, female (% of female employment) (modeled ILO estimate)","SL.AGR.EMPL.FE.ZS","","","","","","","","","","","","","","","","","","","","","","","","","","","","","","","","63.3626205730293","63.5870440126889","63.5935026449463","63.6553565771002","63.3445321851167","62.7962051799122","62.5740725381885","62.8549423914038","62.6583820156108","62.8099580242174","62.2483285870692","61.7812404337476","61.1724057427184","60.8215912291945","60.2395133719641","59.7082408171634","59.2583940503884","58.7087583566534","57.9979643607474","57.1121587110849","56.6160003138601","55.5504816728802","55.006925034567","54.5631734120473","54.1594729451546","53.9093498038918","52.7781374161194","52.0108012560479","51.6072018173771","52.9564895683239","53.4213109559187","52.5600328900368","52.3158833399698","51.4628363750487","50.9695713275827",
"IDA blend","IDB","Employment in agriculture, female (% of female employment) (modeled ILO estimate)","SL.AGR.EMPL.FE.ZS","","","","","","","","","","","","","","","","","","","","","","","","","","","","","","","","51.0189450267984","51.1502694666552","51.4869994484393","51.9170688794873","51.1633472320885","51.0254301764732","50.7327070924707","50.8951677901619","50.7677613302244","51.0031340362389","50.7332662504376","50.6722113377967","50.5332957185788","50.5342753988334","50.1765655078157","50.0413385418042","50.1649023638314","50.1683650522687","49.2347068907239","48.7650142696352","48.2997573100902","47.0189560504432","45.8881538471361","45.1228503224617","44.5384096657375","44.5587931633989","43.2180278944071","41.9117554258472","42.0121650862674","42.2495339961513","41.2669627288113","39.5139224938886","38.9089203380761","38.360977522213","37.8386936206111",
"Indonesia","IDN","Employment in agriculture, female (% of female employment) (modeled ILO estimate)","SL.AGR.EMPL.FE.ZS","","","","","","","","","","","","","","","","","","","","","","","","","","","","","","","","47.0991348169519","46.3090856480463","45.3226194965213","44.108493693112","42.6951366859205","41.6727934876659","41.0761230537018","44.558054701996","45.0137979246981","45.4353871347934","43.2675279082352","44.1037684016141","46.2267873055955","43.2556069135137","43.0521353346471","39.7947827598421","40.0975599244901","39.324616424413","37.9315906302568","36.4330614509009","34.8586542976227","33.3649351377864","32.4790176436325","31.9512469766142","31.2110620780829","28.7216196066869","27.5155727237924","26.3015877916663","25.325247659601","25.8822826536235","26.0172150158565","26.5511254303295","26.8073883188674","25.9459093340623","25.2587381539466",
"IDA only","IDX","Employment in agriculture, female (% of female employment) (modeled ILO estimate)","SL.AGR.EMPL.FE.ZS","","","","","","","","","","","","","","","","","","","","","","","","","","","","","","","","69.1023821389622","69.4204673987497","69.2839996053441","69.1930051467663","68.9938168765058","68.3025587591663","68.1946309742219","68.5289302876992","68.3488053624636","68.5035888190517","67.8285021751108","67.2012952137846","66.4128868221382","65.947413972071","65.2865908707164","64.6076281565078","63.8908076177023","63.0713078810291","62.5027755701248","61.4066531307428","60.9001759783911","60.0092213791442","59.7596996663134","59.53912671901","59.2478866810988","58.8659684493352","57.7462910928789","57.171206899448","56.5412308102774","58.4087514069636","59.6750168426506","59.3428099976655","59.6034469803762","58.7292457608716","58.2700964833858",
"Isle of Man","IMN","Employment in agriculture, female (% of female employment) (modeled ILO estimate)","SL.AGR.EMPL.FE.ZS","","","","","","","","","","","","","","","","","","","","","","","","","","","","","","","","","","","","","","","","","","","","","","","","","","","","","","","","","","","","","","","","","","",
"India","IND","Employment in agriculture, female (% of female employment) (modeled ILO estimate)","SL.AGR.EMPL.FE.ZS","","","","","","","","","","","","","","","","","","","","","","","","","","","","","","","","76.7817203844467","76.6866645594167","76.5317013204134","76.4514644883486","76.2423174366281","75.8741104250541","75.4793717961936","74.9367293924231","74.1674551037277","74.0715475360435","73.1950831042578","72.4032363387596","71.2917701151688","70.0363637054443","68.9397411915414","68.5383282980716","67.6657989203267","67.1600692963527","66.2231075582484","65.3327393775454","62.5386547196872","59.6990267304003","58.4281217789907","56.9909096196722","55.6916010791532","54.0977447599498","52.6302055911395","51.0992095375496","52.3986107663891","58.0724268080462","59.2958420307118","59.1538868543901","61.5480521928979","60.4951115381278","59.8301878767769",
"Not classified","INX","Employment in agriculture, female (% of female employment) (modeled ILO estimate)","SL.AGR.EMPL.FE.ZS","","","","","","","","","","","","","","","","","","","","","","","","","","","","","","","","","","","","","","","","","","","","","","","","","","","","","","","","","","","","","","","","","","",
"Ireland","IRL","Employment in agriculture, female (% of female employment) (modeled ILO estimate)","SL.AGR.EMPL.FE.ZS","","","","","","","","","","","","","","","","","","","","","","","","","","","","","","","","4.19197171826115","4.08640486119974","3.9678500779194","3.72722263319193","3.62321523982839","3.78127359761554","3.51860478891413","2.71922862970517","2.45958747478607","2.19254415068395","1.89724630159652","1.72892729843286","1.82570442129157","1.45119854305793","1.34903037022228","1.27204071581021","1.53973400591867","1.66239852360266","1.72372892188138","1.90062275867318","1.65479636378927","1.64181792072866","1.69540062732955","1.73925816791416","1.6046585971743","1.53752410036366","1.55722720765805","1.46210258592307","1.20829865907522","1.45941575868814","1.33602361159962","1.10804098421755","1.25292381308993","1.17303440350234","1.1315367927796",
"Iran, Islamic Rep.","IRN","Employment in agriculture, female (% of female employment) (modeled ILO estimate)","SL.AGR.EMPL.FE.ZS","","","","","","","","","","","","","","","","","","","","","","","","","","","","","","","","25.79546162569","25.6500973071883","25.8705190180077","25.8308687045656","25.6158179897917","25.4252009046177","25.377419018738","25.2434079058588","25.2239716261398","25.0382540301341","24.9587071579605","24.5435687497424","24.1670443962272","24.015318768906","23.749919898752","24.696031134423","22.9264218653862","22.707650695001","22.223572182164","20.12289932453","19.396061567994","18.3689509180623","17.9489905145199","16.602558945242","17.574260050395","16.9035868935616","16.4780078204871","16.3499014084849","16.5621273503634","15.3194561677337","14.1266981037204","13.8169777242625","13.1511267234481","12.8732587437716","12.7011857016154",
"Iraq","IRQ","Employment in agriculture, female (% of female employment) (modeled ILO estimate)","SL.AGR.EMPL.FE.ZS","","","","","","","","","","","","","","","","","","","","","","","","","","","","","","","","27.310134720766","26.6440093933279","26.2552526184695","25.6308916885999","25.2492245324161","24.4513301267484","24.0666039853204","22.1186060411505","21.9256820663266","21.5014117668985","20.6370716851362","20.5765616922105","20.2709886514514","20.0350047690094","19.7672630452913","19.1698200558769","18.7814314353407","18.2946481142893","17.5782813074706","17.1290690131653","16.8470767324197","16.139073776457","15.5633920240676","15.3176132681715","15.1423406311573","14.3576477386622","14.5332063290469","14.3277155824811","13.7074832191518","14.1472116191773","14.5351705616703","14.5544124597443","14.1825505993319","13.9266903583506","13.9261718891646",
"Iceland","ISL","Employment in agriculture, female (% of female employment) (modeled ILO estimate)","SL.AGR.EMPL.FE.ZS","","","","","","","","","","","","","","","","","","","","","","","","","","","","","","","","5.09771283151139","4.50119331742243","3.28736394799615","4.20394808255928","4.36457564575646","4.9370195628849","4.24387859396525","4.94371789216035","4.73917628924525","4.28495947008261","3.39749254037164","3.45319854927078","2.96412458063936","2.72720269125087","3.06417493835351","2.83169645580431","2.45599429115128","2.22478440415544","2.10961287516311","2.2378656069014","1.91508581752484","2.14473420615374","2.44629659475514","1.98648784914793","1.74260261932922","2.17480899090131","1.94055744278576","1.20835686053077","1.36699170691698","1.79622498977033","1.73805025209558","1.67929769544218","1.95056919178549","1.77339993290342","1.70891326389529",
"Israel","ISR","Employment in agriculture, female (% of female employment) (modeled ILO estimate)","SL.AGR.EMPL.FE.ZS","","","","","","","","","","","","","","","","","","","","","","","","","","","","","","","","1.39983005741999","1.41896438646933","1.39531951280061","1.32975597352722","1.28509785705091","1.13086994296725","1.0720679682617","1.11604023128329","1.1660044145754","0.898249787500246","0.649666109496324","0.754988282938593","0.839517290906001","0.859676559907465","0.820674488249546","0.646768151749422","0.611554512598329","0.70258870965365","0.70543316693756","0.785511277318449","0.592519864047254","0.570177651675406","0.673550215743588","0.589692230958629","0.603030977162388","0.555696890502677","0.501354477126586","0.553984868386775","0.511296725742752","0.445968267496169","0.436634626418138","0.415332672430605","0.382869602725794","0.367853624370796","0.354064061222475",
"Italy","ITA","Employment in agriculture, female (% of female employment) (modeled ILO estimate)","SL.AGR.EMPL.FE.ZS","","","","","","","","","","","","","","","","","","","","","","","","","","","","","","","","8.78101689683528","8.54364451674471","7.17931319947292","6.83159302111494","6.40681633383353","5.60578659329438","5.21989372711198","5.05975201536597","4.51802980072522","4.35345385007305","4.36941232125664","3.93226067436944","3.69378750219302","3.16133851347862","3.26462907829246","3.32364468557693","3.05748961474093","2.832578467855","2.6650575611346","2.71694554317378","2.63990106724069","2.58040278011211","2.4346652912993","2.40917452541085","2.43829645554118","2.5178939937549","2.35084970884553","2.38634798818623","2.38197728874121","2.43034957818334","2.46972529735297","2.33427882610013","2.18270157835695","2.01320740189812","1.95054759049946",
"Jamaica","JAM","Employment in agriculture, female (% of female employment) (modeled ILO estimate)","SL.AGR.EMPL.FE.ZS","","","","","","","","","","","","","","","","","","","","","","","","","","","","","","","","18.2274842888703","17.8200992051174","13.8540164334301","13.8568468349637","13.3996995697227","13.0631798096533","12.0098922961411","11.7472662541324","10.7757961783439","11.3507098439766","11.5673961898982","11.8169838174055","10.6767191203196","10.6319909936894","10.1774283627615","9.99258472859296","9.71921423300286","9.40460914439629","9.63446299997763","9.44642823835647","8.03379080656458","7.92902325149148","8.12536689716929","8.01057881040391","8.0783596283721","8.74378787905709","9.19339980215723","8.94646054771566","8.22504949479812","8.88307705441781","9.38174220579213","8.71865929261679","8.48280472447845","8.24323294583817","8.02289969092442",
"Jordan","JOR","Employment in agriculture, female (% of female employment) (modeled ILO estimate)","SL.AGR.EMPL.FE.ZS","","","","","","","","","","","","","","","","","","","","","","","","","","","","","","","","1.46105332339076","1.42244452240039","1.42037926246277","1.40337247636976","1.38501783590963","1.39177311216403","1.38184532744785","1.36318314949835","1.34769084225096","1.32128596656714","1.28140775585131","1.24871960752601","1.28707212261055","1.32426579117984","1.25125699360874","1.22391481991926","1.21615939450788","1.15240826104316","1.11849516128357","1.0868919406012","1.06379733707505","1.02847104202868","0.989727285798731","0.977643046608564","0.980949489337786","0.979697429840841","0.961053929105799","0.895903623644231","1.07119710875835","1.04178421576372","0.624487376259735","1.06352039659225","0.397079599253723","0.384175507547659","0.369969773574306",
"Japan","JPN","Employment in agriculture, female (% of female employment) (modeled ILO estimate)","SL.AGR.EMPL.FE.ZS","","","","","","","","","","","","","","","","","","","","","","","","","","","","","","","","8.04333308284325","7.55081126556051","7.01943964600437","6.81408862301507","6.72969427981683","6.47917078877966","6.23476141632356","6.17798998812733","5.95742576588342","5.80608558628006","5.53742556420694","5.14260783466771","5.03518071003319","4.9510168736671","4.70027365577621","4.48900814874844","4.50367457148634","4.41503761261041","4.36047539041702","4.15392317982095","3.76022808533051","3.6613987464949","3.50776400386202","3.39366155824569","3.30269520245554","3.12869130491146","3.07253167601252","2.99113672252511","2.8894526062957","2.7494884913429","2.59998585802904","2.52031322201546","2.44049345032696","2.35911453664655","2.29336010524804",
"Kazakhstan","KAZ","Employment in agriculture, female (% of female employment) (modeled ILO estimate)","SL.AGR.EMPL.FE.ZS","","","","","","","","","","","","","","","","","","","","","","","","","","","","","","","","37.1524028270216","37.2751654521178","37.5750580470068","37.6573644468046","37.6978946609038","37.2374128687175","36.7554145350915","36.6684566105124","35.9409733817351","35.3634906309869","34.2593972312674","34.7074003330682","34.0634154949649","32.0176147697208","31.3671388100474","30.2051173178931","29.7723061975521","29.1966396451117","28.4196686297081","27.4523602704147","26.2974338697749","25.0391286104172","23.2791370375965","21.1136188278795","17.13823924465","15.1638152711648","14.0048772418943","12.778578587917","12.1202977655793","11.8077683966312","11.2612620833006","10.5484047145203","10.2666586491862","9.86565851958015","9.54471803699472",
"Kenya","KEN","Employment in agriculture, female (% of female employment) (modeled ILO estimate)","SL.AGR.EMPL.FE.ZS","","","","","","","","","","","","","","","","","","","","","","","","","","","","","","","","72.9133581054733","72.9852362095343","72.9665514522206","72.7700296713515","72.4866000801833","72.1659313974201","72.0269809885458","71.7384463314828","71.550232737113","71.2329428686165","70.428693732622","69.8580714413501","69.1703789528356","68.3924211683571","67.5128708515765","66.5916444672188","65.6222991164524","65.1613851824464","64.663128518386","63.7065265680396","62.9432703888085","62.0224470798606","61.1626939074672","60.1496651425296","59.2323688710785","58.3102445716002","57.4897154533984","56.3779885559798","55.4784727546129","57.3891418715927","57.9591153884423","55.4998025231752","54.8020238091417","54.1023780170238","53.3552284914178",
"Kyrgyz Republic","KGZ","Employment in agriculture, female (% of female employment) (modeled ILO estimate)","SL.AGR.EMPL.FE.ZS","","","","","","","","","","","","","","","","","","","","","","","","","","","","","","","","23.7109600808216","25.96683831413","26.4916526954592","29.5952273234004","35.4090351551943","35.4148140589239","36.7185016619898","36.899915857458","41.6225256167835","43.2291533983392","43.1650749505958","37.1267425027925","31.1044088449705","27.0033702985559","25.9375394967289","24.0455253086228","22.5381177261693","22.2897619549189","21.9325264512064","21.6509440746958","23.0609735829864","22.2778668436269","23.4899951593989","25.8613132380685","24.4144509349627","21.1187942919623","20.6288552366881","20.2730904991752","18.100524771775","19.400893171184","19.8962698096564","19.7799109774271","19.3507567490862","18.5800577187797","17.9853372325734",
"Cambodia","KHM","Employment in agriculture, female (% of female employment) (modeled ILO estimate)","SL.AGR.EMPL.FE.ZS","","","","","","","","","","","","","","","","","","","","","","","","","","","","","","","","77.1247605010223","76.7748188644698","76.9347735629286","80.1216211685021","79.9900709219858","79.7757604636293","74.6338261492378","83.0155896385772","77.8143539347083","74.8203023184722","68.5765691501513","67.8604467702025","66.4022024730256","64.9136786435246","62.9119087298205","61.1824040347436","59.5518308035393","55.427259093048","58.1031090658182","55.8395175187236","57.2668714743191","54.2874529521509","50.9177515921694","47.3218723257498","44.6238836379989","40.379023623042","40.2121133772131","40.4337662757117","40.7582956082216","39.4044688544915","39.6320832073133","38.6449737790909","37.6920304490179","36.4329926616065","35.6182600744464",
"Kiribati","KIR","Employment in agriculture, female (% of female employment) (modeled ILO estimate)","SL.AGR.EMPL.FE.ZS","","","","","","","","","","","","","","","","","","","","","","","","","","","","","","","","","","","","","","","","","","","","","","","","","","","","","","","","","","","","","","","","","","",
"St. Kitts and Nevis","KNA","Employment in agriculture, female (% of female employment) (modeled ILO estimate)","SL.AGR.EMPL.FE.ZS","","","","","","","","","","","","","","","","","","","","","","","","","","","","","","","","","","","","","","","","","","","","","","","","","","","","","","","","","","","","","","","","","","",
"Korea, Rep.","KOR","Employment in agriculture, female (% of female employment) (modeled ILO estimate)","SL.AGR.EMPL.FE.ZS","","","","","","","","","","","","","","","","","","","","","","","","","","","","","","","","17.6984349072564","16.0319862146535","15.4863787935393","14.3695323114394","13.4418285500022","12.6062515903089","12.2208434069801","13.7241176507392","12.4470481540882","12.2390643428437","11.3788978314433","10.7171936646266","10.038373111185","8.93238936830627","8.310935470473","7.95926065635609","7.67453484075993","7.39271178240294","7.06432333923951","6.43376990743779","6.28378150048999","5.92091054255805","5.7034707856178","5.25914397857883","5.10670023190841","4.72778843452077","4.4772081381504","4.74994911354063","4.84161727784094","4.94221877276421","4.79354168854125","4.88432503172402","4.7469591226637","4.70606063439232","4.58861444613556",
"Kuwait","KWT","Employment in agriculture, female (% of female employment) (modeled ILO estimate)","SL.AGR.EMPL.FE.ZS","","","","","","","","","","","","","","","","","","","","","","","","","","","","","","","","0.0501976964070827","0.0488397714753018","0.0464935647436564","0.0438449296857239","0.0412698242548653","0.041275623132923","0.0415475472108736","0.0421393534213367","0.0425333592756659","0.0432716856052411","0.0433003975388879","0.0434970006840892","0.0435312554414069","0.0452174296648396","0.0474240436439666","0.0536657200629933","0.0610716751340922","0.0693088022178817","0.0773640773640774","0.0877186891726438","0.0986275401394875","0.109365381972043","0.120450010386908","0.131519552387693","0.143815488999361","0.155392069536628","0.168137946143694","0.161709797862753","0.156101921616335","0.18069113909427","0.176468835813886","0.171224221593207","0.163763151605767","0.157976441896143","0.153463268544347",
"Latin America & Caribbean (excluding high income)","LAC","Employment in agriculture, female (% of female employment) (modeled ILO estimate)","SL.AGR.EMPL.FE.ZS","","","","","","","","","","","","","","","","","","","","","","","","","","","","","","","","10.6833754749522","10.9508633825665","10.7814265122667","10.524506723884","10.8223223145141","10.4561257294464","10.9316157076565","10.1536112399804","10.5751965484902","10.5414444712757","11.0771715637728","11.0745692819054","10.8252440255371","10.8219716101056","10.7544517719005","10.2399941239886","9.68041319660504","9.05874000258406","8.6623702209817","8.44686016184179","8.29049624880229","8.23195234306903","8.0784239042016","7.7987993929203","7.79691293132595","7.88386506203224","7.8536364055424","7.85724230916266","7.64186384706857","8.67510055827286","8.75461162578885","8.1126495682491","7.66681319378906","7.52408077384589","7.46716042797996",
"Lao PDR","LAO","Employment in agriculture, female (% of female employment) (modeled ILO estimate)","SL.AGR.EMPL.FE.ZS","","","","","","","","","","","","","","","","","","","","","","","","","","","","","","","","92.1124173351848","92.0258333466605","91.8767189648706","91.6634286231159","91.3839842386154","90.8717766117398","90.3276571319238","89.7769398978902","89.1476682773475","88.4995083134586","87.8172240543591","87.1122354457945","86.3360799191819","85.4033036948973","84.4599913080741","83.5387717408641","82.3689354115846","81.1265929984971","79.9117505009876","78.7513105417608","77.7301628807949","76.5566656149131","75.2261323600191","73.967510867557","72.7421169099023","71.6442992658999","70.3236437940808","69.6074124128477","69.0193668173022","69.6528485066099","69.9478593832743","69.5749204312438","69.3261503048102","68.7663301339766","68.3807822960965",
"Lebanon","LBN","Employment in agriculture, female (% of female employment) (modeled ILO estimate)","SL.AGR.EMPL.FE.ZS","","","","","","","","","","","","","","","","","","","","","","","","","","","","","","","","3.41826197576263","3.17272358061722","2.99943486860695","2.85469688483309","2.73448687613735","2.60594458608977","2.57015700333787","2.50659051842753","2.46825310474533","2.40662462231666","2.34468470045814","2.274753105634","2.20545599895697","2.10682335503679","2.06207687232993","2.00995844455041","1.90625158580669","1.81078632153316","1.70826610989845","1.63005738094368","1.60448833305609","1.5817551730584","1.59233086685272","1.62170303292731","1.62078645101854","1.58743027630043","1.5496743699374","1.52931288694713","1.54470922047893","1.52890068010382","1.55777869920897","1.60401481658502","1.51645336472733","","",
"Liberia","LBR","Employment in agriculture, female (% of female employment) (modeled ILO estimate)","SL.AGR.EMPL.FE.ZS","","","","","","","","","","","","","","","","","","","","","","","","","","","","","","","","52.3969948513735","56.7071210317704","60.4513443550244","62.8185801764012","64.9432351469337","63.0261139107179","57.5182825654997","55.2332143225978","52.4515161218466","49.3383331519783","49.5621460206466","49.0163262139366","52.9062324042239","52.3038949775167","51.8296802226091","51.0259049265682","49.8875638658709","49.1478777149439","48.4389294731863","47.3310950494641","46.2339468671193","45.0828949554239","43.3187402694838","43.122904262964","42.97652142225","43.6651422038016","43.0833865230694","43.1683968785883","44.1424352935121","46.1044763303923","46.9155360922454","46.512840350615","45.8053397979605","45.1169560865105","44.3504623655308",
"Libya","LBY","Employment in agriculture, female (% of female employment) (modeled ILO estimate)","SL.AGR.EMPL.FE.ZS","","","","","","","","","","","","","","","","","","","","","","","","","","","","","","","","9.71560168996436","9.72175298035619","9.67472289230206","9.54927675148135","9.49794046251917","9.31393608019267","8.97011917713381","8.80084699526072","8.72178883051879","8.7011362872319","8.76230826767216","9.05364980985991","8.74279857865614","8.73838004933635","8.45759709863788","8.27772066114697","7.96577183040363","7.93714282479949","7.80104243031421","7.64545259883096","7.21193847422559","7.32951676970118","7.5157889252366","7.62044553144085","7.38643585359959","7.30368102999416","6.86851084219016","6.64158021335146","6.74427980059193","6.93116473957217","7.11397542951866","7.20767748782365","6.88356978072092","6.82455835717093","6.45887406805546",
"St. Lucia","LCA","Employment in agriculture, female (% of female employment) (modeled ILO estimate)","SL.AGR.EMPL.FE.ZS","","","","","","","","","","","","","","","","","","","","","","","","","","","","","","","","9.79483785572469","9.66141272621133","9.60718549258143","11.6756039582066","12.2567482736974","12.9421141775431","9.06954166879567","11.0371800081268","10.5143893043281","9.30785487847834","7.69230769230769","6.27405696689761","5.86946039538859","6.75275104560036","5.42721640021418","6.03926055708514","5.8615891117673","5.80815212275252","5.70006222775358","5.57873589862463","5.45454545454545","5.30957892577724","5.0715571694486","4.9352122768257","4.79857647093142","4.6576512455516","4.52024635621325","5.2279668711994","3.00371593724195","2.9465789070871","5.52535968609214","3.20576411006109","3.12546620916008","2.56750241080039","2.48566875193264",
"Latin America & Caribbean","LCN","Employment in agriculture, female (% of female employment) (modeled ILO estimate)","SL.AGR.EMPL.FE.ZS","","","","","","","","","","","","","","","","","","","","","","","","","","","","","","","","9.97496083496112","10.1780925318176","10.0272248257744","9.83663131832232","10.0871201347858","9.74462092231042","10.1341104229788","9.41495317432726","9.81899368123872","9.78856145069757","10.296351534698","10.3304627514386","10.1482329645764","10.1192013849283","10.023551699416","9.52806099206139","9.00621673274668","8.45260288859494","8.10255390943525","7.90473451886119","7.74689100761417","7.68610321016143","7.55363883808238","7.29688418569476","7.29175337080803","7.37477507989059","7.40436755232184","7.43498439591311","7.25626311204631","8.25210284524659","8.32181897659258","7.72569160483005","7.30803597626994","7.18083271631077","7.12480952796662",
"Least developed countries: UN classification","LDC","Employment in agriculture, female (% of female employment) (modeled ILO estimate)","SL.AGR.EMPL.FE.ZS","","","","","","","","","","","","","","","","","","","","","","","","","","","","","","","","70.1433408098247","70.4346637388441","70.4643489702602","70.5492113193674","70.0861702730344","69.4078880114505","69.238164782665","69.6135359853377","69.4164576841874","69.3455697705354","68.6388092134421","68.0439650280124","67.3061585631294","66.8316785767097","66.4468883391302","65.8249389531518","65.2458576112088","64.5971652315194","64.1551465253802","63.2618760487055","62.9826813605606","62.1918159549551","62.0945731935382","61.9872480477276","61.6940195695977","61.3742400347058","60.2330511151419","59.7121844381142","59.1522655883345","61.0123697609924","62.3934300344508","61.9584935739149","62.20165946615","61.398929488268","60.9210290629009",
"Low income","LIC","Employment in agriculture, female (% of female employment) (modeled ILO estimate)","SL.AGR.EMPL.FE.ZS","","","","","","","","","","","","","","","","","","","","","","","","","","","","","","","","68.888415693055","69.7195936391715","70.1861111430136","70.2101444132688","70.8667684632855","70.8275802476683","71.1310249954671","71.1451611778748","71.0302224577693","71.1775791443892","71.1148932870931","70.8601476233069","70.4982205990684","70.1634296696371","69.7773401747691","69.2597996351697","68.872120697448","68.3528021915731","68.0380225503252","67.254310694377","66.9758049664532","66.3147844200716","66.9569859169219","66.8259217301479","66.4918864915294","66.1667746003114","65.8105807620442","65.3265594734542","64.3891321931645","66.4811777844651","67.7453923058848","67.1658004053905","67.1000874122099","66.4307487524292","66.1432517649727",
"Liechtenstein","LIE","Employment in agriculture, female (% of female employment) (modeled ILO estimate)","SL.AGR.EMPL.FE.ZS","","","","","","","","","","","","","","","","","","","","","","","","","","","","","","","","","","","","","","","","","","","","","","","","","","","","","","","","","","","","","","","","","","",
"Sri Lanka","LKA","Employment in agriculture, female (% of female employment) (modeled ILO estimate)","SL.AGR.EMPL.FE.ZS","","","","","","","","","","","","","","","","","","","","","","","","","","","","","","","","42.4296506105796","45.456682073386","41.4509548305062","43.3663745155416","39.6197510159324","37.2886225251179","41.5878616506423","46.6503303073064","46.5434308344946","46.2032179174984","46.5820629778567","46.1978482702319","45.5475096691563","48.4191477679923","40.8616876879077","39.8636395712745","38.9320654288011","38.3979076917177","37.870590867842","37.0420666842071","36.1434920939949","33.8464249046076","32.8112771393578","31.3348224437382","32.3283316437587","30.4155746542044","29.3522636163419","28.4367658571192","26.2067673260997","29.0973797621231","29.1974347869667","26.4593467178036","26.3023957608542","26.3753735233438","25.9679840518099",
"Lower middle income","LMC","Employment in agriculture, female (% of female employment) (modeled ILO estimate)","SL.AGR.EMPL.FE.ZS","","","","","","","","","","","","","","","","","","","","","","","","","","","","","","","","65.6284289460341","65.5162276756587","65.2370254772768","65.0777436783466","64.6712442716206","64.1348434782484","63.3368950152719","63.1417021673339","62.767201903453","62.8375276710343","61.8651160997407","61.0256675915868","60.1137627780293","59.3980720708475","58.3572204815534","57.5131271554476","56.7076981861036","56.0286817989185","55.0641644795459","54.2724033525724","52.9127924885513","51.0684290689125","50.1188856081158","49.3913500366467","48.4954536796545","47.692723255386","46.4057133929085","45.018439794521","45.2817467939002","47.7186403998756","48.0888730723082","47.8745403777534","48.3537886975324","47.74096210115","47.124672390325",
"Low & middle income","LMY","Employment in agriculture, female (% of female employment) (modeled ILO estimate)","SL.AGR.EMPL.FE.ZS","","","","","","","","","","","","","","","","","","","","","","","","","","","","","","","","53.2347860449309","52.7893751417806","51.5295844116805","50.465100709988","49.3606858824488","48.4509742279298","48.0531463809865","48.257642805662","48.5297202695765","48.7467112659654","48.3954462147808","48.2321323091945","47.6265407489452","46.1751371538334","44.891591794711","43.4167158331854","42.362936195027","41.5510218681399","40.5419972766606","39.6467575988514","38.4266647224804","37.1818511887994","35.9905647063532","34.876421345339","34.0747478002878","33.4260858370716","32.7177997588723","31.8844502879089","31.5525304576896","32.7358297135271","32.9349806980017","33.6766994314401","33.5059544066526","33.0907157612817","32.7436377790357",
"Lesotho","LSO","Employment in agriculture, female (% of female employment) (modeled ILO estimate)","SL.AGR.EMPL.FE.ZS","","","","","","","","","","","","","","","","","","","","","","","","","","","","","","","","16.9680636211338","16.7615314221925","16.4549863305272","16.0908764199441","15.8516703663108","15.3782261171032","15.7688946814971","16.5731361751428","17.3475220712632","17.5656385272003","17.8277168748696","18.0114610173839","18.0047267147569","18.2652495874465","18.1702637672496","17.8617558237886","17.7935398587533","17.6127816669475","17.8456289084071","17.7151380305923","17.6514266540737","17.4559964778579","17.5895288480113","17.5735806063675","17.5653768213838","17.6175321904489","18.2019198940748","18.5293672546283","18.383454788053","19.9639452244756","21.0206157671744","20.5868870516148","20.4205243295509","20.0655333403253","19.8243108936052",
"Late-demographic dividend","LTE","Employment in agriculture, female (% of female employment) (modeled ILO estimate)","SL.AGR.EMPL.FE.ZS","","","","","","","","","","","","","","","","","","","","","","","","","","","","","","","","46.5702210390066","46.0640232506522","44.3130072921227","42.8055658603295","41.0043758176081","39.6491358771204","39.017677866028","39.1805306333632","39.7891017432981","39.9531259540515","39.7447435336113","39.645702470436","38.9090596871201","37.0059628993954","35.3137347968934","33.4699597632689","32.0207343447894","31.0684814094567","29.9656900336602","29.0210963759524","27.7531428422298","26.882942069027","25.0445756465216","23.3215850584928","22.2469468521303","21.4940081864188","20.8233869614945","20.072755344313","19.100870727581","18.5404642254856","18.0579174950979","19.0257516590298","17.6117947494056","17.0164688714513","16.5991145258833",
"Lithuania","LTU","Employment in agriculture, female (% of female employment) (modeled ILO estimate)","SL.AGR.EMPL.FE.ZS","","","","","","","","","","","","","","","","","","","","","","","","","","","","","","","","20.9799110684986","20.6146255443031","20.2352496674337","19.6409821958655","19.1244990157341","18.5379672689836","17.8238907542576","16.500520153323","15.920177383592","15.2154700724467","13.0438147987289","14.9237070581788","15.5546357044794","13.5065474833246","11.5060911898775","11.4574960198815","8.59369072941282","5.89774702856129","6.65456081945474","6.48662800064443","6.4540031919548","6.34108503551385","6.09553105155494","6.73943473210829","6.62704282844799","5.54088686925247","5.40121367821687","4.68967899315675","4.14917224551624","3.69588873848767","3.51968388701888","3.68799580996666","3.42265405557083","3.64339933643187","3.48436144847307",
"Luxembourg","LUX","Employment in agriculture, female (% of female employment) (modeled ILO estimate)","SL.AGR.EMPL.FE.ZS","","","","","","","","","","","","","","","","","","","","","","","","","","","","","","","","2.87531630212486","2.79084098206467","2.66880170803309","2.78200284578774","3.45758021274756","1.61247467534624","1.2333786045924","1.67426039196105","1.45616253215329","1.48919201364061","1.04140140193805","1.00770831424795","1.83798591181842","1.48308847783614","1.08295429932857","1.18838908564638","1.14171189226924","1.17308224868457","0.853877020754974","0.778666775523533","0.799904131340064","0.947876159138498","0.877948642753716","0.950179312284649","0.722389055722389","0.84843810258388","0.466370384304873","0.595224503154994","0.358970555514351","0.437297631607669","0.52156329533173","0.697818392258724","0.650146796651843","0.602859651651967","0.58455522971652",
"Latvia","LVA","Employment in agriculture, female (% of female employment) (modeled ILO estimate)","SL.AGR.EMPL.FE.ZS","","","","","","","","","","","","","","","","","","","","","","","","","","","","","","","","16.6755689578234","16.1229473773367","15.5851670840239","15.0684497869583","14.5864299890883","14.0289813894019","19.1274203059128","16.6622565126169","15.1589063095374","13.0734589251541","12.368232360527","12.0909883684191","10.1028579171801","9.88349954863027","7.99534410620471","8.43773203368142","7.77389585087748","5.75425635233038","6.17835122657199","5.73380169119277","5.35227413209859","4.85564245810056","4.90501404869478","4.47187013564599","5.04264646920537","5.05734754529846","4.02809661153295","3.49502401900859","4.09513822359165","3.56275089795056","3.15059947452062","4.15105937918743","3.19624162962377","4.003272670986","3.8206499640299",
"Macao SAR, China","MAC","Employment in agriculture, female (% of female employment) (modeled ILO estimate)","SL.AGR.EMPL.FE.ZS","","","","","","","","","","","","","","","","","","","","","","","","","","","","","","","","0.438239529205534","0.431497849976111","0.430177289459951","0.42879225754419","0.428806615873502","0.426856705055394","0.425231141055896","0.424218618483811","0.422282702609297","0.419232958956576","0.416291403982788","0.41353855667314","0.41025641025641","0.405833861762841","0.406027626622018","0.405259015064725","0.403225806451613","0.398809523809524","0.392818122683036","0.387329742654459","0.384838972212533","0.382251237616712","0.380943968111125","0.380592991913747","0.382127691236574","0.380409688116526","0.377383990809712","0.376096524664817","0.378288070881351","0.377633195322808","0.363194935912558","0.361770193236965","0.351348859329428","0.341317903116771","0.33160896670646",
"St. Martin (French part)","MAF","Employment in agriculture, female (% of female employment) (modeled ILO estimate)","SL.AGR.EMPL.FE.ZS","","","","","","","","","","","","","","","","","","","","","","","","","","","","","","","","","","","","","","","","","","","","","","","","","","","","","","","","","","","","","","","","","","",
"Morocco","MAR","Employment in agriculture, female (% of female employment) (modeled ILO estimate)","SL.AGR.EMPL.FE.ZS","","","","","","","","","","","","","","","","","","","","","","","","","","","","","","","","76.4687252263018","77.0893761423666","73.873830059589","73.3106561632662","72.7835769936213","72.1330399356063","60.7850159927872","63.505547045444","67.4686177715092","65.2050502868905","62.6602526744911","61.8970082329311","61.6959230761875","65.1257508800806","66.0953939637956","65.8870594244372","64.6778848522681","63.9455542610327","63.0845178632814","62.2221537643126","61.3787193380934","60.2148784364609","58.0686836244147","55.6179868141362","53.6732096077925","51.3281757154095","49.1569972484122","46.8977109553829","44.5320853230863","45.1140883902402","44.908605252682","41.4784896294864","40.5571278035185","39.2959228643742","38.3444520092479",
"Monaco","MCO","Employment in agriculture, female (% of female employment) (modeled ILO estimate)","SL.AGR.EMPL.FE.ZS","","","","","","","","","","","","","","","","","","","","","","","","","","","","","","","","","","","","","","","","","","","","","","","","","","","","","","","","","","","","","","","","","","",
"Moldova","MDA","Employment in agriculture, female (% of female employment) (modeled ILO estimate)","SL.AGR.EMPL.FE.ZS","","","","","","","","","","","","","","","","","","","","","","","","","","","","","","","","37.1335735708197","35.0462321020518","38.354983247215","40.1769892701583","40.6415254605285","41.1707251863958","39.4344300135252","44.1313568127183","47.4804163182678","49.8708055052321","50.3880773171112","48.7393492423887","49.7253945930375","50.2841190351594","50.2820868350074","50.3637747036189","50.9686865155959","50.6870789582388","51.6088017744615","55.2036897779115","55.3801514312684","56.3831581426494","57.3895390736812","59.3446862281256","59.1955268432348","60.6112633156268","59.4077519577964","59.7485150616349","57.9869455842785","56.9823641092613","58.2776016204574","56.499121981549","52.1582158663563","51.7354093552318","51.3207436292431",
"Madagascar","MDG","Employment in agriculture, female (% of female employment) (modeled ILO estimate)","SL.AGR.EMPL.FE.ZS","","","","","","","","","","","","","","","","","","","","","","","","","","","","","","","","78.8568349826877","79.0199235626332","79.1085024819627","79.369672999004","79.4075121123151","79.493123268594","79.6175977087617","79.7498680079706","79.8620216778478","80.0306055727111","80.1944233871751","82.7918729604336","83.2593262053413","83.1704431186389","82.4799197726392","80.3822137731209","78.0469790176385","74.9186722101776","73.5938501973934","71.3504928653348","68.8650214215345","65.9427655512733","68.9836306187218","71.3039062272945","73.151317935634","72.2685231790302","71.3588268559505","70.3303892804486","69.25514567024","69.9173836170689","69.9767446829326","69.0464342299543","68.9064110578373","68.5793490692125","68.3037237922103",
"Maldives","MDV","Employment in agriculture, female (% of female employment) (modeled ILO estimate)","SL.AGR.EMPL.FE.ZS","","","","","","","","","","","","","","","","","","","","","","","","","","","","","","","","9.27244455356412","9.47165902027527","9.69729440128583","9.84540769930282","9.7829073921407","9.81067985413857","9.69928574678131","9.54277653306779","9.37807741837739","9.19170984455959","9.18500653200683","8.97065037215198","8.75469791238986","7.84500507021479","7.33053389322136","6.24687803014721","5.43821526872374","4.60684445461829","3.93445421182897","3.60533362183215","3.30663645025881","3.11694686464597","2.87449297789032","2.65913320329141","2.47696593100493","2.28519944303383","3.99412915851272","6.73299354911512","10.9321016838201","10.9937240551654","11.0082943068329","10.3593158876549","9.99315420160876","9.69054826774302","9.37330059489478",
"Middle East, North Africa, Afghanistan & Pakistan","MEA","Employment in agriculture, female (% of female employment) (modeled ILO estimate)","SL.AGR.EMPL.FE.ZS","","","","","","","","","","","","","","","","","","","","","","","","","","","","","","","","46.0706243810072","46.3661488626974","45.3416476286279","45.4335109966095","43.499166099928","43.2283400449165","41.7906415520947","42.1404320734243","41.716343613753","43.974934172016","41.9701901575727","40.7828116943499","41.8275576685545","43.5276341817086","43.0769436471382","43.1278600641824","44.326539870812","45.0600072341554","44.285042783485","44.2969587804666","44.3408825444433","42.60834806422","43.2190748108531","42.2194382941215","40.7264336865167","40.2388630146568","38.4006934465295","34.4354848829424","36.1976052366535","36.40593414236","36.4298098685838","34.8123746752585","34.230558035816","34.1505935075541","33.9878312920531",
"Mexico","MEX","Employment in agriculture, female (% of female employment) (modeled ILO estimate)","SL.AGR.EMPL.FE.ZS","","","","","","","","","","","","","","","","","","","","","","","","","","","","","","","","11.0642606905652","11.3627984304807","11.6339625837327","11.3067805158102","10.9860387674493","10.8662822548342","13.1080543467499","8.90462115611803","9.64070284665562","7.56117887718767","6.73715016160117","6.60353461621013","6.19184217043156","5.70574027307989","5.63269292434344","5.36900567130533","5.23979855293529","5.03247581100023","4.55631985375636","4.5939068644298","4.53579912485955","4.76897684426952","4.5645053555802","4.3689725852879","4.31164537260936","4.27904044714315","4.42130231104861","4.24231808440153","4.31621754666912","4.48621972501422","4.96032293173474","5.00151064292596","4.76681333600734","4.58680280099663","4.46580549250984",
"Marshall Islands","MHL","Employment in agriculture, female (% of female employment) (modeled ILO estimate)","SL.AGR.EMPL.FE.ZS","","","","","","","","","","","","","","","","","","","","","","","","","","","","","","","","","","","","","","","","","","","","","","","","","","","","","","","","","","","","","","","","","","",
"Middle income","MIC","Employment in agriculture, female (% of female employment) (modeled ILO estimate)","SL.AGR.EMPL.FE.ZS","","","","","","","","","","","","","","","","","","","","","","","","","","","","","","","","52.1916949562712","51.6536946481112","50.2642104255473","49.1160083124471","47.8711041959836","46.8952089341882","46.4495975489893","46.664319666764","46.9489615607666","47.1629807611934","46.7806999674485","46.6086784105747","45.9730902994134","44.427018079182","43.0655497007117","41.507453519248","40.3938274889932","39.5349619958418","38.4467667614583","37.518020453395","36.173818426902","34.9036152838597","33.4819001336051","32.2860623573186","31.4262136043001","30.7278556287247","29.9656653612344","29.0598948391453","28.7438422181849","29.7248168237377","29.8721933946602","30.6985904374062","30.5727809275982","30.2070503989097","29.8007429721568",
"North Macedonia","MKD","Employment in agriculture, female (% of female employment) (modeled ILO estimate)","SL.AGR.EMPL.FE.ZS","","","","","","","","","","","","","","","","","","","","","","","","","","","","","","","","26.2886103855647","25.9136045375028","26.2926782002044","26.343987908905","26.0327741168513","25.9756249694905","25.9172394101931","25.813207096903","25.6845925437149","25.4983918403678","25.1486470088581","24.7632033685366","22.4111753541952","17.6649323061617","20.5934328784484","20.0840884052432","16.6153675393922","19.2306072069491","18.0383929161435","18.6511186511187","18.4744773826865","17.5238430519106","20.2898939739632","18.5242863594599","17.4715753022433","15.5697095673068","15.491476434403","14.2275457103194","12.7144857456256","10.8599742316525","9.72558602197042","8.34224195825282","6.58521250021242","7.85188096126179","7.58414440752748",
"Mali","MLI","Employment in agriculture, female (% of female employment) (modeled ILO estimate)","SL.AGR.EMPL.FE.ZS","","","","","","","","","","","","","","","","","","","","","","","","","","","","","","","","47.1424022576157","47.3863881075673","47.3557671990695","47.1376218850535","47.2451879964629","47.023887189155","46.9740565377799","46.7644376767709","46.7295207335259","47.1378170066948","46.5907807713049","47.008269243249","46.9986068774181","47.9095509959861","49.6956633655822","51.3591540055918","56.5365266066747","61.4671664487516","65.9361828831398","65.705700043129","65.8644448730874","66.4295597606844","66.5551785757633","66.0612896234436","61.8992921763885","63.1879922081393","62.0471265666348","63.4336505159578","53.6683136375864","65.48644904577","64.718171605791","61.9082540651738","61.6492891987844","61.3607831129029","60.9389853777312",
"Malta","MLT","Employment in agriculture, female (% of female employment) (modeled ILO estimate)","SL.AGR.EMPL.FE.ZS","","","","","","","","","","","","","","","","","","","","","","","","","","","","","","","","0.829259069176954","0.806472797961489","0.781050589616622","0.75332866152768","0.722092594866757","0.697569221246101","0.671944035346097","0.645321419707123","0.617079889807163","0.574434369222643","0.629861251204806","0.627574871389843","0.647510246795151","0.614721196412597","0.603324613956628","0.578368999421631","0.524733324396269","0.506591131931583","0.410644478714629","0.252582045914572","0.20567940552017","0.373309862360957","0.47534586732884","0.487479131886477","0.37326880502497","0.232378001549187","0.210371543290166","0.332476005269431","0.467917117550399","0.316275359015272","0.379516978391139","0.273617511520737","0.327677004095963","0.270504396717989","0.258481421647819",
"Myanmar","MMR","Employment in agriculture, female (% of female employment) (modeled ILO estimate)","SL.AGR.EMPL.FE.ZS","","","","","","","","","","","","","","","","","","","","","","","","","","","","","","","","67.4451962156458","65.8168976614021","65.8170525218156","65.5132551925218","63.4461664027861","61.735063219715","59.8617376617072","59.3060874862619","58.4918949737796","57.1035013666899","56.2888146901989","55.2531074294004","53.8598222854048","52.8165752573396","51.819538283606","50.9108577522851","50.2643802062622","49.7518890824644","49.2816733636162","49.2320170441819","49.9151016297336","50.2040400862428","50.1958982765769","50.2369997509267","49.932514512204","48.2232762570747","46.3168170739248","43.3957867964476","43.5242281996853","39.4115805832875","40.2959471812487","39.128031351848","38.4377045928104","38.4438135214621","37.8429812739217",
"Middle East, North Africa, Afghanistan & Pakistan (excluding high income)","MNA","Employment in agriculture, female (% of female employment) (modeled ILO estimate)","SL.AGR.EMPL.FE.ZS","","","","","","","","","","","","","","","","","","","","","","","","","","","","","","","","50.9864586935916","51.3860502272086","50.4815314933987","50.687900526839","48.9588316828971","48.528424468468","46.8376935671402","47.2460012594266","46.7324871099466","49.3022865178509","47.0356508076681","45.7556419903514","46.7924771099893","48.5776615225546","48.0806507712314","48.1888356113623","49.5736564443125","50.7186155411293","49.794552016966","49.9083763251107","50.2488759017192","48.5872464010151","49.4459680362075","48.401449131008","46.9265760484232","46.536319799664","44.4600773343459","40.2876758905572","42.5750715032519","43.4925487794028","43.6820880371531","42.2162672745284","41.6211765382023","41.7569601386696","41.6478681209579",
"Montenegro","MNE","Employment in agriculture, female (% of female employment) (modeled ILO estimate)","SL.AGR.EMPL.FE.ZS","","","","","","","","","","","","","","","","","","","","","","","","","","","","","","","","8.33990363556724","8.26004933971847","8.18558816304709","8.11469616765949","8.0526474950679","7.98800005741599","7.92164152427254","7.85730541647701","7.70523995874716","7.62145464757091","7.52232798020881","7.38977121279431","7.28627527162224","8.12768910478834","8.83591047388822","8.57717332933698","8.17863655412216","6.71194435648537","5.47920535764534","4.44790995694477","4.21981019237863","4.95540031073109","2.58201215941396","4.60320178929446","8.16752904422532","7.41962891975736","6.96688105788563","7.28500181267698","6.64714269199646","6.15799272601316","5.48332891129389","4.00405701360715","3.67993400701176","3.55673326969288","3.41920841958251",
"Mongolia","MNG","Employment in agriculture, female (% of female employment) (modeled ILO estimate)","SL.AGR.EMPL.FE.ZS","","","","","","","","","","","","","","","","","","","","","","","","","","","","","","","","48.0271449947535","49.8724225293699","50.0479626794956","50.1683091447969","51.5473706292162","51.5731638805336","53.9459020047464","55.03848003848","54.7385001894204","54.023423475873","53.0740957708152","49.25566566532","51.6732986085308","50.2897388484234","48.9570538833793","47.4311861960289","47.4093562960556","44.3498971926634","42.0778067821321","39.3341486450488","39.8184329215881","37.4896858857705","35.3450233142879","33.217314029696","34.0670167825291","34.9778871632389","33.0215371466044","31.2080475031349","30.7220134804709","27.9995524005066","27.4273482606072","26.2244986370392","26.089992018559","24.956373778424","24.6956339733782",
"Northern Mariana Islands","MNP","Employment in agriculture, female (% of female employment) (modeled ILO estimate)","SL.AGR.EMPL.FE.ZS","","","","","","","","","","","","","","","","","","","","","","","","","","","","","","","","","","","","","","","","","","","","","","","","","","","","","","","","","","","","","","","","","","",
"Mozambique","MOZ","Employment in agriculture, female (% of female employment) (modeled ILO estimate)","SL.AGR.EMPL.FE.ZS","","","","","","","","","","","","","","","","","","","","","","","","","","","","","","","","92.0497193565431","92.2805036044897","92.0999427786547","92.0807745911603","92.1636625068412","91.9945468543978","91.7055861076384","91.4429530975636","91.075742045625","91.0253308569191","90.5724459265051","90.1251522679249","89.8515569464708","89.4380230115968","89.0275812877967","88.3835262799211","87.7786481266147","87.2659967011787","86.7956093140885","86.1767124655517","85.490503818943","84.6583708688357","83.9495423870395","83.1035480426584","82.0275460451014","81.6558214547566","81.53197536495","81.1084971179248","80.9100899010687","81.9485364794557","82.2596906801104","81.9741583786201","81.6769594377704","81.8486256264505","81.8313115768343",
"Mauritania","MRT","Employment in agriculture, female (% of female employment) (modeled ILO estimate)","SL.AGR.EMPL.FE.ZS","","","","","","","","","","","","","","","","","","","","","","","","","","","","","","","","45.5148805928074","45.5214499577172","45.2978112537499","45.769480630492","44.9062551305204","44.2361564142906","44.4942218917495","44.0886037384183","43.7494621249935","43.9055218499956","43.7560726843278","43.2199251180205","42.2048667865315","41.3894709597782","40.2316284253628","38.603621635623","38.37204484243","38.0308092472588","37.5138133612876","36.917518855064","36.266369484994","35.5097863327235","34.8718521112937","34.0490716828497","33.2656783906688","33.0748918276993","32.2624573785069","31.5870740809982","30.7920094649952","32.2132262408292","32.847483095417","31.8910925593939","30.8056215955942","30.1449300587727","29.4611313627561",
"Mauritius","MUS","Employment in agriculture, female (% of female employment) (modeled ILO estimate)","SL.AGR.EMPL.FE.ZS","","","","","","","","","","","","","","","","","","","","","","","","","","","","","","","","23.5259690443613","22.7523148148148","22.1078353734416","21.4408801696713","20.8336033292294","20.1937155085032","18.8206039565768","17.8504136417356","16.238838914707","15.4896705020921","15.0093937746458","12.4144271016704","11.9141900351651","7.69996906897618","7.47284850781389","6.71046540611758","6.53079114617576","6.38994809427021","6.80857323424935","6.31695739324761","5.2558401116469","5.31212914842247","4.67213749322598","4.75345731998093","4.71606603416261","5.01053321473714","4.044032872467","3.34264133669032","3.09727360896584","3.18342719617253","3.00381974054021","3.25713081219879","3.47180734246022","3.3303886925795","3.17782455786515",
"Malawi","MWI","Employment in agriculture, female (% of female employment) (modeled ILO estimate)","SL.AGR.EMPL.FE.ZS","","","","","","","","","","","","","","","","","","","","","","","","","","","","","","","","77.1881528866391","78.170338343932","77.5527131301982","77.8070259769062","76.4922145739829","75.9740723737397","75.6701409723882","75.5825085911116","75.5238411532808","75.6425967459749","76.419623078174","76.4073170791331","75.9757205076837","75.5664896961149","75.3815762221543","75.1114230982545","74.188277826717","73.6261622431429","72.9446746705879","72.3050622262171","71.9333367021214","71.9601655465218","71.5759496633395","71.0032231289904","70.8958459135356","70.7941317758415","70.54925478866","70.1917468637554","69.7007672856678","70.479103989574","71.1416384359179","71.3802182365396","71.3681439484367","71.3954519489704","71.2130396428257",
"Malaysia","MYS","Employment in agriculture, female (% of female employment) (modeled ILO estimate)","SL.AGR.EMPL.FE.ZS","","","","","","","","","","","","","","","","","","","","","","","","","","","","","","","","17.8157078304814","17.2394959622362","16.3522458773235","15.3720709245849","14.4208565948922","14.5654993777382","12.0684816493889","12.8231497597446","11.4753114202027","11.9686371026788","11.9213070323038","11.5028454536627","10.8680885332604","10.3716129466909","10.0663141230262","9.92952935315613","9.88599313113135","9.17335290412198","8.70585491982565","8.51138817304916","7.25754980163963","8.57214958249312","8.08823455576957","7.97705040128995","7.82910221892255","6.75653354416912","6.60883525835307","5.99762733949179","5.34650541549356","5.95208697656225","5.3156240937413","5.19491921238661","5.06522123545441","4.87052992658374","4.69720831895064",
"North America","NAC","Employment in agriculture, female (% of female employment) (modeled ILO estimate)","SL.AGR.EMPL.FE.ZS","","","","","","","","","","","","","","","","","","","","","","","","","","","","","","","","1.37922786273306","1.34737176103086","1.27777890769643","1.58846865729424","1.5901731315079","1.54707263076264","1.47696411817897","1.42197861827869","1.42302814263957","1.30441995302341","1.20287357841498","1.13408400591065","1.06468650858184","1.00142745109564","0.999540557518322","0.98296111775377","0.895810389569509","0.902363850510055","0.891113338844672","0.971225759639599","0.994698362870229","0.998513963357416","0.90712033309076","0.916995422639543","0.986356638859594","1.00572416709471","0.971203942964426","0.984463723003727","0.978281138114711","1.03189906539392","0.985905519700383","0.974402036003282","0.97174342780929","0.965401651750132","0.932420516929244",
"Namibia","NAM","Employment in agriculture, female (% of female employment) (modeled ILO estimate)","SL.AGR.EMPL.FE.ZS","","","","","","","","","","","","","","","","","","","","","","","","","","","","","","","","50.0425894378194","49.0456848105794","48.3587842343819","47.3897454682696","44.0133846299462","40.474892954457","37.1469327939464","33.7181883842461","30.3172779585701","26.988634991475","26.3346038209323","25.3596354456695","24.4104897049372","23.4004947175358","24.2125806935896","24.7171654309183","25.4371428685517","26.1926213412803","27.3036777373749","28.0357226690164","27.2639534567599","26.5962739257719","30.8298665591847","30.2897298410864","23.6323953089078","17.8982118458145","19.4588341799527","21.0393751914563","21.3754527884086","22.2227541852189","22.5471113410405","22.2293780495396","21.9560772049299","21.6663183841489","21.3322356473522",
"New Caledonia","NCL","Employment in agriculture, female (% of female employment) (modeled ILO estimate)","SL.AGR.EMPL.FE.ZS","","","","","","","","","","","","","","","","","","","","","","","","","","","","","","","","4.92351476342938","4.78701262661302","4.6725508691551","4.56044135409526","4.45370776656428","4.34915119929292","4.10012692977536","3.86233713473202","3.63959290688168","3.42221978864371","3.21338467666977","3.01694128568113","2.82523980815348","2.64236018520763","2.45992325981027","2.28904642122113","2.1295079411044","1.96673360691522","1.82241096007341","1.69660058417749","1.57516747470277","1.46051314265523","1.35739656330997","1.2625786756115","1.17030469248976","1.08558397255885","1.00597534225853","1.12019547035053","1.09265734265734","1.27893861476993","1.22620687053142","1.18706508391322","1.15574610867742","1.12828928964398","1.10360823778081",
"Niger","NER","Employment in agriculture, female (% of female employment) (modeled ILO estimate)","SL.AGR.EMPL.FE.ZS","","","","","","","","","","","","","","","","","","","","","","","","","","","","","","","","72.4443090707761","72.6108496316711","72.931963969086","73.0537993095691","73.1684155734597","73.5063163716634","73.7159525675667","73.3754813801418","73.7573102690518","74.0908994160239","73.9158591565049","73.8764651290688","74.0285115311477","74.3119670351534","74.0513270454047","73.881643338428","73.9597696873174","73.685631093684","73.8855113904071","73.358238092235","73.5402063844677","72.7488692918886","73.3609221792925","73.9739533123377","74.5896264231426","75.1110530359324","75.7237928104908","76.0673303312564","76.5379603006478","78.1108938107296","78.9221714449524","78.7303555962902","79.0910288376926","78.5689216834356","78.2601338854529",
"Nigeria","NGA","Employment in agriculture, female (% of female employment) (modeled ILO estimate)","SL.AGR.EMPL.FE.ZS","","","","","","","","","","","","","","","","","","","","","","","","","","","","","","","","46.6106006820894","46.2486620319531","46.3495226090273","46.4302674211752","46.5252693474236","46.2745301844348","46.0211590630156","45.5713851745881","45.3288391274923","44.768061907069","44.3412549443481","44.0292047513917","43.3971617747271","42.4099024690342","41.7343964994997","41.0133734199912","40.304569317514","39.5675281948853","38.6523640552865","37.5882707420539","36.5939914569206","34.7782903175651","32.7417483231755","31.7464479589018","31.1403789085811","30.9791188946636","30.7392972263193","30.3885859227351","29.9443831351167","29.3862371362241","27.6861396885078","24.879623622462","24.7096528085716","24.1217557598192","23.5767771715327",
"Nicaragua","NIC","Employment in agriculture, female (% of female employment) (modeled ILO estimate)","SL.AGR.EMPL.FE.ZS","","","","","","","","","","","","","","","","","","","","","","","","","","","","","","","","9.07706240737692","9.40116299202741","9.30699021980813","9.84315576298316","10.1165202289739","10.3642421361769","10.8960617924779","11.1254521714934","11.7840063870174","12.5730250967686","12.5473208748693","13.0543050583106","13.6234772190788","14.15646758779","11.4507180453177","11.6635265655425","12.0121198117386","9.01026738255756","9.1795507334075","9.22969852826013","9.30799890460365","9.38353631017621","9.38037623036354","9.27715949581679","9.23295714457074","9.15740705422558","9.09591957511094","9.0325103021586","8.96049489130496","9.61145732402427","9.92412147803831","9.93394998393331","9.84075231349394","9.74096620346599","9.65583707019458",
"Netherlands","NLD","Employment in agriculture, female (% of female employment) (modeled ILO estimate)","SL.AGR.EMPL.FE.ZS","","","","","","","","","","","","","","","","","","","","","","","","","","","","","","","","2.87594124867383","2.80479360755273","2.73144596556463","2.58298147195675","2.30562165373294","2.32145197897382","2.4238011296183","2.44982319348803","2.29235909366109","2.40815778357029","2.45888876327122","2.05961622941486","2.03099352107058","2.15377808583325","2.38267914548526","2.16984565424311","2.03707970290413","1.74705863087864","1.83505841503074","1.62493570887032","1.60878492067814","1.50268595744848","1.25916757924102","1.40603781364427","1.42991817501453","1.3048994140035","1.48875935151825","1.22724979359692","1.36364329056485","1.249532397428","1.43375087174451","1.37683527328061","1.15860923634632","1.15597968238475","1.11869130219408",
"Norway","NOR","Employment in agriculture, female (% of female employment) (modeled ILO estimate)","SL.AGR.EMPL.FE.ZS","","","","","","","","","","","","","","","","","","","","","","","","","","","","","","","","3.47864436222609","3.3148687723652","3.29789750314192","3.14391386711806","3.24232353606126","3.07664272061541","2.72850452706819","2.55491542671877","2.45717577954836","2.31844005715387","2.15781962451449","1.96150975767452","2.12563085360973","1.74710094596072","1.59889547053846","1.46359551171962","1.5753376578868","1.33354186471038","1.19752042828966","0.977386607376194","1.14524159787253","0.842221477436272","1.04445634708088","0.977633393320401","0.900064290306451","0.888981793807133","1.0059522485292","1.12666854064896","1.06152659567271","0.968843324624291","1.01983407133656","0.88101695783783","1.09254703328509","1.1486018937805","1.11064834096904",
"Nepal","NPL","Employment in agriculture, female (% of female employment) (modeled ILO estimate)","SL.AGR.EMPL.FE.ZS","","","","","","","","","","","","","","","","","","","","","","","","","","","","","","","","58.6879897296825","58.1220979403288","57.4466609278402","56.1933466633602","55.498536582059","54.5651484160969","55.1590004646183","55.8188387992191","56.035064213339","55.379324637166","54.7697138471283","54.8490094089584","54.1315691141538","53.2050984697375","52.3810174358312","51.4801112574885","50.5341233631843","49.5867818883238","48.2967929164548","46.931335198147","45.8342132667254","44.5769153362633","43.4730409098908","41.925549756301","40.7884718638845","40.287370225401","39.1791450048552","37.6724786041469","36.6648095677527","38.5198820684","39.19693263314","38.2341133480038","37.5568242334095","36.7754519122949","35.8609231159835",
"Nauru","NRU","Employment in agriculture, female (% of female employment) (modeled ILO estimate)","SL.AGR.EMPL.FE.ZS","","","","","","","","","","","","","","","","","","","","","","","","","","","","","","","","","","","","","","","","","","","","","","","","","","","","","","","","","","","","","","","","","","",
"New Zealand","NZL","Employment in agriculture, female (% of female employment) (modeled ILO estimate)","SL.AGR.EMPL.FE.ZS","","","","","","","","","","","","","","","","","","","","","","","","","","","","","","","","7.66248783869333","7.6113928548596","7.47948725435804","7.30226685508349","6.55448966183988","6.38586294995093","5.58334225566823","5.69763681687049","6.69706192931238","5.83538128509685","6.04088144569555","5.6910625020776","5.44785598138595","5.16818766032277","4.99806762384044","5.20119291373631","4.93864269392735","4.85183177816515","4.37712988995179","4.40041775744499","4.63827709834402","4.49028974602177","4.24681933842239","3.94386745570763","3.95504315054747","4.4054416496014","4.30810097769995","3.80281296535094","3.70313308943484","4.08706010185061","4.30461378827731","4.42243645149015","4.15477569866555","3.91136795886262","3.80898882157306",
"OECD members","OED","Employment in agriculture, female (% of female employment) (modeled ILO estimate)","SL.AGR.EMPL.FE.ZS","","","","","","","","","","","","","","","","","","","","","","","","","","","","","","","","7.72632991623509","7.33863096112932","6.74566233306539","6.96904391237135","6.79411733218318","6.62954524826622","6.40757028150337","6.10360166802848","5.96758026687325","5.39664371655487","5.29472795950711","5.04759569334762","4.8187430116317","4.29782043862455","4.11475940078689","3.92850663396897","3.78357936452773","3.67097556732954","3.58117223085507","3.60462843053529","3.59974554118578","3.54653726375956","3.41254119408237","3.30424280273591","3.25994499848808","3.1608570483637","3.14877266304696","3.05927168833251","2.95913786813991","2.94671502961454","2.96965746304319","2.90045169979766","2.7801554513199","2.70035966448339","2.64551765442278",
"Oman","OMN","Employment in agriculture, female (% of female employment) (modeled ILO estimate)","SL.AGR.EMPL.FE.ZS","","","","","","","","","","","","","","","","","","","","","","","","","","","","","","","","5.48272606684911","5.27712094123075","5.05680060115811","5.09041485713072","5.09869768203784","5.08386310711092","5.17369926103493","5.24622952592032","5.35904758627809","5.39457562009471","4.6279967589724","3.99951456678878","3.46286419215558","2.98618705637325","2.5794258182157","2.22697502030869","1.93723973644811","1.72222414929411","0.918541884177088","0.479096865063275","0.407433418505845","0.345993981525742","0.303667763715943","0.270974507582883","0.240806435684931","0.212822174043657","0.194337045669206","0.187711377574963","0.353629916513844","0.688489598588681","0.618446818531096","1.68988132038647","1.62864759708913","1.57880007869063","1.54761904761905",
"Other small states","OSS","Employment in agriculture, female (% of female employment) (modeled ILO estimate)","SL.AGR.EMPL.FE.ZS","","","","","","","","","","","","","","","","","","","","","","","","","","","","","","","","23.7312313301784","23.196651765153","22.4864363822029","22.023443402472","21.2270754368879","20.9969825827948","20.7006207255745","20.6353970510041","19.8797535436376","18.4215716861664","18.1333794904627","18.4298754564546","18.3963098576564","17.7708521547539","17.7414794091986","17.3935274431806","16.8870418179356","16.4286961037968","16.4352397572105","16.083317279727","15.7498951657524","15.7283933326751","14.9367032717077","14.6547038699953","14.9218561609149","14.5830274362516","14.2403738064282","13.9717587808921","13.9370386789315","14.2802147586154","14.3547046189364","13.8252385065021","13.7258401895499","13.5794970061564","13.5242967325217",
"Pakistan","PAK","Employment in agriculture, female (% of female employment) (modeled ILO estimate)","SL.AGR.EMPL.FE.ZS","","","","","","","","","","","","","","","","","","","","","","","","","","","","","","","","57.5996880734823","59.966300482938","61.7905839968646","65.1568398356946","60.1595066156416","60.0627075272683","58.5387475333763","62.196568896195","62.1550823593886","65.6521719393869","65.6309587856215","65.5596988097495","65.4390893797255","68.3446932337472","68.2120656617411","69.8981271278565","73.4335784468581","75.9647975474769","73.5452357355231","74.6473414782601","75.1003712779303","75.1435021369488","75.0085917998609","73.0554616217706","71.919525492261","72.9971605135292","69.782968567231","66.2865134788789","69.3336605316545","68.9370254463205","67.7647351333188","68.0157198587839","68.2040760632893","68.2086617377239","68.0200186878762",
"Panama","PAN","Employment in agriculture, female (% of female employment) (modeled ILO estimate)","SL.AGR.EMPL.FE.ZS","","","","","","","","","","","","","","","","","","","","","","","","","","","","","","","","3.45344801350656","3.11483955935412","3.1031190843127","2.53091754699032","3.46170898235451","2.70315801496202","2.32655167491958","1.94438481902834","1.9826635224276","1.81288975341839","3.19784189108866","3.15317980509847","3.90542859016588","3.10393818289604","4.449423815621","4.62278802710843","3.41200586752924","7.40209093329304","8.07301735520912","7.75251558214045","6.93161115402414","8.48590024465037","9.20801055763188","8.37395292141429","8.09315487833782","9.12768156250217","8.95122884336652","8.25419001587147","8.57482334738658","8.63979965681955","8.52680020892446","7.94577389466631","8.44092709979258","9.79755286319809","9.618320789035",
"Peru","PER","Employment in agriculture, female (% of female employment) (modeled ILO estimate)","SL.AGR.EMPL.FE.ZS","","","","","","","","","","","","","","","","","","","","","","","","","","","","","","","","27.7746088217001","28.2721961317696","28.0552681038179","27.214925209844","27.0248404090314","27.1463813093578","26.9144621765309","27.2925121021258","27.6120436947228","27.4580075810219","27.8775809777554","27.4428418222528","27.2258008956881","26.8169328797472","26.2457042113331","25.3756179245516","24.295267478832","23.6169389310526","23.2807800510524","22.9218115486486","22.6052061505885","21.993123215174","22.0951546731804","22.280988556592","22.7727237582953","22.9367056402155","21.5821246297512","21.3676187499592","21.4774428012996","29.8698865564836","25.5222703699318","25.2788183398744","22.3121060538889","21.7998450148541","21.6776306157705",
"Philippines","PHL","Employment in agriculture, female (% of female employment) (modeled ILO estimate)","SL.AGR.EMPL.FE.ZS","","","","","","","","","","","","","","","","","","","","","","","","","","","","","","","","30.4784188407023","31.9327363739149","32.7945289827532","30.7650179428515","31.1403030066786","30.242080340888","28.2094789996849","26.0488749745065","26.8029433523735","23.6703233766558","23.5392764973286","23.3970339752868","23.0129501204656","22.4827070663546","22.2220012557881","21.8730948417668","21.4142034740917","21.2155497242974","21.37754780098","20.8204966553823","20.7098229392843","20.3856587522956","19.5487807852115","19.6074121914895","18.3709342960677","17.4536608992396","15.4542208743718","14.4820910978846","13.8053943166589","15.1527334075605","15.4484408461727","14.9761766056099","14.3979165521749","13.7901060191558","13.3015608838713",
"Palau","PLW","Employment in agriculture, female (% of female employment) (modeled ILO estimate)","SL.AGR.EMPL.FE.ZS","","","","","","","","","","","","","","","","","","","","","","","","","","","","","","","","","","","","","","","","","","","","","","","","","","","","","","","","","","","","","","","","","","",
"Papua New Guinea","PNG","Employment in agriculture, female (% of female employment) (modeled ILO estimate)","SL.AGR.EMPL.FE.ZS","","","","","","","","","","","","","","","","","","","","","","","","","","","","","","","","20.8853835194226","20.4251235349369","20.00476995716","20.0801318197706","20.4049103772266","20.0758091534645","20.4504687088802","20.6811734867786","20.8246736591081","21.2328585448662","21.3040034479821","21.5056479491788","21.4841623650868","21.3396447513101","21.0765098564159","20.7762617174709","20.3186982986721","20.4709835579711","20.1709076917961","20.0263914042588","21.5469946129855","22.938367907323","24.4415780687689","25.3069542775628","26.6969833978091","28.2140822468599","29.9382874015038","31.8602668432084","33.4663647488513","36.5278131710314","38.9969052489108","40.7694726328899","40.1736587996394","39.5362845345791","38.9179266646842",
"Poland","POL","Employment in agriculture, female (% of female employment) (modeled ILO estimate)","SL.AGR.EMPL.FE.ZS","","","","","","","","","","","","","","","","","","","","","","","","","","","","","","","","26.6786497858862","26.2211793535417","25.6576429347062","25.0468231053217","23.5528563435504","23.0440578822367","21.4409542610125","20.7264283445263","20.0402740798218","19.3229072209175","19.1232046962121","18.8283948314974","18.4657333837971","18.1559946295402","17.5792308988028","15.9003468133571","15.02146961474","14.6858061607377","13.9605320575581","13.4797424456943","13.011707409609","12.4637052411709","11.6625216639889","10.9160976935313","10.3715453705212","9.40954487610511","8.88455412776195","8.43168192093131","8.09464215264914","8.3062651504986","7.83971994488318","7.777967237333","7.07939562319672","5.07121139363708","4.82474507003508",
"Pre-demographic dividend","PRE","Employment in agriculture, female (% of female employment) (modeled ILO estimate)","SL.AGR.EMPL.FE.ZS","","","","","","","","","","","","","","","","","","","","","","","","","","","","","","","","62.3959502771814","62.6284177932989","62.8219693512721","63.0157116781402","63.0438610936737","62.7421109144816","62.5853205850625","62.3295156622988","62.2311129273291","62.0114343050321","61.8205143414279","61.6085818098369","61.2577208978623","60.7926593489347","60.4232264077209","59.8646670554838","59.368406088348","58.8434811349361","58.262853368545","57.4059170893289","57.0107719347659","55.8110610934521","55.4689307868876","54.9958880192371","54.5425749158496","54.2594264561606","53.821015514165","53.188508975278","52.3022350834052","53.6814169727488","53.8495853855835","52.2905123640401","51.5577009398967","51.0028514937028","50.5644023357285",
"Puerto Rico (US)","PRI","Employment in agriculture, female (% of female employment) (modeled ILO estimate)","SL.AGR.EMPL.FE.ZS","","","","","","","","","","","","","","","","","","","","","","","","","","","","","","","","0.176193942258882","0.176394709712847","0.330365870019357","0.169005035232661","0.152031527021193","0.147234830521871","0.285881273900966","0.135573660966065","0.147098980871153","0.133452137461777","0.135243974073528","0.127429563658769","0.122912255939779","0.123495742493956","0.24496265974592","0.237415477084899","0.219899897165018","0.3751140090431","0.37046706199729","0.364158588500795","0.354904908749712","0.344175675020602","0.336250166570426","0.328965948861159","0.321276562607769","0.342212621931174","0.364362587373793","0.387510295638154","0.41018191140498","0.468614989372594","0.425320130233222","0.405650951148283","0.394085121628051","0.383557759395859","0.374352047214501",
"Korea, Dem. People's Rep.","PRK","Employment in agriculture, female (% of female employment) (modeled ILO estimate)","SL.AGR.EMPL.FE.ZS","","","","","","","","","","","","","","","","","","","","","","","","","","","","","","","","52.0803864129254","53.2252122660859","54.0417908137844","54.5635959528367","55.3179861228339","55.9604770371477","57.0097299462674","57.2869496846044","56.6456729407524","56.6981704496701","56.3134240132243","56.1826320778353","55.9571830947526","55.7205955428389","55.2557729531119","55.3782441346178","55.5144357444026","55.1077674206787","55.2868683511701","55.3412056159341","55.2347887106339","55.0598599693517","54.9155368077065","54.7792801711749","54.9390835790087","54.4493539136801","54.9210176103268","55.484597542603","55.4268194582894","57.2631324468917","58.4989451939028","58.444380208023","58.0263005286187","57.9454299045763","57.7897288983225",
"Portugal","PRT","Employment in agriculture, female (% of female employment) (modeled ILO estimate)","SL.AGR.EMPL.FE.ZS","","","","","","","","","","","","","","","","","","","","","","","","","","","","","","","","7.20221912948725","7.01890797032683","6.90224245593528","6.91191731661016","6.69638848298326","7.20378552976799","8.25005552936042","8.4677164620889","7.76693594440193","7.6775774793891","7.93300694669577","7.44358220177333","7.52512914569895","6.83491713011209","6.95119648135441","6.62119526841409","6.51748999883383","6.33023348786561","6.11314499446249","5.66627248397336","4.44075246429299","4.54311583216595","3.98687501665874","3.1040543960478","2.65601078887316","2.34605502365508","2.06048879925026","1.89982294158582","1.77158485562464","1.72845745640952","1.65831495559772","1.86922482122705","1.93549572578027","1.7531062992158","1.69827056215591",
"Paraguay","PRY","Employment in agriculture, female (% of female employment) (modeled ILO estimate)","SL.AGR.EMPL.FE.ZS","","","","","","","","","","","","","","","","","","","","","","","","","","","","","","","","13.070427687399","13.5134603919205","13.4950810018498","13.4928723948845","13.2816225935548","13.6423495427264","13.808410812425","14.3299545296615","14.9039935534459","18.387717244731","18.9679612172456","19.5301946601654","19.6149051115113","24.152562397467","22.3565160606587","20.770532896871","22.6532822474307","17.9187243994229","20.699788683368","18.2050296963907","19.5635122361931","22.3814287138288","16.0812611326303","16.1724709287911","14.0578877808911","14.8033959820331","15.1832860892388","14.6882750637687","12.957091988084","15.7231703333781","14.7103350396869","11.4515168175393","11.1785894097417","10.8449147293558","10.7458296651155",
"West Bank and Gaza","PSE","Employment in agriculture, female (% of female employment) (modeled ILO estimate)","SL.AGR.EMPL.FE.ZS","","","","","","","","","","","","","","","","","","","","","","","","","","","","","","","","33.7117889196302","33.0534835740359","32.4629125037844","31.9053052734967","31.2294902647123","30.941686263112","29.9903461928562","29.2010583207074","28.3325859970534","27.6612680690285","26.797140604196","30.4404827701443","34.0968882311835","33.8922949779939","32.7368411017151","34.807748385753","36.388813586642","26.7494573096365","20.61270232866","21.4067490091962","22.7096939948346","23.679425583309","20.8835099146914","20.8265584312383","13.0263690191608","8.96759265277471","7.65624048551769","6.85906022811512","6.781304583509","6.91331596729683","7.77232351566152","6.26343472514874","","","",
"Pacific island small states","PSS","Employment in agriculture, female (% of female employment) (modeled ILO estimate)","SL.AGR.EMPL.FE.ZS","","","","","","","","","","","","","","","","","","","","","","","","","","","","","","","","37.4507376381717","36.8383145879719","36.5054090761874","35.9002443318379","35.3380709690641","35.0170161948027","35.2741498599471","32.6640033927456","32.4267814888087","33.4928901677055","33.9245436273438","34.6465468878678","34.8054324806255","34.5813051002935","34.2178704233924","34.663468037725","35.3038125029781","35.7361072324248","36.5162151798618","37.3912341448537","37.8529938196258","39.0099729601212","39.8073606197283","40.513048718009","40.0358985990586","39.3414084208245","38.653223354698","38.1171902358218","37.6064548221995","39.8302292872872","40.8469931877031","40.2416064482869","39.795690594917","39.4115845792916","39.084306708069",
"Post-demographic dividend","PST","Employment in agriculture, female (% of female employment) (modeled ILO estimate)","SL.AGR.EMPL.FE.ZS","","","","","","","","","","","","","","","","","","","","","","","","","","","","","","","","5.79747812392548","5.64456100271756","5.29284489407528","5.18722844850609","5.09833179894841","4.84362590465464","4.69682727781772","4.59076066100016","4.41784081788272","4.25880826685101","4.0495925246608","3.87158743057148","3.71231431665559","3.53205059124165","3.413350239158","3.28495551186742","3.12929105591643","2.99905022031089","2.92968811524526","2.87970429410088","2.81312194717949","2.70889135158738","2.58449201482913","2.5182737499411","2.47663077375437","2.40917771164042","2.35766775853277","2.31165167911132","2.23638254278283","2.22033431025905","2.19400163504334","1.79557885496531","1.74095677446847","1.69258538882726","1.6408052547867",
"French Polynesia","PYF","Employment in agriculture, female (% of female employment) (modeled ILO estimate)","SL.AGR.EMPL.FE.ZS","","","","","","","","","","","","","","","","","","","","","","","","","","","","","","","","1.26200580746035","1.24123831775701","1.21641443955494","1.19223464866005","1.16951018161805","1.33288455065634","1.53730169135964","1.76596219438335","1.82218228020701","2.06232124040343","2.00657122741141","1.80574633699634","1.62320457397852","1.59986939841646","1.63895234553472","1.68625314551068","1.61961819658814","1.55831265508685","1.18510570850301","1.23471589546871","1.25895888344021","1.23177185643965","1.19936947433349","1.16402355117417","1.12809558774448","1.09017526157626","1.05299499395823","1.01186247281965","0.973670069854917","0.982166504811512","0.931277398530021","0.888629435039242","0.85322761354822","0.81715158161839","0.781751981152281",
"Qatar","QAT","Employment in agriculture, female (% of female employment) (modeled ILO estimate)","SL.AGR.EMPL.FE.ZS","","","","","","","","","","","","","","","","","","","","","","","","","","","","","","","","0.00946633534492959","0.0114335368502893","0.0108248538644728","0.0103209825575395","0.00987420265813536","0.00949343054606212","0.00946055892982157","0.0108232917237896","0.0135247079508377","0.0192129110762432","0.0240942083546667","0.0386376645678306","0.0594980527909996","0.0923287960324997","0.0586794570874579","0.0351792321222782","0.0219554304761334","0.0103659168653467","0.0106896341090954","0.018645907556254","0.0309909351514682","0.0338304222800613","0.0104874674763657","0.0104629157871752","0.00994645491769309","0.0099129566155641","0.0102472774044","0.0105905558718013","0.0108588412685609","0.0109572165116369","0.0105720326875821","0.013690839775049","0.0133600534402138","0.0124748009021776","0.0120914890426926",
"Romania","ROU","Employment in agriculture, female (% of female employment) (modeled ILO estimate)","SL.AGR.EMPL.FE.ZS","","","","","","","","","","","","","","","","","","","","","","","","","","","","","","","","29.6894596076968","29.9319583784069","29.9188808227802","29.9032895742623","31.7625873946066","28.2112088613679","27.9414555926876","28.6872702120684","30.4134943450014","30.7803378815709","30.2731367264448","23.6418906067995","23.2891294624667","18.0383633595391","18.0587644700287","16.8730284641089","16.5843682072661","16.1771730058631","16.3337075574203","17.5589300082727","16.6684738713959","16.6025226836884","16.1461162333014","15.4026480065019","12.9134763948498","11.024611809747","10.833662590583","10.7899954161593","10.0540918397159","9.41437739234866","9.17170043377605","8.70333404638229","9.33234424906781","8.69124857811191","8.40620625035792",
"Russian Federation","RUS","Employment in agriculture, female (% of female employment) (modeled ILO estimate)","SL.AGR.EMPL.FE.ZS","","","","","","","","","","","","","","","","","","","","","","","","","","","","","","","","9.77152670507865","10.8573381014529","10.8463737716354","11.2934139256627","10.781373234215","10.2078408303186","7.35107229640493","6.94621079702373","11.6170906988136","11.0244114225777","8.74621697133065","8.39095286770936","7.66029044173407","7.23567858743855","7.42789844460185","7.18266719689047","6.40983696317884","6.19138128001147","5.86656585405446","5.63956858425231","5.74598428262045","5.47712489870265","5.47685933569845","5.20050243183097","5.1741099585128","5.05405791726035","4.07369710080383","4.03574045286032","4.05528178248784","4.20841712293853","3.96553393516241","3.85480141967841","3.52922047999643","3.3672930018784","3.26787953821912",
"Rwanda","RWA","Employment in agriculture, female (% of female employment) (modeled ILO estimate)","SL.AGR.EMPL.FE.ZS","","","","","","","","","","","","","","","","","","","","","","","","","","","","","","","","87.142236843919","87.0370390991157","87.8670739806083","88.0361406807972","87.848013900212","88.40183351951","88.4939572098328","88.1549955108426","87.9647327441614","87.2074009505691","86.4011781309443","85.1275165292953","84.6766409266409","83.5139724716725","82.0041317064194","80.2885082069302","78.5195554085057","76.1972607548743","74.6539421285025","72.7527707449573","70.5462593605756","68.2598533443921","67.5965362035829","66.8686054227095","65.4388726150318","64.6974416149865","63.7909612739756","61.4581750846973","57.2478473783076","60.3428909338534","65.9008520901618","65.0950532898241","61.7897355270505","44.7995722030976","43.0558937794787",
"South Asia","SAS","Employment in agriculture, female (% of female employment) (modeled ILO estimate)","SL.AGR.EMPL.FE.ZS","","","","","","","","","","","","","","","","","","","","","","","","","","","","","","","","76.203639149801","76.1787969410836","75.8708479340615","75.6877506900739","75.2732876401557","74.657159133529","74.4784255585505","74.0852150975685","73.5025738831357","73.4612935106762","72.3132072426529","71.1897402489517","69.7060374421395","68.5179029329958","67.2643004487351","66.7230477118117","65.7911319657813","65.1714543425251","64.1961565512113","63.1966470547051","60.7262274266982","58.1949449919367","57.0229140727635","56.2337057579501","55.533099147586","54.5418286066609","52.8901291381048","51.9655090980435","53.2516156034159","58.5292323394798","59.9815788188792","60.0537275077819","62.5608200168548","61.480842980153","60.8616942189165",
"Saudi Arabia","SAU","Employment in agriculture, female (% of female employment) (modeled ILO estimate)","SL.AGR.EMPL.FE.ZS","","","","","","","","","","","","","","","","","","","","","","","","","","","","","","","","0.385687978173738","0.376006138097666","0.390217474041471","0.406736842105263","0.424950495049505","0.444762043002349","0.46518872696152","0.484301359895831","0.507309444798682","0.515079255493274","0.525971268570342","0.535917640494952","0.554829482405741","0.572845897872189","0.591892544763327","0.608331705209712","0.613749418459006","0.623896395950726","0.622523452113399","0.640019686271632","0.658025684099902","0.668507236959711","0.674390278865744","0.684657321291694","0.700253475034513","0.724827428257676","0.731891466507032","0.612098053472318","0.799505160478835","1.05638635817103","0.492063762534825","0.443496540275262","0.509571604210539","0.457666475511364","0.445425946657976",
"Sudan","SDN","Employment in agriculture, female (% of female employment) (modeled ILO estimate)","SL.AGR.EMPL.FE.ZS","","","","","","","","","","","","","","","","","","","","","","","","","","","","","","","","75.6121013112596","74.7627939987318","73.5589142745557","72.1270537079166","71.3403257194684","70.8305535175675","70.4762319501405","69.6706981245121","68.7586208607464","68.0210026789131","67.4373348084576","67.0091813905987","66.1531952391651","65.2087875771291","64.2853823572748","63.1154807758788","63.4692137112465","61.8020069141262","59.9290526447312","58.8086147282237","57.2348577685715","55.8629990186694","54.6282324782767","53.4915542989706","52.2191211812724","50.3801027423192","49.0004365686597","47.6157017539934","46.4889611466333","49.4557599386049","51.3794365166484","50.1998587582052","","","",
"Senegal","SEN","Employment in agriculture, female (% of female employment) (modeled ILO estimate)","SL.AGR.EMPL.FE.ZS","","","","","","","","","","","","","","","","","","","","","","","","","","","","","","","","48.0875184320381","48.1936122604311","48.2759143358715","48.5264888996428","48.2047870635977","48.2323613838948","48.0680535455428","47.5196787446386","46.9041208895903","46.5088384866296","46.0651438177968","45.6307954539655","44.5113422486379","43.3078877953041","42.2539335988428","41.1808069421309","40.4315092285752","39.6386434851958","38.8410780645484","37.6007364179519","36.3690035117111","34.7076920640326","33.1358328459978","30.605742935278","28.4152973028721","32.5571152368608","27.3735942585136","22.4021652857364","17.8115565852554","21.1060727146386","24.1985471639918","26.7651554997801","26.3495499104183","25.5863496631878","24.535755617984",
"Singapore","SGP","Employment in agriculture, female (% of female employment) (modeled ILO estimate)","SL.AGR.EMPL.FE.ZS","","","","","","","","","","","","","","","","","","","","","","","","","","","","","","","","0.110097485984664","0.0911517446903225","0.0448311388631838","0.129556876759626","0.110247026532479","0.0932141551520483","0.0938578026845527","0.0954973855743879","0.0967687371417557","0.0977867353413205","0.0994017776371364","0.100102332334788","0.101019813271569","0.101376606367592","0.101719155561288","0.101914083787106","0.101227696976549","0.101721932087502","0.101731330592661","0.102197509857582","0.10254409015771","0.103194551458","0.103687522854558","0.103765514642982","0.104538200833198","0.104967024993124","0.106061498222252","0.107080759894791","0.107634222105727","0.111488441984665","0.109914633663077","0.0773979417931671","0.0673100737414814","0.0783699059561128","0.0759573112147023",
"Solomon Islands","SLB","Employment in agriculture, female (% of female employment) (modeled ILO estimate)","SL.AGR.EMPL.FE.ZS","","","","","","","","","","","","","","","","","","","","","","","","","","","","","","","","38.2378411598737","37.1048612706607","36.8967990090619","35.9896588687811","35.0040934029008","34.8664740906679","35.3217478334054","35.0508780026813","35.2790182122893","38.1223139820949","39.3370832056466","41.4156828870333","41.9742713642899","41.6517186432962","40.9099401261532","41.0326016026729","41.3080880348869","41.2537064105241","41.5274814215289","41.273225949648","41.3671970251158","42.0819967996259","42.4697886785571","42.6069383630852","42.4158121178792","41.9812730351629","41.6816320666619","41.4941701453865","41.1648502502804","44.0100509129214","45.2834077636551","44.8435886846996","44.4788255675389","44.1198625643318","43.7754183572967",
"Sierra Leone","SLE","Employment in agriculture, female (% of female employment) (modeled ILO estimate)","SL.AGR.EMPL.FE.ZS","","","","","","","","","","","","","","","","","","","","","","","","","","","","","","","","67.5683742235806","68.7027984358019","68.6188814642994","68.8357637870078","69.487157901383","69.440045345345","70.0661346799248","69.9878585619027","70.3113391187857","70.1614509914482","71.1907815047545","69.7489058592354","69.2734146037958","71.0486680653891","70.464100008298","69.7442096783326","68.3877430178624","67.3052733430092","66.4699414268957","64.9174535055534","63.4715642046849","60.8706973792279","57.9602872085808","56.0500808790259","55.6661273119091","51.9440623937398","48.2773898164812","45.3795709213519","44.7092720478098","46.2085013987988","46.6868878407804","46.0120163885268","45.028693126058","44.55899231642","43.9547456333663",
"El Salvador","SLV","Employment in agriculture, female (% of female employment) (modeled ILO estimate)","SL.AGR.EMPL.FE.ZS","","","","","","","","","","","","","","","","","","","","","","","","","","","","","","","","14.8721212300386","14.6188079614849","11.4005947323704","8.24878935512739","7.71659223356055","7.95373321278689","7.15802413947251","7.15813074548627","5.34914963891187","4.33651673441695","4.69255419634113","3.02559519303451","4.42741019501998","3.88869416427118","5.47121036149305","5.3850355811445","4.39671205318553","5.45744145755323","5.48103039347557","5.33443967537809","6.59898017953906","5.06132556445739","4.51699543125995","4.07517302059488","3.85514672263817","4.02616521697306","3.91290969594749","3.41146387230643","3.38067530276913","3.51649155551689","3.33215412830371","4.50488187401085","4.67456749395512","4.61190304068976","4.53359404632669",
"San Marino","SMR","Employment in agriculture, female (% of female employment) (modeled ILO estimate)","SL.AGR.EMPL.FE.ZS","","","","","","","","","","","","","","","","","","","","","","","","","","","","","","","","","","","","","","","","","","","","","","","","","","","","","","","","","","","","","","","","","","",
"Somalia, Fed. Rep.","SOM","Employment in agriculture, female (% of female employment) (modeled ILO estimate)","SL.AGR.EMPL.FE.ZS","","","","","","","","","","","","","","","","","","","","","","","","","","","","","","","","51.4314086335275","52.5117023292372","52.2900090216588","56.3284611594679","56.331049960535","55.3616488313411","56.0367585828102","55.4697591314392","54.664926500893","53.8545783534118","53.0376808781736","52.3336447166165","51.2697223013762","50.3194044914295","49.2936809733679","48.3027855627087","46.6460512753032","45.6402068743236","44.4901501921787","43.3126712591355","41.1238380667328","39.1120180564573","36.7305978880562","34.8528714872006","32.9128775758076","32.0366363624333","29.5214829399021","29.7461961415232","29.852677799371","33.3353851527484","34.9768287594198","35.0750867370811","34.7213749672275","34.5332456517608","34.2985817325411",
"Serbia","SRB","Employment in agriculture, female (% of female employment) (modeled ILO estimate)","SL.AGR.EMPL.FE.ZS","","","","","","","","","","","","","","","","","","","","","","","","","","","","","","","","45.192223215996","44.9541185462018","44.7311371188094","44.5100154608621","44.2858983821273","44.1308057067398","44.0322487641993","43.7595705452484","42.9386681769768","42.5991683804788","42.3328120825","42.0320026031912","41.5463538969968","40.980735699042","40.2012172026338","34.8607023007918","35.2623299069914","34.4909130374726","31.2696709194372","28.9132874806357","27.0031802430351","26.6855518657109","26.1996987104511","25.8339578151891","23.9739828634774","23.7935080427358","22.1955352386733","20.5011206983919","20.0379840256663","18.4860476744595","18.300433964438","18.3693493634373","17.7902682669942","17.8887067304921","17.310286206169",
"Sub-Saharan Africa (excluding high income)","SSA","Employment in agriculture, female (% of female employment) (modeled ILO estimate)","SL.AGR.EMPL.FE.ZS","","","","","","","","","","","","","","","","","","","","","","","","","","","","","","","","59.5411850447016","59.7531344494913","59.9671540894844","60.039359906659","59.903747931043","59.5363132478069","59.3363390841825","59.0953942215338","59.0016464228818","58.9583417061327","58.7637976245342","58.7172632242596","58.4317778113774","58.0552566606665","57.6752523275511","57.2007148096747","56.6894472924053","56.1443800596958","55.595949530312","54.8247383532921","54.380757425494","53.2387039097532","52.8915494897212","52.4950008378035","52.0833673897591","51.8649765049416","51.3087162087628","50.6399041704205","49.7564915292152","51.1884082239301","51.2657133169105","49.8670083765657","49.149009561367","48.402791204176","47.9758776633799",
"South Sudan","SSD","Employment in agriculture, female (% of female employment) (modeled ILO estimate)","SL.AGR.EMPL.FE.ZS","","","","","","","","","","","","","","","","","","","","","","","","","","","","","","","","64.3661666344254","64.0078054776985","63.6302240993346","63.3179402770303","62.9817503796565","62.6097000883876","62.041046806077","61.7439525767282","61.4686325414829","61.2701074769679","61.0913419415998","60.9359312221886","60.7382606136291","60.650054944837","60.5838681225555","60.5357906479172","60.5863000626169","60.762091055674","61.122325321141","61.5368674658198","62.5725889715333","63.2559759041722","63.2688145613109","63.959703517605","63.4504202690139","63.3004327571855","62.6025859518282","62.0409610681287","61.9696584051838","63.4176967006929","64.8160992330348","64.8512369973673","65.4168538126233","","",
"Sub-Saharan Africa","SSF","Employment in agriculture, female (% of female employment) (modeled ILO estimate)","SL.AGR.EMPL.FE.ZS","","","","","","","","","","","","","","","","","","","","","","","","","","","","","","","","60.4771540778354","60.7822924708684","60.8808841759818","60.9286765686486","60.7694021726379","60.332599516504","60.1549972852926","60.0154458949109","59.9062042803898","59.9817347911378","59.8701883027196","59.9838879110249","59.9248564134568","59.6092599381269","59.3683782604283","58.86961078253","58.3041734505122","57.7225646001892","57.1475596506726","56.2965187471882","55.7509293071353","54.6302051046014","54.1351045214401","53.5538981911915","52.9346621408576","52.5242198285478","51.7799239559439","50.9789590524769","49.9593219838346","51.4906969900671","51.5918869003872","50.2504715018155","49.4863716451625","48.672250349652","48.1831061803374",
"Small states","SST","Employment in agriculture, female (% of female employment) (modeled ILO estimate)","SL.AGR.EMPL.FE.ZS","","","","","","","","","","","","","","","","","","","","","","","","","","","","","","","","22.2558237498784","21.6883845910523","21.1081344685483","20.6959649586137","19.7902760728201","19.4468105070035","19.1584005985665","18.668066603413","17.9649877141456","17.110430617005","16.9356330424782","17.0381684536985","16.9521785928132","16.3901173116158","16.229902796965","16.0957350537234","15.8439953806167","15.6033764786089","15.7837867510719","15.7058283204053","15.6625232404926","15.6238376898596","15.1707676241481","15.0434541342642","15.1440028542558","14.8594627578799","14.5656367003183","14.3342371885772","14.2139350604063","14.9698450405125","15.2029340140866","14.5978378350395","14.4153328640867","14.3286940085405","14.2886391356974",
"Sao Tome and Principe","STP","Employment in agriculture, female (% of female employment) (modeled ILO estimate)","SL.AGR.EMPL.FE.ZS","","","","","","","","","","","","","","","","","","","","","","","","","","","","","","","","25.103734439834","24.7489014438167","24.5552147239264","24.1115609536662","23.9209948792977","23.5378031383738","23.1442869057548","22.6481306519098","22.1146296780947","21.9158937873205","21.63890739507","21.2519726459758","20.368253968254","20.3964972026271","19.3556143303679","18.3953952778104","17.8248076052512","16.0367052654577","15.6594571670908","15.2452134739429","14.7888020575725","14.213343528962","13.6271623113728","13.0688861342306","12.8974511976814","12.3712183156173","11.8738259236068","11.4817629179331","11.2866317265815","11.8171021377672","12.1197078221403","11.9811578372474","11.7709862538369","11.5469829271471","11.2375262187758",
"Suriname","SUR","Employment in agriculture, female (% of female employment) (modeled ILO estimate)","SL.AGR.EMPL.FE.ZS","","","","","","","","","","","","","","","","","","","","","","","","","","","","","","","","3.33762018494703","3.1588858852474","2.18630888855008","2.31093007467753","3.26933319806224","1.70800924952701","2.8869732285057","3.17118987592071","3.37271911456775","3.65470326061459","3.87824474660074","4.40687130854338","4.38026426874521","4.67505827505828","4.58092303256384","4.53056388095072","4.49280981843316","4.446255398908","4.59539987072975","4.71300802119142","4.78986891036226","5.05751905751906","5.25152599452747","5.40734844789072","5.54953178905865","5.66225754789726","5.70818389683949","5.55849775203669","5.67252172184992","5.85128429828405","5.89789336444109","5.94550233450521","5.85766836751205","5.79163954733461","5.69860569341854",
"Slovak Republic","SVK","Employment in agriculture, female (% of female employment) (modeled ILO estimate)","SL.AGR.EMPL.FE.ZS","","","","","","","","","","","","","","","","","","","","","","","","","","","","","","","","10.5367625089062","10.3111903885931","10.0048404694475","9.52134843409369","8.62314481070138","8.60143511825915","8.64581576371894","8.27543559710451","6.97234430381837","5.99353881839354","5.62782837273052","6.07052063042505","5.31025548095657","4.30874356579896","4.05067180533822","3.7050415552159","3.48966333332362","3.39683361170576","3.17482535155684","2.75080826811457","2.25476599734354","2.61695247351237","2.63149997047283","2.11008422456407","2.00678494193853","2.15079107333543","2.15774401922039","1.88282519353914","2.12585304670907","1.86159691014562","1.78852097904141","1.23281872992691","1.68396062951352","0.948220566852909","0.908858486967168",
"Slovenia","SVN","Employment in agriculture, female (% of female employment) (modeled ILO estimate)","SL.AGR.EMPL.FE.ZS","","","","","","","","","","","","","","","","","","","","","","","","","","","","","","","","9.04560689903692","8.83299152479553","8.50976021430707","9.30485944650251","8.98831405453112","8.59634571997018","11.2447081601495","11.0869700019557","9.82452394873276","8.6557159998345","8.65392469166054","8.63634325416961","7.36597998478375","8.66029446659894","8.05778817784108","8.14593997607842","9.03562489776804","8.68913411139225","9.29733683278664","8.81162143638485","8.18157462521404","8.07011331444759","8.44620529822174","9.92639598150231","7.3319084406978","4.3161323827959","4.97241842108256","5.11402210325984","3.5879018188114","3.87378406408697","3.68127086248113","3.8513316406461","3.36864923216213","3.01403011180691","2.90841516355453",
"Sweden","SWE","Employment in agriculture, female (% of female employment) (modeled ILO estimate)","SL.AGR.EMPL.FE.ZS","","","","","","","","","","","","","","","","","","","","","","","","","","","","","","","","1.90291362338713","1.92745676325052","1.8675058713768","1.80273369124979","1.71926794085465","1.71727503044895","1.67252926964865","1.51566451612903","1.53232228255735","1.44114521644677","1.22016953548896","1.23266808008383","1.09580461869724","1.0523959125344","1.02347843260261","0.985279455750396","0.945686271136716","0.861225955562103","0.974443282020625","0.962686514647895","0.901143222936492","0.994300831285807","0.97732867091389","0.911077097566135","1.0217556665907","1.002921823816","1.01445621219282","0.840309568031548","0.696016388576979","0.765057615241061","1.01151064393724","0.843858391622795","0.833278104748958","0.907415301446439","0.877121401722004",
"Eswatini","SWZ","Employment in agriculture, female (% of female employment) (modeled ILO estimate)","SL.AGR.EMPL.FE.ZS","","","","","","","","","","","","","","","","","","","","","","","","","","","","","","","","14.776696100159","14.510942732846","14.1522058423543","14.1347599257229","13.8637201559655","13.7109482616122","13.5803807623921","13.5304811025619","13.4204177577995","13.6712254215253","13.6294890424365","13.5109438062713","13.348668951101","13.0656199109505","12.9781089892874","12.81104629698","12.6636475916015","12.5568024569016","12.3890874226445","12.3192346253845","12.1634161295133","12.0021980863719","11.8187932739862","11.6295464228996","11.5266642371234","11.2795849753969","10.790594278762","10.4386970416986","9.8987394089688","10.0002453245235","9.77944809376088","10.5897030691175","11.2142873920499","10.9363946729001","10.6655461434914",
"Sint Maarten (Dutch part)","SXM","Employment in agriculture, female (% of female employment) (modeled ILO estimate)","SL.AGR.EMPL.FE.ZS","","","","","","","","","","","","","","","","","","","","","","","","","","","","","","","","","","","","","","","","","","","","","","","","","","","","","","","","","","","","","","","","","","",
"Seychelles","SYC","Employment in agriculture, female (% of female employment) (modeled ILO estimate)","SL.AGR.EMPL.FE.ZS","","","","","","","","","","","","","","","","","","","","","","","","","","","","","","","","","","","","","","","","","","","","","","","","","","","","","","","","","","","","","","","","","","",
"Syrian Arab Republic","SYR","Employment in agriculture, female (% of female employment) (modeled ILO estimate)","SL.AGR.EMPL.FE.ZS","","","","","","","","","","","","","","","","","","","","","","","","","","","","","","","","53.9312842610139","53.5504451715046","52.5966854006915","29.732858710242","60.2650838761601","58.3814616755793","55.9694587945506","53.6019678674279","50.1532639187071","61.8565390414514","57.7588566939506","53.3409182822011","48.9078255647606","43.2006121410566","37.2368319423723","31.745261439499","26.3408544215199","22.1497271983778","19.3999159149659","15.6645604456089","12.6535866539216","11.6927602396253","10.6962678082149","9.72992015849707","9.27556724520671","8.73391606493295","8.49579174520501","8.05314126758775","7.71650364335632","9.01488187251522","9.68545696937237","9.12583315216527","8.69503306915482","8.27319272059846","7.87768401819759",
"Turks and Caicos Islands","TCA","Employment in agriculture, female (% of female employment) (modeled ILO estimate)","SL.AGR.EMPL.FE.ZS","","","","","","","","","","","","","","","","","","","","","","","","","","","","","","","","","","","","","","","","","","","","","","","","","","","","","","","","","","","","","","","","","","",
"Chad","TCD","Employment in agriculture, female (% of female employment) (modeled ILO estimate)","SL.AGR.EMPL.FE.ZS","","","","","","","","","","","","","","","","","","","","","","","","","","","","","","","","84.9654729169634","84.7966170482961","84.7474560335767","84.4099485731624","84.2372960419561","84.0744337064243","83.775134289654","83.4272785072822","83.2500983524724","83.01872008525","82.5829858325278","82.1513443207255","81.6807258012243","81.1578085268078","80.508499397619","80.1796088439273","79.8072810887857","79.3780059512719","78.6221063726237","78.0672227599533","77.6248036706154","76.9499121560377","76.0289004418261","75.1942659522234","74.365026632356","73.590507814996","72.7814791736567","71.7620046532647","71.7511648697294","73.3936867449224","74.2179981558111","74.4601709584155","74.2832591680791","74.3981553266943","74.3705766546585",
"East Asia & Pacific (IDA & IBRD countries)","TEA","Employment in agriculture, female (% of female employment) (modeled ILO estimate)","SL.AGR.EMPL.FE.ZS","","","","","","","","","","","","","","","","","","","","","","","","","","","","","","","","54.3256665971342","53.48562807274","51.4889620860879","49.5035947352632","47.3674446072799","45.733583662923","45.0743724935463","45.4934560007652","45.9394632318292","46.1440275868295","45.9263604976699","46.0970720633894","45.5030370190559","43.2363904646157","41.3810465079313","39.2090625569022","37.8150352416627","36.8047078407235","35.5666214019073","34.4480670235164","32.985710342885","31.9650024791237","29.8596193031041","28.0223776222181","26.77191029447","25.6621174966573","24.8807587589246","23.9433759820148","22.8701737860904","22.0961065191958","21.577501077699","22.9558197254063","21.5376282040156","20.8980724324533","20.3817914489687",
"Europe & Central Asia (IDA & IBRD countries)","TEC","Employment in agriculture, female (% of female employment) (modeled ILO estimate)","SL.AGR.EMPL.FE.ZS","","","","","","","","","","","","","","","","","","","","","","","","","","","","","","","","22.9608433053361","23.3902994024041","22.7200136744242","23.7719707676438","24.0412871083708","23.6689927416713","22.1356430739957","22.2185633759224","23.7513355117498","22.7615238473073","21.7448286242158","20.7531834921079","20.1131374020801","18.493697151475","17.9730368283636","17.1816391757602","16.3617806704636","16.1417476735398","15.7203500375707","15.6628539062058","15.6649356315449","15.1893912716231","15.0001010296183","14.6699307015806","14.1789288262295","13.7279544061305","13.2036756851043","12.9565915455095","12.5602568903762","12.539941186004","12.4627708834605","12.2369308274396","11.6223471497391","11.2647896010448","11.0972064915715",
"Togo","TGO","Employment in agriculture, female (% of female employment) (modeled ILO estimate)","SL.AGR.EMPL.FE.ZS","","","","","","","","","","","","","","","","","","","","","","","","","","","","","","","","47.2309741881765","47.9377875165188","49.7075350633863","47.9326508094362","47.4653970941324","46.9385589061889","45.6674571421372","45.8875736041433","45.8271389086645","45.9392529358202","46.051299358758","45.7352088931036","44.9327043410701","45.3771971883227","46.4475560670216","45.9761738630547","43.4111074936018","40.7385687633501","36.5204768313786","33.6142952215662","31.3655930221094","30.7607043212337","30.1617545569475","29.708070691282","29.2176463682669","29.0966065606335","28.6833479020979","34.3766146259809","40.0609637981762","39.5154145676704","38.1724880564934","35.5308193895986","34.759269755384","34.2904314345759","33.6124746975186",
"Thailand","THA","Employment in agriculture, female (% of female employment) (modeled ILO estimate)","SL.AGR.EMPL.FE.ZS","","","","","","","","","","","","","","","","","","","","","","","","","","","","","","","","54.2070865141529","55.4833406107429","50.8188157601837","50.4661683351154","46.5660069983893","44.7601274744583","44.5527575102328","43.3383157426844","40.3143049079584","40.9054902078542","38.1403089552957","37.9883803057688","37.0115284578728","36.9744794165213","37.1408708855742","37.1600503683344","37.2048791753134","36.7401049014515","36.5562865692711","36.0279979864168","39.1801008116973","40.3451303972334","36.9530047207548","31.1855447808113","29.8487176742294","28.4546807715947","28.5274823970939","29.2146329537378","28.3144170016018","27.9737945804029","28.414559426659","27.0054335177183","26.7269657292592","25.2555532094018","24.8174803830863",
"Tajikistan","TJK","Employment in agriculture, female (% of female employment) (modeled ILO estimate)","SL.AGR.EMPL.FE.ZS","","","","","","","","","","","","","","","","","","","","","","","","","","","","","","","","72.8927813465489","73.7675261964615","74.5354800505022","75.4861099579895","76.4255694318403","77.2442566335614","77.5223433791325","77.4806833891412","77.6440068839846","77.4475725753311","76.9903886689449","76.3979841986302","75.7708748055176","75.1342695578289","74.0650995333066","73.1486524101708","72.0821194750852","70.9066829502146","69.6136242926085","69.0255823702191","68.2172872197567","67.5105837789661","66.6352022784761","65.9367888975833","65.1490130364568","64.3148735689597","63.2892234189787","62.367960187966","61.7786521874709","63.9049440791358","64.7954958915857","63.984325840318","63.060107901895","62.1721979153613","61.3599397309723",
"Turkmenistan","TKM","Employment in agriculture, female (% of female employment) (modeled ILO estimate)","SL.AGR.EMPL.FE.ZS","","","","","","","","","","","","","","","","","","","","","","","","","","","","","","","","39.8238140216281","41.0580279660155","40.4961162702985","40.7855739988842","41.5571629621077","41.0665135095268","41.3968066215684","40.4654161799087","39.1768585730487","38.513328533912","37.7392764292011","37.5623427994067","37.0885044429628","36.4502430716359","35.2579289696599","34.141744345545","32.9276628791685","31.9697211925627","31.2574284416174","30.280527953777","29.1932595509486","28.1901458756521","27.2676733069508","26.3700826930317","25.6864141612183","25.0017439126199","24.3508196176042","23.7599352772038","23.1652598797019","23.5032195965709","23.4187494360733","22.8199563003757","22.2082137368871","22.1293294659614","21.7922186452615",
"Latin America & the Caribbean (IDA & IBRD countries)","TLA","Employment in agriculture, female (% of female employment) (modeled ILO estimate)","SL.AGR.EMPL.FE.ZS","","","","","","","","","","","","","","","","","","","","","","","","","","","","","","","","10.060159888889","10.268074387115","10.1102796825077","9.9224166004081","10.1825037567707","9.8291155498729","10.2256655598197","9.48972459024829","9.9131793610966","9.8781635832209","10.400163463624","10.433291318695","10.2457370334516","10.1948321635659","10.1075005007175","9.59747536527979","9.07584989636015","8.50340458537489","8.14481503870419","7.9367427790048","7.76492048975552","7.71395019518012","7.58396297792141","7.31396452415629","7.31214877558644","7.40129250423366","7.43498417410794","7.46964565481055","7.29109310512777","8.31529264985524","8.38390186054968","7.77732996391184","7.35400734629317","7.22718679593455","7.17193052346933",
"Timor-Leste","TLS","Employment in agriculture, female (% of female employment) (modeled ILO estimate)","SL.AGR.EMPL.FE.ZS","","","","","","","","","","","","","","","","","","","","","","","","","","","","","","","","60.2899703521585","59.6220965218438","58.9920134102669","58.3543695562428","57.8744242296077","57.3207656799768","57.1883839336225","57.5354404612441","56.1503904160873","53.6505075048007","52.8474116407614","54.0409877749965","54.4552328850199","54.5748290832876","54.1258064911056","54.6647368670811","53.705991173588","52.6574730625131","51.1129659007368","50.8267138663443","49.9585567248271","49.7125251445013","49.3779885417643","48.9935099071888","48.7012836928937","48.4785108790414","47.8181404824208","46.8342273044947","43.313970447291","43.110645060336","42.5568395613433","49.0649735038455","49.1850940191097","47.2560736187559","46.7242347018815",
"Middle East, North Africa, Afghanistan & Pakistan (IDA & IBRD)","TMN","Employment in agriculture, female (% of female employment) (modeled ILO estimate)","SL.AGR.EMPL.FE.ZS","","","","","","","","","","","","","","","","","","","","","","","","","","","","","","","","51.0545846499268","51.4588301213918","50.5551413490085","50.7647716101149","49.0377060686768","48.603820376114","46.9119891043359","47.3277673772129","46.8149722350592","49.3957325710523","47.104557023256","45.8075452726079","46.842930352306","48.6363227488624","48.1390873364377","48.2444202229246","49.6326581338957","50.8208572092622","49.9151756940492","50.019911132703","50.3708185199037","48.6981775704344","49.5694710784312","48.5283533569108","47.0785884768314","46.6900215755401","44.605630298284","40.4295727141163","42.7369443846085","43.652789303324","43.8420895501898","42.4010694683416","41.6211765382023","41.7569601386696","41.6478681209579",
"Tonga","TON","Employment in agriculture, female (% of female employment) (modeled ILO estimate)","SL.AGR.EMPL.FE.ZS","","","","","","","","","","","","","","","","","","","","","","","","","","","","","","","","13.0534485799965","13.4854771784232","13.456877003675","12.8504499144791","12.1637776449492","12.118018967334","12.207811793093","12.0372456258917","11.8636465575241","11.3270777479893","11.1011838284566","10.5443443294363","10.6282722513089","11.2557595260733","11.5005006436847","12.0002795638803","12.7526132404181","12.0631185549173","13.1883259911894","13.3999452504791","12.7137698439736","12.8088205267815","12.9166666666667","12.7214060140052","12.7867723045126","12.9317491019619","12.4818778046255","12.2831081544476","12.0467283408738","12.2032288698955","12.1999472434714","13.0582842174198","13.4891269068484","13.1177349178518","12.6716563618614",
"South Asia (IDA & IBRD)","TSA","Employment in agriculture, female (% of female employment) (modeled ILO estimate)","SL.AGR.EMPL.FE.ZS","","","","","","","","","","","","","","","","","","","","","","","","","","","","","","","","76.203639149801","76.1787969410836","75.8708479340615","75.6877506900739","75.2732876401557","74.657159133529","74.4784255585505","74.0852150975685","73.5025738831358","73.4612935106762","72.3132072426529","71.1897402489517","69.7060374421395","68.5179029329957","67.2643004487351","66.7230477118117","65.7911319657813","65.1714543425251","64.1961565512113","63.1966470547051","60.7262274266982","58.1949449919367","57.0229140727635","56.2337057579501","55.533099147586","54.5418286066609","52.8901291381048","51.9655090980435","53.2516156034159","58.5292323394798","59.9815788188792","60.0537275077819","62.5608200168548","61.480842980153","60.8616942189165",
"Sub-Saharan Africa (IDA & IBRD countries)","TSS","Employment in agriculture, female (% of female employment) (modeled ILO estimate)","SL.AGR.EMPL.FE.ZS","","","","","","","","","","","","","","","","","","","","","","","","","","","","","","","","60.4771540778354","60.7822924708684","60.8808841759818","60.9286765686486","60.7694021726379","60.332599516504","60.1549972852926","60.0154458949109","59.9062042803898","59.9817347911378","59.8701883027196","59.9838879110249","59.9248564134568","59.6092599381269","59.3683782604283","58.86961078253","58.3041734505122","57.7225646001892","57.1475596506726","56.2965187471882","55.7509293071353","54.6302051046014","54.1351045214401","53.5538981911915","52.9346621408576","52.5242198285478","51.7799239559439","50.9789590524769","49.9593219838346","51.4906969900671","51.5918869003872","50.2504715018155","49.4863716451625","48.672250349652","48.1831061803374",
"Trinidad and Tobago","TTO","Employment in agriculture, female (% of female employment) (modeled ILO estimate)","SL.AGR.EMPL.FE.ZS","","","","","","","","","","","","","","","","","","","","","","","","","","","","","","","","8.82416351965059","7.66642242666016","7.88323974568911","8.53547776726585","6.95239799570508","6.32301360762522","5.5818107998376","4.82364106078979","4.07670094736309","4.14342317280425","4.5426578192592","2.95804434757714","2.93224953430511","2.90815549696683","2.47406893872156","2.8598634095088","2.59837684186527","2.65831190482918","2.76007649839426","2.77760918538935","2.7956726097503","1.99240691199424","1.82255915709175","1.81355572363096","1.97784355179704","2.28357248936679","2.26964472485576","2.21359223300971","2.1702107765875","2.50566783036844","2.83763915143877","2.11059561637717","1.94909911404586","1.94941449104707","1.88682481689223",
"Tunisia","TUN","Employment in agriculture, female (% of female employment) (modeled ILO estimate)","SL.AGR.EMPL.FE.ZS","","","","","","","","","","","","","","","","","","","","","","","","","","","","","","","","25.8303242423869","25.4665408156315","25.0158924803178","24.549879974023","24.1136065717032","23.8526629830175","23.5107457321972","23.0712253299905","22.660589160698","22.203421390191","21.6700416607551","21.089712755947","20.6584289569869","20.1500512765154","19.5371070823008","20.2596052967715","19.1259108386764","17.4334050649113","18.3281420501271","18.857910218698","13.8555251314176","14.4158344946241","10.887036139747","10.1714254292509","9.70645072444792","10.8957141967788","10.12768831203","10.3042147680358","10.4117270022251","10.6765543021675","10.6901522753683","9.81979048670021","9.14646818708391","8.78426620442907","8.37558396140973",
"Turkiye","TUR","Employment in agriculture, female (% of female employment) (modeled ILO estimate)","SL.AGR.EMPL.FE.ZS","","","","","","","","","","","","","","","","","","","","","","","","","","","","","","","","64.8083874375702","60.0333970626238","56.9497458292546","60.9468500164396","61.4275491771564","61.6468058187215","58.3527212444005","58.0480855080099","56.8330262316348","52.1726275958566","55.2022336809924","51.9245496418362","50.3359455047999","42.5857584983648","38.4276023953043","35.9724598496596","35.1774083602985","34.5882007352919","32.2315274050884","32.2287531428628","32.1161426436862","30.3707019595556","29.5706871073049","28.9032065773111","27.2937197268189","26.0072086695755","25.9311158368242","24.2618690427404","23.4241517502549","23.0526036931974","22.7160423758274","20.4468808249381","18.5168321013885","18.4943388553572","18.047859367629",
"Tuvalu","TUV","Employment in agriculture, female (% of female employment) (modeled ILO estimate)","SL.AGR.EMPL.FE.ZS","","","","","","","","","","","","","","","","","","","","","","","","","","","","","","","","","","","","","","","","","","","","","","","","","","","","","","","","","","","","","","","","","","",
"Tanzania","TZA","Employment in agriculture, female (% of female employment) (modeled ILO estimate)","SL.AGR.EMPL.FE.ZS","","","","","","","","","","","","","","","","","","","","","","","","","","","","","","","","75.9154933640253","76.1152867014184","76.3015467091219","76.4695284187487","76.4028673546638","76.2283448961625","76.0567315871726","76.0573568723877","75.8752897394097","75.7340959467003","75.4433643903276","75.0671542095727","74.7510721215721","74.3250537681175","73.8073989908989","73.3338516081152","72.7927929231386","72.3214652636902","71.8657348099573","71.1250980003946","70.26445538465","69.8416256172114","69.0059828983059","68.147498512306","67.7689804351222","67.2874035520856","66.8548899444091","66.4690592186323","66.0344437657017","67.3156780400644","67.7890847732208","67.5650729820932","67.2304860487164","67.2663913917553","66.7883372268893",
"Uganda","UGA","Employment in agriculture, female (% of female employment) (modeled ILO estimate)","SL.AGR.EMPL.FE.ZS","","","","","","","","","","","","","","","","","","","","","","","","","","","","","","","","65.729907401506","65.8386179995083","65.5049681698857","65.4000142123468","64.7263250283171","64.2184560416107","64.1314173915438","63.9714926570128","63.5500536195516","63.6831393121237","63.5490796633583","63.0305792969061","62.7988015251342","63.2330025629395","63.9293241842231","63.8668832970329","64.1062476760704","64.3513143675411","64.6775241249121","64.2802951527263","69.0609881295474","68.8661787900872","75.0290399883543","76.7704513246669","76.7375651862994","76.5459396057601","76.5042359447411","73.2058082239701","69.2940352749604","71.4937995824255","72.4248565383061","72.1811843812826","71.7628848181961","71.3299897895988","70.8270978721655",
"Ukraine","UKR","Employment in agriculture, female (% of female employment) (modeled ILO estimate)","SL.AGR.EMPL.FE.ZS","","","","","","","","","","","","","","","","","","","","","","","","","","","","","","","","15.1802409098128","16.1745819964954","14.958923839921","14.7178480339649","16.1284706673822","15.620587408857","15.796108501614","16.3276324446162","16.4381613246595","16.3798945119533","15.9887795623483","15.6439074087237","15.1089339944398","14.6421465198571","14.2699433902293","13.8421323198791","13.4536315516675","13.2214127653975","12.9120071595599","13.0995334178374","13.1689869428672","12.7379811942926","12.7966994352797","12.8718332056663","13.009961342973","13.0468504066504","12.9059153180917","12.7261075306353","11.6475891426271","11.7838380927532","11.6430172794025","","","","",
"Upper middle income","UMC","Employment in agriculture, female (% of female employment) (modeled ILO estimate)","SL.AGR.EMPL.FE.ZS","","","","","","","","","","","","","","","","","","","","","","","","","","","","","","","","46.3518371265168","45.5403418562257","43.5281566473106","41.8000522498969","40.0196679352212","38.6134367229233","38.1665854441652","38.3959704554982","38.8246731331709","38.9510867304444","38.7400765603487","38.8219384018156","38.2309942901774","36.1257914872576","34.4672881839622","32.5379012616321","31.2543202884902","30.2942017581233","29.0755488212325","28.002839141158","26.686292850371","25.7757747811922","23.9344012868052","22.3146063658724","21.3641920633199","20.5832974786738","20.0389936135102","19.3322854770707","18.4889566403287","18.2473842378174","17.9939619719687","18.7186261717327","17.7579771062891","17.209812906203","16.7790930380615",
"Uruguay","URY","Employment in agriculture, female (% of female employment) (modeled ILO estimate)","SL.AGR.EMPL.FE.ZS","","","","","","","","","","","","","","","","","","","","","","","","","","","","","","","","3.31826496680015","3.20529031745667","3.03632468320033","4.82070410031063","4.8754861185593","4.62528735632184","4.4513387738585","4.34567139252455","4.24149668740842","4.11061721335066","5.63915708610665","4.60473761376416","5.75690243356665","6.29239229209001","5.21371721961485","4.95729507537723","4.64223915779542","4.66160786896601","4.81770656527938","5.05367405858115","4.78257438244811","3.99985867721877","4.25272292418255","4.15355429701496","4.42110789496587","3.89180501073408","3.82631404363935","3.71582926622845","3.60853341917012","4.09482726705968","4.03874181763039","3.87536661950933","4.0096370594181","3.87488104021643","3.74325052569291",
"United States","USA","Employment in agriculture, female (% of female employment) (modeled ILO estimate)","SL.AGR.EMPL.FE.ZS","","","","","","","","","","","","","","","","","","","","","","","","","","","","","","","","1.26811286476614","1.24430524789871","1.16012589421128","1.51330126559246","1.53398406847685","1.48966127684896","1.4181732478364","1.35385524047603","1.36730015976227","1.26654195321286","1.18739178246444","1.10818329721639","1.03465710298075","0.967894280073958","0.957836177659292","0.936827248368355","0.849717025729317","0.866926677145058","0.85702889370199","0.955112884467409","0.983882229534464","0.986676705422542","0.880742898557755","0.897824212908896","0.980392758013009","0.990341812285253","0.971997192642586","0.987364067444686","0.974052313523973","1.03291246381634","0.994607923075903","0.993214754035065","0.987728628519609","0.996342435818904","0.961645134508177",
"Uzbekistan","UZB","Employment in agriculture, female (% of female employment) (modeled ILO estimate)","SL.AGR.EMPL.FE.ZS","","","","","","","","","","","","","","","","","","","","","","","","","","","","","","","","36.0367750629359","36.19296878185","35.9292769426342","36.1385386978921","35.8283750663182","35.4728846511343","35.2582910016147","34.3180929693638","33.4816716439044","32.9078462031914","32.1495496919528","31.4167856867749","30.6211063893492","29.7159496871148","28.7824575961353","27.8154698936893","26.7331325131215","25.630981906589","24.6652184543625","23.8282350297768","24.2886870673087","23.7744311413423","24.5558996373651","25.0850097575562","25.1708106352111","25.1277517238565","25.2485297857349","27.4148290357033","27.1039740599694","28.3217589746652","28.7054693756994","28.2733749508248","27.8545380675378","27.393577681665","26.955641105621",
"St. Vincent and the Grenadines","VCT","Employment in agriculture, female (% of female employment) (modeled ILO estimate)","SL.AGR.EMPL.FE.ZS","","","","","","","","","","","","","","","","","","","","","","","","","","","","","","","","13.7332672285573","13.0687241489023","12.5086919570424","11.9116527037319","11.193148257531","10.5806264079645","10.0616452915751","9.46914353301329","8.89708897088971","8.33896016205267","7.84953395472703","7.63888888888889","7.48282166046776","7.30278171837414","7.07948468643656","6.92234623604844","6.76551281302901","6.54545454545454","6.33940932164283","6.15839175018829","5.96920237614626","5.80058349064699","5.62743657833776","5.45954438334643","5.32435740514076","5.16633619740031","5.02463054187192","4.89392870706961","4.75984422327997","4.89064061285667","4.91776134231151","4.81571159537261","4.72411981082501","4.6100394109106","4.496765847348",
"Venezuela, RB","VEN","Employment in agriculture, female (% of female employment) (modeled ILO estimate)","SL.AGR.EMPL.FE.ZS","","","","","","","","","","","","","","","","","","","","","","","","","","","","","","","","2.44585120853824","2.278338193116","2.09739042745084","2.68311655064444","2.14952443798868","2.01771578027365","1.68794025923445","1.51960254493654","1.88784036634774","1.85517909894119","1.85815921669964","2.02555632839009","2.3686322764946","2.23422652121652","2.15992902655992","1.86420346272129","1.76787178551629","1.78744243521227","1.82164262754001","1.73292547850262","1.59174049876918","1.52369689709607","1.49202030274535","1.36381272149965","1.29374588341412","1.2064396596497","2.17193607019026","2.53432370392828","2.61829436038514","2.95810573645009","3.13087788873471","2.81324686139964","2.75557205293646","2.66644660783154","2.63723033957249",
"British Virgin Islands","VGB","Employment in agriculture, female (% of female employment) (modeled ILO estimate)","SL.AGR.EMPL.FE.ZS","","","","","","","","","","","","","","","","","","","","","","","","","","","","","","","","","","","","","","","","","","","","","","","","","","","","","","","","","","","","","","","","","","",
"Virgin Islands (U.S.)","VIR","Employment in agriculture, female (% of female employment) (modeled ILO estimate)","SL.AGR.EMPL.FE.ZS","","","","","","","","","","","","","","","","","","","","","","","","","","","","","","","","0.794578172470203","0.77466702908399","0.754194930382006","0.732552528841514","0.714088270524279","0.697288862882777","0.67511778133955","0.659937888198758","0.644657159601485","0.631271493852169","0.615204993488706","0.598748072212646","0.584768181185316","0.5690912324382","0.554640783430107","0.537725463629435","0.525575235888098","0.511698922956299","0.498345826877172","0.488036624341366","0.477492729087989","0.469568358316778","0.462624786949111","0.449236298292902","0.439613526570048","0.425300430245784","0.411053882725832","0.396825396825397","0.385491501664622","0.452461021094466","0.443210022455974","0.439472632840591","0.4303023440154","0.416595331849569","0.407811602527283",
"Viet Nam","VNM","Employment in agriculture, female (% of female employment) (modeled ILO estimate)","SL.AGR.EMPL.FE.ZS","","","","","","","","","","","","","","","","","","","","","","","","","","","","","","","","74.6893901226762","73.7443505041221","72.7770493251737","71.7095421665985","70.572914485366","69.4130804250053","65.1446480385006","64.6112091298165","64.5069519724546","65.3667272448975","63.9939397662908","62.1452235677629","60.6684285000356","58.9524858608621","55.8628631371409","52.7065296481594","51.4753256886645","50.8483707575824","50.0106348485236","51.1829002868241","50.938936556336","49.5100958909496","48.7857882838552","48.1318060396858","45.4624541841593","43.4981815324226","41.4871027577886","38.7798673159368","35.8866346513588","33.8197701746786","28.732682861946","34.6596779028206","26.3955423220025","25.2318684302234","24.4189150595926",
"Vanuatu","VUT","Employment in agriculture, female (% of female employment) (modeled ILO estimate)","SL.AGR.EMPL.FE.ZS","","","","","","","","","","","","","","","","","","","","","","","","","","","","","","","","63.0033814940055","62.8323917137476","62.8549013747758","62.3711529290928","62.3470404097894","62.1438169727458","61.8360238462054","61.6005445352003","61.4501302042481","61.0092438248219","61.1209679764986","61.3139093547667","60.9477168151118","60.6813306107679","60.2448533611463","59.6613259138444","59.4944262764662","59.0819891829799","58.657363664995","62.97403419886","61.2299865329942","59.5870206489675","57.8503176989863","55.9567997317943","53.937073020826","51.4084342691778","48.7648209968919","46.4641649072624","44.1073146718579","46.2032497698615","47.2859240265514","46.8849873407214","46.6273765793404","46.516973125884","46.3303367771367",
"World","WLD","Employment in agriculture, female (% of female employment) (modeled ILO estimate)","SL.AGR.EMPL.FE.ZS","","","","","","","","","","","","","","","","","","","","","","","","","","","","","","","","41.2947059927673","41.129945033422","40.2910679813927","39.6179046750789","38.8147808014439","38.1155695651668","37.7667239120665","38.0078108522483","38.2981756801965","38.4265882209027","38.1193037744277","38.0124846529489","37.6118142886035","36.5005315127969","35.5476619221759","34.3488781593056","33.4770216808049","32.8255990944981","32.1813296774457","31.5366484614201","30.6293958895163","29.6703799611173","28.7656051636831","27.8644457819819","27.2131186367212","26.6510340530263","26.0366895765297","25.3630848752644","25.0778110020098","26.0515414425775","26.2851756334748","26.8046141920089","26.6943334438698","26.3636271080727","26.1523829192015",
"Samoa","WSM","Employment in agriculture, female (% of female employment) (modeled ILO estimate)","SL.AGR.EMPL.FE.ZS","","","","","","","","","","","","","","","","","","","","","","","","","","","","","","","","33.9522546419098","33.9365394149727","33.2924435721295","34.0345277818076","32.6747940056859","31.5206929740135","31.7796812939656","31.3648732515396","31.098607667366","30.4584267518962","29.1905581039755","28.2949046399089","27.1539979329137","26.7583313912841","25.3275917951567","24.7116135851831","23.9916234180096","23.0609668109668","22.6485037963376","20.9425939050319","19.790796818002","19.976540647839","19.9421579532814","19.4170916124494","18.8218644967274","18.0102381482306","17.5294697682757","17.2803883850875","16.823087752229","17.5946765828359","18.0930817610063","17.9739932885906","17.1366256426235","16.0710618196755","15.4177565779351",
"Kosovo","XKX","Employment in agriculture, female (% of female employment) (modeled ILO estimate)","SL.AGR.EMPL.FE.ZS","","","","","","","","","","","","","","","","","","","","","","","","","","","","","","","","","","","","","","","","","","","","","","","","","","","","","","","","","","","","","","","","","","",
"Yemen, Rep.","YEM","Employment in agriculture, female (% of female employment) (modeled ILO estimate)","SL.AGR.EMPL.FE.ZS","","","","","","","","","","","","","","","","","","","","","","","","","","","","","","","","90.9382351253658","90.8144951398228","90.6591170195306","90.5142583857688","90.8136917372881","91.1651641932009","91.4137234498378","91.6279947435563","90.0571702798005","87.5877630995406","84.1741612230935","79.8404804883961","74.4259857709841","67.8538327441149","66.186218652908","64.2538489733516","62.3232304137481","60.2381495506182","57.843145061753","55.5069544652878","54.8587324362598","53.7797332542604","52.6901058758406","51.5345172359238","49.1636066911465","47.4073558389355","45.6487724474013","44.5323046697726","43.3241281870143","46.5903565807148","48.8072190497882","47.5752821337836","46.1652894272512","44.7920178665132","43.458530996221",
"South Africa","ZAF","Employment in agriculture, female (% of female employment) (modeled ILO estimate)","SL.AGR.EMPL.FE.ZS","","","","","","","","","","","","","","","","","","","","","","","","","","","","","","","","7.25498898150075","7.35096305467628","7.33523580148684","7.30754094619824","7.30343050232437","7.26329698458816","7.20006704441579","7.15844951940391","7.01695469492605","6.76967815632897","5.92666506907433","7.06077463090649","6.00594205886276","5.91120470022194","4.52366898758306","4.55886656243716","4.27010503505512","4.13241447061886","3.66105395738847","3.55039016966335","3.46430119043194","3.59019267069045","3.51742839453857","3.22134804573027","4.25438965058057","3.89831126803292","3.78931106562352","3.88696266564245","3.78946877569366","3.9636505244388","3.72415974344547","3.9769886008576","3.957878076636","3.80422223170767","3.79852325219423",
"Zambia","ZMB","Employment in agriculture, female (% of female employment) (modeled ILO estimate)","SL.AGR.EMPL.FE.ZS","","","","","","","","","","","","","","","","","","","","","","","","","","","","","","","","85.9189392211989","86.0607030291096","85.9745249359576","85.6852553791352","85.6443507606779","85.497370376991","85.385485419657","85.5600039058686","86.2939060516293","86.1979643128834","86.4705541848993","86.6948903904867","86.7645338069433","86.765178728611","86.7484367484367","86.5691749346248","86.3361325564914","86.0485766980337","83.0893767954677","79.6151239312789","75.9187432333227","71.3505149901189","70.7705763125536","69.8416112641154","68.6220866964333","68.3219658280184","68.0471198246834","67.0037236177824","62.6325736104415","64.4999015307493","62.7032149310049","59.6970484912739","59.5074876358117","58.8149373650828","57.9932853909867",
"Zimbabwe","ZWE","Employment in agriculture, female (% of female employment) (modeled ILO estimate)","SL.AGR.EMPL.FE.ZS","","","","","","","","","","","","","","","","","","","","","","","","","","","","","","","","54.1817001267686","55.2227428285213","55.514664299205","54.305313640943","54.155863688909","53.0854759374462","52.9019712796585","52.7092075068863","53.7689790224797","56.0797437851666","57.8736314684973","61.4451913571278","65.250802404456","67.8712300636355","68.6016402492398","70.1459552599889","70.8038679073162","72.8627899162541","70.9800584412574","68.5864207708224","68.4392679229027","67.9637770512018","68.7761776581971","69.1501833020852","68.7853318683731","68.4435614551833","67.8285417898764","67.0729887582676","66.8635219057605","64.1297918274327","60.1120928961487","60.1951893611718","62.1361341639763","62.0364592820105","61.1056627192771",
